time,temperature_2m,relative_humidity_2m,dew_point_2m,precipitation,pressure_msl,cloud_cover,visibility,wind_speed_10m,wind_direction_10m,wind_gusts_10m
2025-01-01T00:00,7.3,98,7,0,872.6,51,24140,3.5,246,6.8
2025-01-01T01:00,6.7,99,6.5,0,872.5,60,24140,5.2,286,9
2025-01-01T02:00,6.7,99,6.5,0,872.1,55,24140,2.9,277,9
2025-01-01T03:00,6.4,100,6.4,0,871.4,71,24140,4.1,255,6.8
2025-01-01T04:00,6.1,99,5.9,0,870.7,62,24140,4.3,246,9.4
2025-01-01T05:00,6.8,100,6.8,0,871.9,61,24140,1.5,256,7.2
2025-01-01T06:00,6,100,6,0,872,100,24140,5,291,7.6
2025-01-01T07:00,5.9,100,5.9,0,872.6,86,24140,3.7,299,10.4
2025-01-01T08:00,9.1,93,8,0,873.6,66,24140,2,225,6.5
2025-01-01T09:00,11.8,80,8.5,0,874.9,85,24140,4.7,90,11.5
2025-01-01T10:00,13.7,73,8.9,0,875.1,46,24140,5.5,101,14
2025-01-01T11:00,15.2,64,8.5,0,875.5,30,24140,4.9,126,14.8
2025-01-01T12:00,16.7,53,7,0,874.7,15,24140,4.9,126,14.8
2025-01-01T13:00,17.5,46,5.7,0,874.2,9,24140,4.9,107,12.2
2025-01-01T14:00,17.6,45,5.5,0,873.1,0,24140,6.5,109,13.3
2025-01-01T15:00,17.3,46,5.5,0,872.7,55,24140,6.8,122,13.3
2025-01-01T16:00,16.3,49,5.5,0,872.4,54,24140,5.5,148,13.3
2025-01-01T17:00,14.2,59,6.3,0,872.4,43,24140,4.3,204,10.1
2025-01-01T18:00,11.6,73,6.9,0,872.2,0,24140,5.9,256,10.1
2025-01-01T19:00,9.8,86,7.5,0,872.4,0,24140,6.8,273,11.5
2025-01-01T20:00,9.2,89,7.5,0,872.2,0,24140,6.2,263,12.6
2025-01-01T21:00,8.6,91,7.2,0,872.4,0,24140,5.9,284,12.2
2025-01-01T22:00,7.8,92,6.6,0,871.6,4,24140,5.9,281,10.1
2025-01-01T23:00,6.4,96,5.8,0,872.5,45,24140,4.8,243,9.7
2025-01-02T00:00,5.6,100,5.6,0,871.5,62,24140,3.3,264,9
2025-01-02T01:00,5.6,99,5.4,0,871.4,62,24140,5.4,262,10.8
2025-01-02T02:00,5.4,99,5.3,0,870.5,61,24140,3.3,229,9.7
2025-01-02T03:00,5.3,99,5.1,0,870,60,24140,2.9,270,9.4
2025-01-02T04:00,5.5,100,5.5,0,870.2,68,24140,4,260,7.9
2025-01-02T05:00,5.6,100,5.6,0,871.6,80,24140,2.6,286,9
2025-01-02T06:00,4.8,100,4.8,0,872.4,100,24140,4.5,256,7.9
2025-01-02T07:00,4.6,100,4.6,0,872.9,100,24140,3.1,324,11.2
2025-01-02T08:00,7.8,96,7.2,0,874.6,76,24140,1.8,53,6.8
2025-01-02T09:00,10.9,85,8.4,0,876.3,42,24140,3.3,103,9.4
2025-01-02T10:00,13.5,68,7.7,0,876.4,0,24140,4.2,110,11.5
2025-01-02T11:00,15,58,6.8,0,876.1,0,24140,5.4,132,14.4
2025-01-02T12:00,16.3,49,5.6,0,875.4,11,24140,4.6,129,15.1
2025-01-02T13:00,17,46,5.3,0,875,3,24140,5.1,98,13.3
2025-01-02T14:00,17.1,46,5.4,0,874.1,0,24140,6.5,93,13.7
2025-01-02T15:00,16.8,46,5.1,0,873.6,5,24140,5.1,98,13.3
2025-01-02T16:00,15.9,49,5.2,0,873,20,24140,3.9,112,10.1
2025-01-02T17:00,14.5,57,6.1,0,873,40,24140,2.3,219,7.2
2025-01-02T18:00,12.2,65,5.8,0,873.1,43,24140,5.2,258,8.6
2025-01-02T19:00,9.2,82,6.3,0,873.1,0,24140,6.8,270,11.9
2025-01-02T20:00,8.2,87,6.2,0,873.6,0,24140,6.9,276,13
2025-01-02T21:00,7.9,87,5.9,0,873.8,0,24140,6.8,270,12.2
2025-01-02T22:00,7.3,89,5.6,0,873.7,0,24140,5.4,278,11.9
2025-01-02T23:00,6.5,89,4.8,0,873.9,0,24140,5.7,288,10.4
2025-01-03T00:00,6.2,90,4.7,0,873.3,0,24140,4.2,250,9.4
2025-01-03T01:00,5.9,90,4.4,0,873.4,0,24140,2.9,270,10.8
2025-01-03T02:00,5.6,90,4.1,0,872.7,0,24140,1.4,270,10.8
2025-01-03T03:00,5.6,91,4.3,0,872.3,3,24140,3.9,248,5
2025-01-03T04:00,4.8,93,3.8,0,872,3,24140,2.7,247,7.6
2025-01-03T05:00,3.7,98,3.4,0,872.6,48,24140,2.6,304,6.5
2025-01-03T06:00,3.6,99,3.5,0,873,66,24140,5,249,9
2025-01-03T07:00,3.7,99,3.5,0,873.6,60,24140,3.1,306,9.7
2025-01-03T08:00,8.2,85,5.8,0,875.4,0,24140,1.5,256,7.2
2025-01-03T09:00,11.4,72,6.5,0,876.9,1,24140,1.9,68,7.9
2025-01-03T10:00,14.6,62,7.4,0,877.4,1,24140,2.5,82,9.7
2025-01-03T11:00,16.8,53,7.1,0,877.1,0,24140,2.6,106,12.2
2025-01-03T12:00,18.4,44,5.9,0,876.2,0,24140,4.5,119,12.6
2025-01-03T13:00,19.2,40,5.3,0,875.5,0,24140,3.7,101,12.2
2025-01-03T14:00,19.6,40,5.6,0,875,0,24140,3.1,69,11.2
2025-01-03T15:00,19.4,43,6.5,0,874.6,0,24140,2.8,40,8.3
2025-01-03T16:00,18.4,48,7.2,0,874.4,5,24140,1.8,11,6.1
2025-01-03T17:00,15.6,56,6.8,0,873.5,0,24140,4.5,284,5.8
2025-01-03T18:00,12,67,6,0,873.2,0,24140,7.3,261,12.6
2025-01-03T19:00,11,67,5.1,0,873.2,0,24140,8.6,268,15.5
2025-01-03T20:00,10.1,73,5.5,0,873.7,0,24140,6.8,273,14.8
2025-01-03T21:00,9.1,81,6,0,873.4,0,24140,6.3,283,11.9
2025-01-03T22:00,8.4,85,6,0,873.3,0,24140,6.2,280,11.5
2025-01-03T23:00,7.3,85,4.9,0,873.5,0,24140,4.7,238,10.8
2025-01-04T00:00,7.4,83,4.7,0,873,0,24140,3.9,236,9.7
2025-01-04T01:00,6.9,85,4.6,0,872.8,0,24140,3.3,257,7.6
2025-01-04T02:00,6.7,86,4.5,0,872.2,0,24140,4.2,250,8.6
2025-01-04T03:00,6.6,87,4.6,0,871.6,0,24140,4.1,255,10.8
2025-01-04T04:00,6,89,4.3,0,871.3,0,24140,4,270,11.2
2025-01-04T05:00,6.3,87,4.3,0,872.1,0,24140,2.5,315,9
2025-01-04T06:00,6.2,88,4.3,0,872.5,0,24140,6.6,229,11.5
2025-01-04T07:00,5.2,94,4.3,0,873.5,33,24140,3.8,343,11.2
2025-01-04T08:00,9.3,82,6.4,0,874.9,0,24140,3.3,276,9.4
2025-01-04T09:00,12.8,68,7.1,0,876.6,0,24140,2.7,67,9.7
2025-01-04T10:00,15,63,8,0,876.8,0,24140,4.7,99,13.3
2025-01-04T11:00,16.8,54,7.5,0,876.3,0,24140,4.5,119,14
2025-01-04T12:00,18.2,51,7.9,0,875.6,3,24140,5,120,13
2025-01-04T13:00,19,48,7.7,0,874.6,0,24140,5.2,115,13.7
2025-01-04T14:00,19.4,46,7.5,0,874.3,0,24140,4,117,13.3
2025-01-04T15:00,19.2,47,7.6,0,873.8,0,24140,3.4,108,11.5
2025-01-04T16:00,18.4,50,7.8,0,873.8,0,24140,2.4,117,7.9
2025-01-04T17:00,16.6,59,8.5,0,873.4,4,24140,2.9,240,4.3
2025-01-04T18:00,12.7,72,7.8,0,872.7,0,24140,5.7,252,10.1
2025-01-04T19:00,10.2,80,6.9,0,872.3,0,24140,7.2,264,13
2025-01-04T20:00,9.5,81,6.4,0,872.9,0,24140,6.2,280,13
2025-01-04T21:00,8.7,85,6.3,0,873.4,0,24140,6.1,273,11.2
2025-01-04T22:00,8.2,87,6.2,0,873.5,0,24140,4.7,274,11.2
2025-01-04T23:00,8.4,83,5.7,0,873.3,0,24140,4.7,247,8.3
2025-01-05T00:00,8.3,83,5.6,0,873,0,24140,0.8,243,7.9
2025-01-05T01:00,8.1,82,5.2,0,872.7,0,24140,3.3,257,8.3
2025-01-05T02:00,7.2,86,5,0,872.4,28,24140,2.5,270,5
2025-01-05T03:00,6.4,89,4.7,0,871.8,40,24140,4.4,261,8.3
2025-01-05T04:00,6.1,90,4.6,0,871.4,68,24140,3.1,234,8.3
2025-01-05T05:00,6.7,87,4.7,0,872.8,17,24140,4,260,7.2
2025-01-05T06:00,6.8,88,4.9,0,873.2,16,24140,0.8,207,7.2
2025-01-05T07:00,5.8,96,5.2,0,873.9,70,24140,4.7,351,7.6
2025-01-05T08:00,8.1,90,6.6,0,875.7,94,24140,0.7,180,7.2
2025-01-05T09:00,11.2,81,8,0,877.3,89,24140,2.2,90,7.6
2025-01-05T10:00,13.6,72,8.7,0,877.6,86,24140,4.3,90,11.5
2025-01-05T11:00,15.1,64,8.3,0,876.8,100,24140,4,117,13
2025-01-05T12:00,16.4,58,8.1,0,875.9,100,24140,5.2,124,13.3
2025-01-05T13:00,16.8,57,8.2,0,875.3,100,24140,5.7,108,14
2025-01-05T14:00,17,55,7.9,0,875,100,24140,4.4,125,13.7
2025-01-05T15:00,16.8,54,7.5,0,874.6,100,24140,5.4,98,11.2
2025-01-05T16:00,16.1,56,7.3,0,874.4,100,24140,2.9,97,10.1
2025-01-05T17:00,14.3,66,8,0,873.9,100,24140,2.9,120,8.3
2025-01-05T18:00,12.9,70,7.5,0,873.8,100,24140,4.1,225,7.6
2025-01-05T19:00,11.7,76,7.6,0,874,100,24140,4.4,261,7.9
2025-01-05T20:00,10.8,81,7.6,0,874.3,100,24140,3.8,253,8.3
2025-01-05T21:00,10.2,83,7.5,0,874.4,100,24140,3.6,233,6.8
2025-01-05T22:00,10.2,82,7.3,0,874.5,100,24140,5,270,10.1
2025-01-05T23:00,9.1,84,6.5,0,874.3,100,24140,5,291,10.1
2025-01-06T00:00,8.6,83,5.9,0,873.7,100,24140,4.8,283,8.6
2025-01-06T01:00,8.5,83,5.8,0,873.4,100,24140,2.9,300,8.6
2025-01-06T02:00,8.5,83,5.8,0,872.8,100,24140,2.5,262,5.4
2025-01-06T03:00,8.3,85,5.9,0,872,100,24140,4.8,257,8.3
2025-01-06T04:00,8.2,85,5.8,0,871.5,100,24140,5.6,297,9.7
2025-01-06T05:00,7.4,88,5.5,0,872.3,100,24140,4,243,9.4
2025-01-06T06:00,7.3,86,5.1,0,872.5,100,24140,2.9,263,7.6
2025-01-06T07:00,7.6,85,5.2,0,873.8,100,24140,3.6,323,6.1
2025-01-06T08:00,10.3,79,6.8,0,875.1,37,24140,1.1,18,6.1
2025-01-06T09:00,12.6,72,7.7,0,876.6,0,24140,4,95,10.8
2025-01-06T10:00,14.8,65,8.3,0,876.5,10,24140,3.4,122,11.5
2025-01-06T11:00,16.6,54,7.3,0,875.4,0,24140,2.7,113,10.8
2025-01-06T12:00,17.9,50,7.3,0,874.4,37,24140,3.3,131,11.9
2025-01-06T13:00,18.7,48,7.5,0,873.7,43,24140,3,104,11.9
2025-01-06T14:00,19,48,7.7,0,873.3,58,24140,4.3,90,10.4
2025-01-06T15:00,18.5,49,7.6,0,872.8,62,24140,4.5,76,10.1
2025-01-06T16:00,17.6,52,7.6,0,872.5,69,24140,4.1,75,9
2025-01-06T17:00,16.1,59,8.1,0,872.4,69,24140,1.6,207,7.2
2025-01-06T18:00,13.6,67,7.6,0,872.3,62,24140,4.6,252,7.6
2025-01-06T19:00,10.6,81,7.4,0,871.7,30,24140,6.8,273,11.5
2025-01-06T20:00,9.3,87,7.3,0,871.5,29,24140,6.8,273,11.9
2025-01-06T21:00,8.5,88,6.6,0,871.5,31,24140,6.5,273,11.5
2025-01-06T22:00,7.9,88,6.1,0,871.7,25,24140,6.1,267,10.8
2025-01-06T23:00,7.2,91,5.8,0,871.3,37,24140,5.1,262,10.4
2025-01-07T00:00,6.7,92,5.5,0,871,28,24140,5.6,255,9.7
2025-01-07T01:00,6.7,93,5.6,0,870.5,23,24140,5.5,281,10.1
2025-01-07T02:00,6.6,94,5.7,0,870.4,30,24140,3.6,264,9
2025-01-07T03:00,6.2,96,5.6,0,870.1,52,24140,4.2,250,7.2
2025-01-07T04:00,6.2,97,5.7,0,870.4,69,24140,4.4,261,7.9
2025-01-07T05:00,7,99,6.8,0,871.3,85,24140,4.8,283,7.9
2025-01-07T06:00,6.9,98,6.6,0,871.5,88,24140,3.7,259,8.3
2025-01-07T07:00,7.6,98,7.3,0,872,83,24140,3.5,246,7.2
2025-01-07T08:00,10.8,90,9.2,0,873,50,24140,2,225,6.8
2025-01-07T09:00,12.9,74,8.4,0,874.1,66,24140,2.6,106,6.8
2025-01-07T10:00,14.4,66,8.1,0,873.8,59,24140,3.2,117,10.4
2025-01-07T11:00,15.5,58,7.3,0.1,873.4,66,24140,1.6,153,10.8
2025-01-07T12:00,16.2,54,6.9,0.1,872.3,58,20240,1.9,68,13.3
2025-01-07T13:00,14.3,66,8.1,0.6,871,94,24140,6.5,354,17.3
2025-01-07T14:00,13.3,71,8.1,0.7,870.3,78,24140,3,256,15.8
2025-01-07T15:00,13.7,68,7.9,0.1,869.8,40,24140,2.5,278,12.2
2025-01-07T16:00,13.4,67,7.4,0,869.8,50,19520,1.8,37,9.4
2025-01-07T17:00,11.8,77,7.9,0,869.4,57,20200,2.2,81,6.5
2025-01-07T18:00,10.4,83,7.7,0,868.9,61,24140,2.1,329,5.8
2025-01-07T19:00,9.1,87,7,0,868.6,60,24140,4.2,301,7.9
2025-01-07T20:00,8,90,6.4,0,868.9,58,24140,5.1,278,9.4
2025-01-07T21:00,7.4,91,6,0,869.5,52,24140,5.8,270,9.7
2025-01-07T22:00,7,92,5.8,0,869.5,8,24140,6.2,260,10.8
2025-01-07T23:00,7.6,91,6.2,0,868.7,0,24140,6.5,251,11.2
2025-01-08T00:00,7.4,91,6,0,868.7,0,24140,5.9,259,10.8
2025-01-08T01:00,6.9,92,5.7,0,868.8,6,24140,5.1,274,10.4
2025-01-08T02:00,5.9,96,5.3,0,868.6,39,24140,5.1,262,9.4
2025-01-08T03:00,5.2,96,4.6,0,867.8,48,24140,5.1,266,9.7
2025-01-08T04:00,4.3,97,3.9,0,867.4,50,24140,3.9,292,8.6
2025-01-08T05:00,5,100,5,0,867.8,73,24140,3.2,243,8.3
2025-01-08T06:00,4.4,100,4.4,0,868.5,100,24140,4,270,6.5
2025-01-08T07:00,3.9,100,3.9,0,869.2,94,24140,5,291,10.1
2025-01-08T08:00,7.9,89,6.2,0,870.8,83,24140,2.6,236,9
2025-01-08T09:00,10.7,81,7.6,0,872.6,74,24140,4,117,9.7
2025-01-08T10:00,12.6,69,7.1,0,873.4,67,24140,5.4,110,13
2025-01-08T11:00,13.1,65,6.7,0,873.4,74,24140,4.8,117,13.7
2025-01-08T12:00,14.3,58,6.2,0,872.5,53,24140,6,115,14
2025-01-08T13:00,15.1,54,5.8,0,872.2,47,24140,5.8,112,14.4
2025-01-08T14:00,15.3,52,5.5,0,871.3,14,24140,5.5,113,13.7
2025-01-08T15:00,15.2,53,5.7,0,871.5,0,24140,6.3,114,12.2
2025-01-08T16:00,14.1,55,5.2,0,870.5,0,24140,6.8,122,13
2025-01-08T17:00,12.1,62,5,0,870,0,24140,5.3,152,12.2
2025-01-08T18:00,10.2,73,5.6,0,869.9,0,24140,5.1,172,10.4
2025-01-08T19:00,8.6,84,6,0,870.6,0,24140,3.2,207,9.4
2025-01-08T20:00,7.3,90,5.7,0,870.9,0,24140,3.4,212,6.5
2025-01-08T21:00,6.3,95,5.5,0,871.1,30,24140,3.1,216,7.2
2025-01-08T22:00,5.8,96,5.2,0,871.1,27,24140,2.5,262,7.2
2025-01-08T23:00,5.4,95,4.7,0,871.1,0,24140,2.5,278,6.5
2025-01-09T00:00,4.8,98,4.5,0,871,48,24140,2.4,243,6.1
2025-01-09T01:00,4,100,4,0,870.9,62,24140,3.4,238,6.1
2025-01-09T02:00,3.2,98,2.9,0,871,51,24140,2.6,236,7.6
2025-01-09T03:00,2.6,98,2.3,0,870.6,57,24140,3.3,229,6.5
2025-01-09T04:00,2.7,98,2.4,0,870.7,71,24140,3.4,238,6.8
2025-01-09T05:00,2.6,97,2.2,0,871.3,48,24140,2.2,261,7.6
2025-01-09T06:00,3,97,2.5,0,871.9,70,24140,3.6,270,5.8
2025-01-09T07:00,3.2,97,2.8,0,872.7,78,24140,3.8,253,6.5
2025-01-09T08:00,7,88,5.1,0,874.1,85,24140,2.1,211,7.9
2025-01-09T09:00,9.9,77,6.1,0,875.2,33,24140,2.7,113,9.4
2025-01-09T10:00,12,69,6.5,0,875.7,32,24140,4,100,12.2
2025-01-09T11:00,14.2,54,5,0,875,4,24140,3.9,124,13
2025-01-09T12:00,15.7,45,3.8,0,874.3,0,24140,4.4,125,13.3
2025-01-09T13:00,16.5,42,3.6,0,873.9,23,24140,4.2,121,13
2025-01-09T14:00,16.9,44,4.5,0,873.8,42,24140,4.1,135,11.9
2025-01-09T15:00,16.5,48,5.5,0,873.5,60,24140,4.3,156,10.1
2025-01-09T16:00,15.5,52,5.7,0,873.2,63,24140,4.8,167,9
2025-01-09T17:00,13.7,61,6.3,0,872.5,79,24140,4.1,195,8.6
2025-01-09T18:00,12,69,6.5,0,872.8,57,24140,3.2,207,8.6
2025-01-09T19:00,10.7,76,6.6,0,873,42,24140,1,225,7.2
2025-01-09T20:00,9.5,80,6.2,0,873.7,43,24140,1.5,256,3.2
2025-01-09T21:00,8.3,84,5.7,0,873.4,37,24140,2.6,254,4
2025-01-09T22:00,7,87,5,0,873.8,24,24140,3.4,252,6.1
2025-01-09T23:00,6.8,88,5,0,874,26,24140,0.7,360,7.6
2025-01-10T00:00,6,91,4.7,0,874.1,30,24140,2.6,236,5
2025-01-10T01:00,4.6,97,4.1,0,873.9,51,24140,4,243,6.5
2025-01-10T02:00,3.8,98,3.5,0,873.4,58,24140,4.8,257,8.3
2025-01-10T03:00,3.5,99,3.4,0,873.3,73,24140,3,256,7.6
2025-01-10T04:00,3.5,99,3.4,0,873.7,80,24140,3.4,252,6.5
2025-01-10T05:00,4.7,100,4.7,0,874.3,82,24140,3.5,246,8.6
2025-01-10T06:00,4.3,100,4.3,0,875,99,24140,2.5,270,6.5
2025-01-10T07:00,4.4,100,4.4,0,876,97,24140,2.6,286,6.1
2025-01-10T08:00,7.3,93,6.2,0,877.5,95,24140,2.2,180,5.8
2025-01-10T09:00,10,79,6.5,0,878.8,68,24140,1.5,76,6.1
2025-01-10T10:00,12.7,64,6,0,878.8,23,24140,3.8,107,10.8
2025-01-10T11:00,14.9,50,4.5,0,878.1,0,24140,3.4,122,12.6
2025-01-10T12:00,16.1,47,4.8,0,877.1,11,24140,3.9,124,12.2
2025-01-10T13:00,16.9,45,4.9,0,876.5,28,24140,3.4,108,11.5
2025-01-10T14:00,17.4,45,5.3,0,876.1,32,24140,3.3,103,10.1
2025-01-10T15:00,17.3,45,5.2,0,875.9,10,24140,3,104,9
2025-01-10T16:00,16.5,48,5.5,0,875.6,31,24140,2.3,108,7.2
2025-01-10T17:00,15.1,50,4.8,0,875,0,24140,2.9,270,4.3
2025-01-10T18:00,11.3,65,5,0,874.4,0,24140,5.9,259,10.8
2025-01-10T19:00,9.1,75,4.9,0,874.6,0,24140,7.2,270,13
2025-01-10T20:00,7.9,81,4.8,0,874.9,0,24140,6.1,267,12.6
2025-01-10T21:00,6.7,86,4.5,0,875.2,0,24140,5.1,266,10.4
2025-01-10T22:00,6.1,87,4.1,0,875.1,0,24140,4.3,265,9
2025-01-10T23:00,6.1,86,3.9,0,875.5,0,24140,3.6,307,7.2
2025-01-11T00:00,5.7,87,3.7,0,875.2,0,24140,4.1,255,7.2
2025-01-11T01:00,5.4,89,3.7,0,875,0,24140,3.8,287,7.6
2025-01-11T02:00,5.4,88,3.5,0,874.8,0,24140,4,243,6.5
2025-01-11T03:00,4.7,91,3.3,0,874.3,0,24140,3.9,248,6.5
2025-01-11T04:00,4.3,92,3.1,0,874.2,4,24140,4.8,243,9
2025-01-11T05:00,4.4,91,3.1,0,875,0,24140,2.7,337,8.6
2025-01-11T06:00,3.8,95,3.1,0,876,14,24140,3.1,315,4.3
2025-01-11T07:00,4.1,95,3.4,0,876.9,38,24140,2.9,263,7.9
2025-01-11T08:00,7.5,85,5.1,0,878.4,19,24140,0.5,225,4.7
2025-01-11T09:00,10.7,77,6.8,0,879.6,0,24140,2.2,99,6.8
2025-01-11T10:00,13.5,66,7.2,0,879.7,0,24140,4,100,11.2
2025-01-11T11:00,15.9,59,7.9,0,879,0,24140,4.1,105,13
2025-01-11T12:00,17.6,52,7.6,0,878.2,23,24140,5.2,115,14.8
2025-01-11T13:00,18.4,50,7.8,0,877.3,39,24140,5.9,104,15.5
2025-01-11T14:00,18.7,48,7.4,0,876.4,39,24140,6.4,106,15.1
2025-01-11T15:00,18.4,47,6.9,0,875.6,38,24140,6.3,121,14
2025-01-11T16:00,17.4,47,6,0,875.4,40,24140,6.6,139,12.6
2025-01-11T17:00,15.2,58,7,0,874.8,62,24140,5.1,176,12.2
2025-01-11T18:00,12.8,66,6.6,0,874.9,50,24140,5.8,202,10.4
2025-01-11T19:00,11.1,74,6.7,0,875.3,37,24140,4.3,228,10.4
2025-01-11T20:00,9.6,83,6.9,0,875.5,43,24140,4.2,239,7.9
2025-01-11T21:00,8.7,89,7,0,875.4,45,24140,3.8,229,7.6
2025-01-11T22:00,8.1,90,6.5,0,875.7,54,24140,4.5,241,7.6
2025-01-11T23:00,8.3,92,7,0,876,70,24140,3.6,276,7.6
2025-01-12T00:00,8.3,93,7.3,0,876.1,68,24140,3.6,323,6.1
2025-01-12T01:00,8.6,91,7.2,0,876.1,58,24140,3.9,304,6.5
2025-01-12T02:00,8.3,91,6.9,0,875.7,54,24140,3.3,283,6.5
2025-01-12T03:00,7.4,93,6.3,0,875.3,56,24140,3.5,246,6.1
2025-01-12T04:00,6.3,95,5.6,0,874.8,36,24140,3.5,246,6.1
2025-01-12T05:00,6.8,98,6.5,0,875.3,47,24140,2.3,219,6.1
2025-01-12T06:00,6.1,100,6.1,0,875.3,67,24140,3.2,297,6.5
2025-01-12T07:00,6.4,99,6.2,0,876.1,64,24140,4.6,309,9
2025-01-12T08:00,9.2,90,7.7,0,877.2,34,24140,2.3,288,8.6
2025-01-12T09:00,12.3,80,8.9,0,878.7,32,24140,3.2,90,11.2
2025-01-12T10:00,14.8,70,9.4,0,878.8,45,24140,4.2,110,13.3
2025-01-12T11:00,16.5,56,7.7,0,878.2,55,24140,5.5,122,14.4
2025-01-12T12:00,17.4,47,6,0,876.8,66,24140,6.3,121,14.8
2025-01-12T13:00,17.8,43,5,0,876,75,24140,7.9,120,16.2
2025-01-12T14:00,17.7,39,3.6,0,875.6,89,24140,10.5,128,19.8
2025-01-12T15:00,17.1,40,3.4,0,875.4,90,24140,5.8,150,20.5
2025-01-12T16:00,15.3,49,4.7,0,875.1,78,24140,10.3,295,19.1
2025-01-12T17:00,12.8,66,6.6,0,874.8,100,24140,9.3,306,19.8
2025-01-12T18:00,12,69,6.5,0,874.6,100,24140,7,305,16.6
2025-01-12T19:00,11.2,74,6.8,0,874.8,96,24140,5.4,290,12.2
2025-01-12T20:00,10.5,77,6.7,0,874.7,76,24140,5.9,284,11.5
2025-01-12T21:00,10,80,6.7,0,875,67,24140,2.5,278,10.4
2025-01-12T22:00,8.4,85,6,0,874.1,36,24140,6.2,280,11.5
2025-01-12T23:00,8.7,83,6,0,874.2,72,24140,3.5,294,11.5
2025-01-13T00:00,8,81,4.9,0,873.7,47,24140,5.6,310,9.4
2025-01-13T01:00,7.4,74,3,0,873.2,46,24140,7,305,12.2
2025-01-13T02:00,6.9,68,1.4,0,872.9,50,24140,7.6,278,13
2025-01-13T03:00,6.2,66,0.3,0,872.3,30,24140,7.2,273,13
2025-01-13T04:00,5.3,66,-0.5,0,872.2,0,24140,6.5,270,12.2
2025-01-13T05:00,5.1,66,-0.8,0,872.6,29,24140,3.7,259,11.2
2025-01-13T06:00,4.4,66,-1.4,0,872.8,0,24140,4.6,252,7.9
2025-01-13T07:00,4.4,68,-1,0,873.4,0,24140,4.8,257,8.3
2025-01-13T08:00,8.9,58,1.1,0,874.8,0,24140,3,256,8.3
2025-01-13T09:00,12.5,41,-0.4,0,876.4,0,24140,0.8,63,6.5
2025-01-13T10:00,15,43,2.5,0,876.2,0,24140,2.1,121,7.9
2025-01-13T11:00,16.5,37,1.7,0,875.5,0,24140,1.6,153,8.6
2025-01-13T12:00,17.6,33,1.1,0,874.3,0,24140,2.6,146,9.4
2025-01-13T13:00,17.8,31,0.5,0,873.7,28,24140,2.9,83,8.3
2025-01-13T14:00,17.6,33,1.1,0,872.7,67,24140,5,90,10.4
2025-01-13T15:00,17.4,33,0.9,0,872.6,63,24140,3.6,84,10.4
2025-01-13T16:00,16.4,41,3.1,0,872,65,24140,0.8,153,7.6
2025-01-13T17:00,13.7,50,3.4,0,870.9,0,24140,4.7,238,4.7
2025-01-13T18:00,11.7,62,4.6,0,871.6,18,24140,6.7,254,12.2
2025-01-13T19:00,10.5,70,5.2,0,872.1,30,24140,6.2,263,12.6
2025-01-13T20:00,9,77,5.2,0,872.7,24,24140,4.3,275,11.2
2025-01-13T21:00,7.2,84,4.6,0,872.3,0,24140,5.4,270,9.4
2025-01-13T22:00,6.2,86,4,0,872.2,0,24140,6.5,273,11.5
2025-01-13T23:00,5.2,87,3.2,0,872.4,0,24140,4.8,257,11.5
2025-01-14T00:00,4.9,87,2.9,0,872.1,0,24140,3.6,276,9
2025-01-14T01:00,4.9,85,2.6,0,872,0,24140,4,265,6.5
2025-01-14T02:00,4.6,85,2.3,0,871.7,0,24140,3.5,246,7.6
2025-01-14T03:00,4.1,86,2,0,871.8,0,24140,2.9,270,6.8
2025-01-14T04:00,4.2,85,1.9,0,872,0,24140,3.3,257,6.8
2025-01-14T05:00,4.4,84,1.9,0,873.6,0,24140,3.7,259,6.1
2025-01-14T06:00,3.8,89,2.2,0,873.7,6,24140,3,346,5.4
2025-01-14T07:00,4.1,89,2.5,0,874.6,33,24140,4.2,250,6.5
2025-01-14T08:00,7.8,80,4.6,0,875.8,15,24140,2.6,236,6.8
2025-01-14T09:00,11.4,67,5.5,0,877.7,0,24140,1.8,101,6.8
2025-01-14T10:00,13.9,63,6.9,0,878.2,0,24140,4.5,104,11.9
2025-01-14T11:00,15.5,55,6.5,0,877.9,31,24140,3.1,126,13
2025-01-14T12:00,16.8,47,5.4,0,877.1,25,24140,2.9,120,11.5
2025-01-14T13:00,17.4,44,5,0,875.9,35,24140,3.4,72,10.1
2025-01-14T14:00,17.6,43,4.9,0,875.5,54,24140,4.1,52,10.4
2025-01-14T15:00,17.2,45,5.2,0,874.9,45,24140,3.5,66,10.4
2025-01-14T16:00,16.5,48,5.4,0,875,34,24140,1.6,153,7.2
2025-01-14T17:00,13.6,59,5.8,0,874.8,30,24140,3.4,238,5
2025-01-14T18:00,10.7,72,5.8,0,874.4,23,24140,5.7,252,10.4
2025-01-14T19:00,8.6,84,6,0,874.7,0,24140,6.5,264,12.2
2025-01-14T20:00,7.3,90,5.7,0,875.1,0,24140,5.8,266,11.5
2025-01-14T21:00,6.5,91,5.2,0,875.2,0,24140,5.9,259,10.4
2025-01-14T22:00,6,92,4.8,0,875.2,0,24140,3.7,241,9.7
2025-01-14T23:00,6.2,93,5.1,0,875.2,19,24140,4.4,279,7.6
2025-01-15T00:00,5.5,94,4.6,0,875,7,24140,2.3,321,8.3
2025-01-15T01:00,5,95,4.2,0,874.7,36,24140,3.3,276,6.5
2025-01-15T02:00,5,97,4.5,0,875,67,24140,3.8,221,5.4
2025-01-15T03:00,4.1,99,4,0,874.3,87,24140,4.3,265,7.6
2025-01-15T04:00,4,99,3.8,0,874.6,92,24140,4,265,7.2
2025-01-15T05:00,5.2,100,5.2,0,875.5,88,24140,2.2,9,6.8
2025-01-15T06:00,5.1,100,5.1,0,875.8,99,24140,4.1,255,7.2
2025-01-15T07:00,5.5,99,5.4,0,876.5,92,24140,2.3,288,7.6
2025-01-15T08:00,8,94,7.1,0,877.7,74,24140,2.5,188,7.2
2025-01-15T09:00,11.3,79,7.8,0,879.2,75,24140,3.6,84,9.4
2025-01-15T10:00,13.4,68,7.6,0,879.5,84,24140,4.9,107,12.6
2025-01-15T11:00,14.5,66,8.2,0,878.5,96,24140,3.4,148,13.7
2025-01-15T12:00,16.3,57,7.7,0,878,69,24140,4.2,121,13
2025-01-15T13:00,17.2,54,7.8,0,877.1,93,24140,4,100,13.3
2025-01-15T14:00,17.5,53,7.8,0,876.5,94,24140,3.6,90,13
2025-01-15T15:00,17.4,54,8,0,876,53,24140,2.6,74,9.4
2025-01-15T16:00,16.6,57,8.1,0,875.7,81,24140,2.5,90,6.5
2025-01-15T17:00,14.9,63,7.9,0,875.9,51,24140,0.4,180,5
2025-01-15T18:00,12.4,71,7.3,0,875.8,22,24140,4.7,266,8.3
2025-01-15T19:00,9.3,87,7.3,0,875.8,97,24140,6.2,277,10.8
2025-01-15T20:00,8.3,90,6.7,0,875.7,99,24140,6.5,270,11.9
2025-01-15T21:00,7.6,91,6.2,0,875.6,100,24140,5.8,266,11.5
2025-01-15T22:00,7.4,91,6,0,875.3,100,24140,5.7,252,10.4
2025-01-15T23:00,6.2,96,5.6,0,874.6,99,24140,3.8,253,9.7
2025-01-16T00:00,5.8,97,5.3,0,874.7,95,24140,3.7,281,6.8
2025-01-16T01:00,5.4,98,5.1,0,874.1,97,24140,4.6,309,7.6
2025-01-16T02:00,5.4,98,5.1,0,874.2,100,24140,4.1,255,7.6
2025-01-16T03:00,5,99,4.8,0,873.8,100,24140,3.9,236,8.3
2025-01-16T04:00,4.9,99,4.8,0,873.9,100,24140,4.7,279,9.4
2025-01-16T05:00,5.5,99,5.3,0,874.2,100,24140,1.5,315,7.6
2025-01-16T06:00,5.9,99,5.8,0,875,100,24140,4.7,328,7.9
2025-01-16T07:00,5.9,100,5.9,0,876.1,100,24140,1.8,307,9.7
2025-01-16T08:00,7.7,96,7.1,0,877,100,24140,1.1,342,4
2025-01-16T09:00,10.5,86,8.3,0,878.4,100,24140,2.5,98,6.8
2025-01-16T10:00,12.7,76,8.6,0,879,97,24140,4,85,10.8
2025-01-16T11:00,14.6,66,8.3,0,878.3,63,24140,4.2,110,11.9
2025-01-16T12:00,16.2,55,7.2,0,877.7,56,24140,4.7,113,12.6
2025-01-16T13:00,17.1,52,7.2,0,876.8,40,24140,5,111,13.7
2025-01-16T14:00,17.6,50,7,0,876.4,49,24140,5.1,98,13.7
2025-01-16T15:00,17.5,50,6.9,0,875.7,91,24140,4.5,104,12.6
2025-01-16T16:00,16.7,52,6.8,0,875.7,75,24140,3.5,114,9.4
2025-01-16T17:00,15.7,58,7.5,0,876.2,57,24140,1,225,6.8
2025-01-16T18:00,13.1,66,6.9,0,876.1,40,24140,5.5,259,9
2025-01-16T19:00,10.8,70,5.5,0,876.1,78,24140,9.4,274,16.6
2025-01-16T20:00,10.2,66,4.1,0,876.4,83,24140,7.9,286,16.6
2025-01-16T21:00,9,70,3.8,0,876.2,100,24140,8,278,14
2025-01-16T22:00,8.5,70,3.4,0,876.3,100,24140,8.4,277,14.8
2025-01-16T23:00,7.3,78,3.7,0,875.6,79,24140,7.3,281,14.4
2025-01-17T00:00,6.6,78,3.1,0,875.4,99,24140,7.4,284,14.4
2025-01-17T01:00,6.5,75,2.4,0,874.9,100,24140,7.1,285,15.8
2025-01-17T02:00,6.2,69,0.9,0,874.4,100,24140,6.3,283,16.6
2025-01-17T03:00,5.1,73,0.6,0,873.5,82,24140,7.2,273,15.8
2025-01-17T04:00,4.8,78,1.3,0,873.3,31,24140,6.9,276,16.2
2025-01-17T05:00,4.6,75,0.5,0,873.9,0,24140,6.2,291,15.5
2025-01-17T06:00,3.9,74,-0.3,0,874,22,24140,6.3,294,14.4
2025-01-17T07:00,4.5,71,-0.3,0,874.4,100,24140,6.8,270,15.5
2025-01-17T08:00,9.3,64,2.8,0,875.4,100,24140,3.3,311,15.1
2025-01-17T09:00,12.9,47,1.9,0,877,100,24140,4.9,54,13.7
2025-01-17T10:00,14.9,41,1.8,0,877.3,100,24140,2.3,39,13.7
2025-01-17T11:00,16.7,42,3.7,0,876.6,100,24140,3.1,69,14.4
2025-01-17T12:00,18.4,41,4.9,0,876.1,100,24140,3.4,58,13
2025-01-17T13:00,19.3,41,5.7,0,875.1,80,24140,4.9,36,14
2025-01-17T14:00,19.7,41,6,0,874.6,74,24140,5.9,14,14
2025-01-17T15:00,19.3,40,5.4,0,874.1,11,24140,6.1,357,13.7
2025-01-17T16:00,17.8,41,4.3,0,873.7,18,24140,5.2,344,13
2025-01-17T17:00,14.7,50,4.4,0,872.9,82,24140,4.7,302,10.8
2025-01-17T18:00,11.2,62,4.2,0,872.6,100,24140,6.9,279,11.5
2025-01-17T19:00,9.9,72,5.1,0,873.2,100,24140,8,278,13.7
2025-01-17T20:00,9.1,79,5.7,0,873.6,100,24140,7.3,279,13.7
2025-01-17T21:00,8,84,5.4,0,873.8,0,24140,6.6,279,12.6
2025-01-17T22:00,7,88,5.1,0,873.6,0,24140,6.8,273,11.5
2025-01-17T23:00,6.4,88,4.6,0,873.4,0,24140,7.3,261,12.2
2025-01-18T00:00,6.6,86,4.4,0,873.2,0,24140,6.5,276,13.3
2025-01-18T01:00,6.1,86,4,0,872.6,0,24140,7.6,273,13
2025-01-18T02:00,6,82,3.2,0,872.4,0,24140,7.2,276,13
2025-01-18T03:00,5.8,77,2,0,872,0,24140,7.3,279,13
2025-01-18T04:00,4.9,82,2.1,0,871.9,0,24140,6.8,273,12.6
2025-01-18T05:00,5.3,81,2.3,0,872.7,0,24140,5.9,284,11.9
2025-01-18T06:00,4.2,85,1.9,0,872.7,0,24140,6.5,267,11.2
2025-01-18T07:00,4.3,83,1.6,0,873,0,24140,7.6,275,13
2025-01-18T08:00,9.1,69,3.7,0,874.4,0,24140,3.3,347,13
2025-01-18T09:00,11.9,59,4.1,0,876,0,24140,4.2,70,11.2
2025-01-18T10:00,13.8,57,5.4,0,876.3,0,24140,2.7,67,11.2
2025-01-18T11:00,16.3,50,5.8,0,876.2,0,24140,2.7,67,13
2025-01-18T12:00,17.8,45,5.7,0,875.6,0,24140,3.3,77,14
2025-01-18T13:00,18.8,41,5.2,0,874.8,0,24140,3.3,49,14
2025-01-18T14:00,19.3,39,5,0,874.2,0,24140,3.2,27,13
2025-01-18T15:00,19.2,37,4.1,0,873.7,0,24140,2.5,8,11.2
2025-01-18T16:00,17.8,40,4,0,873.1,0,24140,3.5,24,7.9
2025-01-18T17:00,14.4,46,2.9,0,872,0,24140,3.9,326,7.6
2025-01-18T18:00,10.4,61,3.2,0,871.3,0,24140,6.6,292,12.2
2025-01-18T19:00,8.9,76,4.9,0,871.4,0,24140,7.6,273,14.8
2025-01-18T20:00,7.9,85,5.6,0,871.9,0,24140,6.8,267,14.4
2025-01-18T21:00,7.2,85,4.8,0,872,0,24140,6.5,267,13.3
2025-01-18T22:00,6.7,83,4,0,872.1,0,24140,4.7,261,12.6
2025-01-18T23:00,6,89,4.3,0,872.2,0,24140,7,249,11.2
2025-01-19T00:00,6.4,87,4.4,0,871.9,0,24140,5.4,262,13.3
2025-01-19T01:00,5.7,90,4.2,0,871.6,0,24140,6.1,267,11.2
2025-01-19T02:00,5.5,92,4.3,0,871.3,0,24140,6.1,270,11.9
2025-01-19T03:00,5.6,92,4.4,0,871.2,12,24140,6.2,263,11.9
2025-01-19T04:00,5.7,92,4.5,0,871.1,7,24140,5.8,263,11.9
2025-01-19T05:00,4.9,93,3.8,0,871,26,24140,6.3,257,12.2
2025-01-19T06:00,5.1,88,3.3,0,871.3,0,24140,5.1,262,13.3
2025-01-19T07:00,5.6,83,3,0,871.8,0,24140,4.3,246,11.5
2025-01-19T08:00,9.6,77,5.8,0,872.8,0,24140,1.8,233,9.7
2025-01-19T09:00,13.5,59,5.7,0,875,0,24140,3.1,69,11.5
2025-01-19T10:00,15.7,53,6.2,0,875.2,0,24140,2.2,81,13
2025-01-19T11:00,18.3,44,5.9,0,874.7,0,24140,2.1,59,13.3
2025-01-19T12:00,20.4,40,6.3,0,873.9,0,24140,2.8,50,16.6
2025-01-19T13:00,21.7,37,6.4,0,873.3,0,24140,5.5,23,18.4
2025-01-19T14:00,22.4,33,5.3,0,872.8,0,24140,3.9,22,18
2025-01-19T15:00,22.2,31,4.3,0,872.3,0,24140,1.6,27,13.7
2025-01-19T16:00,21,34,4.6,0,872,0,24140,2.1,59,8.6
2025-01-19T17:00,17.5,45,5.5,0,871,0,24140,2.6,344,7.9
2025-01-19T18:00,14.4,59,6.5,0,870.8,0,24140,3.3,283,7.6
2025-01-19T19:00,10.8,78,7.1,0,870.1,0,24140,4.3,270,9.7
2025-01-19T20:00,8.5,90,6.9,0,869.6,0,24140,4.3,265,9.7
2025-01-19T21:00,7.4,92,6.2,0,869.7,0,24140,4.7,266,10.1
2025-01-19T22:00,7,92,5.8,0,869.6,0,24140,5.1,266,10.4
2025-01-19T23:00,6.9,93,5.9,0,869.2,21,24140,6.1,273,11.9
2025-01-20T00:00,6.5,96,5.9,0,868.9,45,24140,5.8,277,13.3
2025-01-20T01:00,6.4,96,5.8,0,868.8,49,24140,6.1,270,13.3
2025-01-20T02:00,6.4,96,5.8,0,868.9,48,24140,5.1,266,13
2025-01-20T03:00,5.5,100,5.5,0,868.2,76,24140,3.6,270,11.5
2025-01-20T04:00,5.6,93,4.6,0,868,71,24140,3.1,291,12.2
2025-01-20T05:00,6.3,86,4.1,0,868.2,0,24140,3.5,294,9.7
2025-01-20T06:00,5.6,91,4.2,0,868.8,0,24140,3.6,233,9.4
2025-01-20T07:00,5.8,88,4,0,869.8,0,24140,3.9,236,10.8
2025-01-20T08:00,9.9,81,6.8,0,871,0,24140,1.1,252,10.8
2025-01-20T09:00,13.2,69,7.7,0,873.1,0,24140,2.9,90,11.9
2025-01-20T10:00,15.4,63,8.4,0,873.4,0,24140,4,95,15.1
2025-01-20T11:00,17.3,59,9.2,0,872.5,0,24140,2.7,113,15.5
2025-01-20T12:00,19.5,53,9.6,0,872.1,0,24140,4.1,105,16.6
2025-01-20T13:00,20.9,51,10.4,0,871.5,0,24140,3.6,90,16.2
2025-01-20T14:00,21.7,50,10.8,0,871.2,0,24140,3.4,108,14.4
2025-01-20T15:00,21.7,50,10.8,0,870.8,0,24140,3.3,131,13
2025-01-20T16:00,20.6,53,10.7,0,870.7,0,24140,4.2,110,10.8
2025-01-20T17:00,17.7,58,9.4,0,870,0,24140,2.1,31,10.4
2025-01-20T18:00,15.4,63,8.4,0,870,0,24140,3.4,288,6.5
2025-01-20T19:00,11.7,77,7.8,0,869.2,0,24140,4.9,287,10.4
2025-01-20T20:00,9.4,88,7.5,0,868.7,0,24140,5.4,262,12.6
2025-01-20T21:00,8.7,89,7,0,868.8,0,24140,6.3,257,14.4
2025-01-20T22:00,8.6,85,6.2,0,869.2,0,24140,5.4,250,14.8
2025-01-20T23:00,8.4,80,5.1,0,868.7,0,24140,4.3,270,13.3
2025-01-21T00:00,7.6,83,4.9,0,868.1,0,24140,4.4,261,11.2
2025-01-21T01:00,7.2,81,4.2,0,867.9,0,24140,5.3,242,13.7
2025-01-21T02:00,6.7,79,3.3,0,867.7,0,24140,4.1,225,13.3
2025-01-21T03:00,6,76,2.1,0,867.5,0,24140,4.1,225,11.2
2025-01-21T04:00,5.8,73,1.3,0,867.2,0,24140,3.8,229,10.8
2025-01-21T05:00,7.3,60,0.1,0,867.7,0,24140,4,260,9.7
2025-01-21T06:00,7.5,58,-0.2,0,867.7,0,24140,4.1,225,10.1
2025-01-21T07:00,7.9,59,0.4,0,868.7,0,24140,2.9,240,9.4
2025-01-21T08:00,11.3,57,3.1,0,870.3,0,24140,1,315,7.2
2025-01-21T09:00,15.6,40,2.1,0,872.2,0,24140,2.4,63,10.8
2025-01-21T10:00,18,38,3.4,0,873,0,24140,3.2,90,14.4
2025-01-21T11:00,20.4,34,4,0,872,0,24140,1.5,104,15.8
2025-01-21T12:00,22.4,34,5.8,0,871.8,0,24140,3.5,66,16.2
2025-01-21T13:00,23.6,33,6.4,0,871.2,0,24140,6.4,16,17.6
2025-01-21T14:00,24.2,27,4,0,871,0,24140,5,360,19.8
2025-01-21T15:00,23.9,23,1.5,0,870.6,0,24140,3.7,331,16.2
2025-01-21T16:00,22.4,24,0.8,0,870.3,0,24140,2.4,333,10.4
2025-01-21T17:00,18,41,4.6,0,868.8,0,24140,3.3,354,7.9
2025-01-21T18:00,15.1,55,6.1,0,869.5,0,24140,3.6,315,7.9
2025-01-21T19:00,11.5,70,6.2,0,869.1,0,24140,4.4,305,9.4
2025-01-21T20:00,9.1,80,5.9,0,869.3,0,24140,5,270,10.1
2025-01-21T21:00,7.6,86,5.4,0,869.1,0,24140,5.4,274,11.2
2025-01-21T22:00,7.3,83,4.6,0,869.1,0,24140,6,253,13
2025-01-21T23:00,8,74,3.6,0,869.2,0,24140,5.4,278,12.6
2025-01-22T00:00,6.6,82,3.8,0,868.6,0,24140,5.4,278,13.3
2025-01-22T01:00,6.8,79,3.4,0,868.6,0,24140,5.5,247,14.8
2025-01-22T02:00,7,75,2.9,0,868.4,0,24140,4.9,234,14
2025-01-22T03:00,7.1,67,1.4,0,868.3,0,24140,5,240,13.3
2025-01-22T04:00,7.3,59,-0.2,0,868,0,24140,3.9,248,13
2025-01-22T05:00,7.5,60,0.2,0,868.2,0,24140,4.5,241,9.4
2025-01-22T06:00,7.5,55,-0.9,0,868.9,0,24140,2.7,293,10.8
2025-01-22T07:00,9.1,49,-1,0,870.5,0,24140,3.5,246,9.7
2025-01-22T08:00,12.8,43,0.5,0,872.1,0,24140,4.4,279,13
2025-01-22T09:00,18.1,29,-0.3,0,874.5,0,24140,2.6,34,12.6
2025-01-22T10:00,20.9,25,0.1,0,874.4,0,24140,1.1,72,12.2
2025-01-22T11:00,22.6,24,1,0,873.8,0,24140,1.1,72,11.5
2025-01-22T12:00,24.6,22,1.5,0,873,0,24140,2.6,16,12.6
2025-01-22T13:00,25.7,19,0.3,0,872.8,0,24140,5.5,349,14
2025-01-22T14:00,25.6,17,-1.3,0,872,0,24140,6.4,313,13.3
2025-01-22T15:00,24.5,17,-2.1,0,871.6,0,24140,6.9,298,13.7
2025-01-22T16:00,22.6,21,-0.8,0,871.4,0,24140,4.8,318,14.4
2025-01-22T17:00,18,38,3.5,0,870.1,0,24140,5.7,325,11.2
2025-01-22T18:00,14.4,57,6,0,870.5,0,24140,5.9,322,12.6
2025-01-22T19:00,12,71,6.9,0,870.7,0,24140,7,291,14
2025-01-22T20:00,10.4,73,5.7,0,870.6,0,24140,7.4,284,14.4
2025-01-22T21:00,9.4,69,4,0,870.5,0,24140,8.3,272,15.8
2025-01-22T22:00,9.1,67,3.3,0,870.6,0,24140,8.7,275,16.2
2025-01-22T23:00,8.1,73,3.6,0,870.1,0,24140,7.6,273,16.6
2025-01-23T00:00,7.9,76,3.9,0,870.1,0,24140,7.2,276,15.5
2025-01-23T01:00,8.1,73,3.6,0,870,0,24140,6.5,270,14.8
2025-01-23T02:00,7.9,70,2.7,0,869.5,0,24140,5.2,254,13.7
2025-01-23T03:00,7.4,70,2.3,0,868.9,0,24140,6,237,12.2
2025-01-23T04:00,7,68,1.5,0,868.7,0,24140,6.1,242,12.2
2025-01-23T05:00,6.7,73,2.2,0,869.2,0,24140,6.4,254,11.9
2025-01-23T06:00,6.7,72,2,0,869.7,0,24140,5.5,259,12.2
2025-01-23T07:00,7.4,69,2.1,0,870.6,0,24140,5.4,250,11.2
2025-01-23T08:00,12.7,54,3.6,0,872.5,0,24140,4.2,250,10.8
2025-01-23T09:00,17.2,33,0.8,0,874.3,0,24140,0,270,9
2025-01-23T10:00,19.9,28,0.8,0,874.3,0,24140,1.3,34,7.9
2025-01-23T11:00,21.2,29,2.5,0,873.5,0,24140,1.8,79,12.6
2025-01-23T12:00,23.3,25,2.1,0,873.2,0,24140,1.8,37,11.2
2025-01-23T13:00,24.1,23,1.6,0,872.5,0,24140,3.7,349,13
2025-01-23T14:00,24,23,1.6,0,871.7,0,24140,2.9,300,9.7
2025-01-23T15:00,23,25,1.9,0,871,0,24140,4.3,265,9
2025-01-23T16:00,21.2,29,2.5,0,870.8,0,24140,4.1,285,11.2
2025-01-23T17:00,16.4,45,4.4,0,869.1,0,24140,5,330,10.4
2025-01-23T18:00,12.8,64,6.2,0,869.5,0,24140,6.4,322,14
2025-01-23T19:00,11.1,73,6.5,0,869.6,0,24140,8.2,293,18
2025-01-23T20:00,10.1,73,5.5,0,869.9,0,24140,8.1,291,18.4
2025-01-23T21:00,9.2,71,4.2,0,869.7,0,24140,8.8,279,18.7
2025-01-23T22:00,9.1,64,2.6,0,869.8,0,24140,9.2,281,19.4
2025-01-23T23:00,8.5,62,1.7,0,869.9,0,24140,9,286,19.4
2025-01-24T00:00,8.4,58,0.6,0,869.7,0,24140,8.6,303,20.2
2025-01-24T01:00,7.8,67,2.1,0,869.3,0,24140,8.4,295,18.7
2025-01-24T02:00,7.8,68,2.3,0,868.8,0,24140,8.3,288,18
2025-01-24T03:00,7,67,1.3,0,867.8,0,24140,7.5,287,16.6
2025-01-24T04:00,6,69,0.7,0,867.5,0,24140,7.6,278,15.8
2025-01-24T05:00,5.9,73,1.4,0,868.1,0,24140,6.8,295,15.1
2025-01-24T06:00,5,80,1.9,0,868.6,0,24140,6.6,299,15.1
2025-01-24T07:00,5.8,78,2.2,0,869.2,0,24140,7.2,273,14
2025-01-24T08:00,11.6,63,4.8,0,870.9,0,24140,2.9,277,14.8
2025-01-24T09:00,15.1,45,3.3,0,872.5,0,24140,3.6,53,11.5
2025-01-24T10:00,17.2,40,3.4,0,872.8,0,24140,1.6,63,11.5
2025-01-24T11:00,19.2,35,3.4,0,871.9,0,24140,1,225,9.7
2025-01-24T12:00,20.7,29,2,0,871.5,0,24140,4,280,10.8
2025-01-24T13:00,20.6,30,2.4,0,870.6,4,24140,10.5,292,19.8
2025-01-24T14:00,19.7,33,3,0,869.9,0,24140,14,288,26.3
2025-01-24T15:00,18.6,37,3.6,0,869.2,0,24140,12.6,283,25.2
2025-01-24T16:00,17.2,42,4.1,0,868.9,0,24140,10.5,276,22.3
2025-01-24T17:00,15.1,53,5.6,0,868.7,0,24140,5.8,240,18.7
2025-01-24T18:00,12.7,64,6,0,869.2,0,24140,5.4,270,13.7
2025-01-24T19:00,10.4,77,6.6,0,869.1,0,24140,4.5,284,11.2
2025-01-24T20:00,8.7,87,6.6,0,869,4,24140,3.3,283,9
2025-01-24T21:00,7.3,93,6.3,0,868.9,7,24140,3.6,276,8.3
2025-01-24T22:00,6.3,95,5.5,0,868.9,40,24140,4,270,9
2025-01-24T23:00,5.8,95,5,0,869.1,41,24140,4.3,228,10.4
2025-01-25T00:00,5.2,95,4.5,0,868.5,44,24140,5,270,9.7
2025-01-25T01:00,5,96,4.4,0,868.6,45,24140,4,260,9.7
2025-01-25T02:00,4.6,96,4,0,868.2,50,24140,4,265,9.4
2025-01-25T03:00,4.1,97,3.6,0,867.5,52,24140,4.5,284,9.7
2025-01-25T04:00,4.3,94,3.4,0,867.8,47,24140,4.3,270,9.7
2025-01-25T05:00,4.3,94,3.4,0,868.3,63,24140,4,243,9
2025-01-25T06:00,4.1,94,3.2,0,869.4,71,24140,2.1,301,7.9
2025-01-25T07:00,5.2,92,4,0,870.1,82,24140,3.8,221,7.9
2025-01-25T08:00,9.1,83,6.3,0,871.6,76,24140,2.1,149,7.6
2025-01-25T09:00,11.3,78,7.6,0,872.4,43,24140,3.6,90,10.4
2025-01-25T10:00,13.1,69,7.6,0,872.7,43,24140,4.1,105,13.3
2025-01-25T11:00,15.1,63,8.1,0,872.5,49,24140,4.2,121,14.4
2025-01-25T12:00,17,51,6.8,0,872.3,73,24140,3.1,126,14.8
2025-01-25T13:00,18,47,6.5,0,871.9,48,24140,4.1,128,12.6
2025-01-25T14:00,18.2,45,6,0,871.2,58,24140,3.4,148,11.2
2025-01-25T15:00,17.9,46,6.1,0,870.8,82,24140,3.2,153,9
2025-01-25T16:00,16.9,50,6.4,0,870.3,70,24140,4.8,167,9
2025-01-25T17:00,15.1,58,6.9,0,869.4,61,24140,4.4,171,9.7
2025-01-25T18:00,13.2,69,7.6,0,870.1,68,24140,2.6,164,8.6
2025-01-25T19:00,11.8,76,7.7,0,870.3,93,24140,1.8,143,5.8
2025-01-25T20:00,11,81,7.8,0,870.6,90,24140,1.5,135,3.2
2025-01-25T21:00,10.4,85,8,0,870.4,82,24140,1.9,112,3.6
2025-01-25T22:00,10.2,87,8.1,0,870.5,83,24140,1.8,90,5
2025-01-25T23:00,9.5,93,8.4,0,870.7,100,24140,3.9,112,5.4
2025-01-26T00:00,9.6,94,8.7,0,871,100,24140,2.7,113,6.5
2025-01-26T01:00,9.6,95,8.8,0,871,100,24140,3.1,135,5.4
2025-01-26T02:00,9.4,96,8.8,0,870.6,100,24140,3.3,139,6.1
2025-01-26T03:00,9.3,96,8.7,0,870.2,100,24140,3.6,186,6.1
2025-01-26T04:00,9,95,8.3,0,869.8,96,24140,4,207,6.8
2025-01-26T05:00,8.5,94,7.6,0,870.3,100,24140,4.5,166,6.5
2025-01-26T06:00,8.5,93,7.4,0,871.2,100,24140,2.9,187,8.6
2025-01-26T07:00,8.8,91,7.4,0,872.3,100,24140,4.1,165,7.2
2025-01-26T08:00,9.9,87,7.9,0,873.6,98,24140,4.6,141,10.8
2025-01-26T09:00,10.8,84,8.2,0,874.3,91,24140,5.2,115,11.9
2025-01-26T10:00,12,77,8.1,0,874.6,83,24140,4.6,108,12.6
2025-01-26T11:00,13.2,70,7.8,0,874.3,100,24140,4.2,121,11.5
2025-01-26T12:00,14.5,62,7.3,0,873.9,81,24140,3.3,84,10.8
2025-01-26T13:00,15.5,57,7,0,873.1,46,24140,5.6,75,12.6
2025-01-26T14:00,16.1,53,6.5,0,872.4,18,24140,6,73,13.7
2025-01-26T15:00,16.1,51,5.9,0,871.7,10,24140,5.8,90,13
2025-01-26T16:00,15.5,52,5.7,0,871,31,24140,5.1,98,11.2
2025-01-26T17:00,14.5,58,6.3,0,870.4,78,24140,5.1,141,9
2025-01-26T18:00,13.2,64,6.6,0,870.6,75,24140,4.8,207,8.3
2025-01-26T19:00,11.9,73,7.2,0,870.6,75,24140,5.3,242,9.4
2025-01-26T20:00,10.9,80,7.6,0,870.7,80,24140,5.9,256,10.8
2025-01-26T21:00,10.4,84,7.8,0,870.8,59,24140,6.6,248,12.2
2025-01-26T22:00,9.9,87,7.8,0,870.7,59,24140,5.9,259,12.2
2025-01-26T23:00,9.6,88,7.7,0,870.4,81,24140,3.1,249,10.8
2025-01-27T00:00,8.8,90,7.3,0,870.1,78,24140,4.3,275,9
2025-01-27T01:00,8.2,91,6.8,0,869.8,63,24140,5.2,254,10.1
2025-01-27T02:00,7.7,92,6.5,0,869.3,39,24140,5,249,10.1
2025-01-27T03:00,7,92,5.8,0,868.4,21,24140,4.5,241,9.4
2025-01-27T04:00,6.4,92,5.2,0,868,9,24140,4.2,239,8.6
2025-01-27T05:00,6.6,94,5.7,0,868.1,74,24140,3.3,229,8.6
2025-01-27T06:00,6.4,92,5.2,0,869,54,24140,4,260,7.6
2025-01-27T07:00,7,90,5.5,0,869.9,43,24140,5.2,258,9.4
2025-01-27T08:00,11.2,75,7,0,871.1,30,24140,1.9,248,9.4
2025-01-27T09:00,14,63,7.1,0,872.4,5,24140,2.7,113,10.1
2025-01-27T10:00,16.6,54,7.2,0,872.9,0,24140,4.8,117,14
2025-01-27T11:00,18.5,43,5.7,0,872.9,0,24140,5.4,132,14
2025-01-27T12:00,19.9,35,4,0,872.3,0,24140,4.2,121,14
2025-01-27T13:00,20.4,31,2.7,0,871.3,92,24140,4.8,103,12.6
2025-01-27T14:00,20.3,32,3.1,0,870.2,98,24140,5.2,124,12.2
2025-01-27T15:00,19.7,37,4.6,0,869.2,63,24140,7.6,161,14
2025-01-27T16:00,18.5,42,5.3,0,868.9,62,24140,7.6,180,15.8
2025-01-27T17:00,16.4,54,7.1,0,868.3,81,24140,8.6,195,14
2025-01-27T18:00,14.6,64,7.9,0,868.9,79,24140,5.4,200,14.4
2025-01-27T19:00,13.4,72,8.5,0,869.1,85,24140,4.3,180,10.4
2025-01-27T20:00,12.3,80,8.9,0.1,869.4,79,24140,3.8,163,7.9
2025-01-27T21:00,11.5,85,9.1,0.1,869.4,85,24140,2.9,180,6.8
2025-01-27T22:00,11.2,88,9.3,0,869.4,97,24140,1.5,225,4.7
2025-01-27T23:00,10.3,87,8.2,0,869.6,90,24140,1.3,214,2.2
2025-01-28T00:00,10.1,88,8.2,0.1,869.4,85,24140,1.5,284,2.5
2025-01-28T01:00,10,87,8,0,869,86,24140,1.5,256,2.5
2025-01-28T02:00,9.3,89,7.6,0,868.2,87,24140,3.6,233,5.4
2025-01-28T03:00,8.3,93,7.2,0,867.2,74,24140,3.8,229,6.5
2025-01-28T04:00,7.8,93,6.8,0,867.1,82,24140,1.9,248,6.1
2025-01-28T05:00,7.8,94,6.9,0,867.5,78,24140,2.7,203,4
2025-01-28T06:00,6.6,97,6.2,0,868.6,82,24140,3.8,221,6.5
2025-01-28T07:00,6.7,94,5.8,0,869.7,77,24140,4.7,238,8.3
2025-01-28T08:00,11,81,7.8,0,871.2,74,24140,1.6,207,7.9
2025-01-28T09:00,13.6,70,8.2,0,873,73,24140,3.3,96,10.4
2025-01-28T10:00,15.4,55,6.4,0,873.5,64,24140,5.1,98,14
2025-01-28T11:00,16.5,49,5.8,0,873.3,86,24140,5.8,97,14
2025-01-28T12:00,17.1,46,5.4,0,872.3,93,24140,5.8,94,13.7
2025-01-28T13:00,17.1,46,5.4,0,871.4,85,24140,8.3,72,15.5
2025-01-28T14:00,17.5,45,5.4,0,870.8,66,24140,7.4,61,16.6
2025-01-28T15:00,17.6,44,5.2,0,870.4,60,24140,2.9,83,14.4
2025-01-28T16:00,17.3,45,5.2,0,870.3,84,24140,3.6,180,7.2
2025-01-28T17:00,15.7,54,6.4,0,870.6,76,24140,5.8,202,10.1
2025-01-28T18:00,14.2,63,7.2,0,870.8,90,24140,5.8,210,10.8
2025-01-28T19:00,13,71,7.8,0,871.5,100,24140,4,175,10.1
2025-01-28T20:00,12.1,79,8.5,0,871.8,98,24140,5,150,8.6
2025-01-28T21:00,11.5,85,9,0,872.4,86,24140,4.5,151,9
2025-01-28T22:00,11.1,88,9.2,0,872.9,100,24140,2.9,173,7.9
2025-01-28T23:00,10.7,90,9.1,0.1,873,89,24140,3,194,5
2025-01-29T00:00,10.5,91,9.1,0,872.5,95,24140,2,225,4.7
2025-01-29T01:00,9.9,92,8.7,0,872,91,24140,2.6,214,4.3
2025-01-29T02:00,9.4,93,8.3,0,871.5,81,24140,3.4,212,6.5
2025-01-29T03:00,9,93,7.9,0,871,82,24140,2.1,211,6.1
2025-01-29T04:00,8.6,94,7.7,0,871.2,81,24140,2.8,230,4.3
2025-01-29T05:00,9.1,93,8,0,872.3,89,24140,2.9,150,5.4
2025-01-29T06:00,9,93,7.9,0,873.1,87,24140,1.8,191,5
2025-01-29T07:00,9.6,93,8.5,0,873.7,82,24140,2.8,220,4.7
2025-01-29T08:00,11.6,87,9.5,0,875,98,24140,1.9,158,5.4
2025-01-29T09:00,13.4,73,8.7,0,876,59,24140,3.1,111,8.3
2025-01-29T10:00,15,60,7.3,0,876.3,66,24140,3.6,90,10.1
2025-01-29T11:00,16.7,51,6.5,0,876.3,88,24140,1.6,117,11.2
2025-01-29T12:00,18.4,44,5.9,0,875.4,76,24140,2.9,30,11.9
2025-01-29T13:00,19.3,40,5.3,0,874.6,83,24140,6.3,24,14.4
2025-01-29T14:00,19.5,41,5.9,0,873.6,47,24140,7.3,20,15.8
2025-01-29T15:00,19.5,42,6.2,0,872.8,73,24140,5.8,360,15.5
2025-01-29T16:00,18.7,44,6.2,0,872.5,83,24140,4.8,318,11.9
2025-01-29T17:00,16.6,54,7.3,0,871.5,54,24140,3.7,281,8.6
2025-01-29T18:00,13.6,68,7.8,0,871.1,51,24140,6.3,257,10.8
2025-01-29T19:00,12.1,76,8,0,871.3,57,24140,6.9,261,12.6
2025-01-29T20:00,10.9,82,7.9,0,871.3,54,24140,5.1,262,11.2
2025-01-29T21:00,9.5,88,7.6,0,871.6,34,24140,3.7,259,8.6
2025-01-29T22:00,8.2,91,6.8,0,871.1,29,24140,6.2,260,10.8
2025-01-29T23:00,7.7,92,6.5,0,870.8,0,24140,6.8,252,11.5
2025-01-30T00:00,7.8,91,6.4,0,870.5,4,24140,6.1,267,12.2
2025-01-30T01:00,7.7,90,6.2,0,869.9,4,24140,6.2,277,12.2
2025-01-30T02:00,7.1,91,5.7,0,869.4,22,24140,5.8,266,11.9
2025-01-30T03:00,6.8,91,5.5,0,868.9,9,24140,5.8,263,11.9
2025-01-30T04:00,6.5,93,5.5,0,868.5,26,24140,5.4,266,11.2
2025-01-30T05:00,6.1,95,5.3,0,868,38,24140,6.1,273,10.8
2025-01-30T06:00,5.7,97,5.2,0,868.4,54,24140,7.8,292,13.3
2025-01-30T07:00,7,91,5.6,0,869,19,24140,6.9,276,13.3
2025-01-30T08:00,11.9,71,6.8,0,870.7,0,24140,2.3,321,12.2
2025-01-30T09:00,14.2,60,6.5,0,871.9,0,24140,2.3,72,10.1
2025-01-30T10:00,16.5,53,6.9,0,872.4,0,24140,2.5,98,11.9
2025-01-30T11:00,18.6,50,8,0,871.7,20,24140,2.3,141,11.5
2025-01-30T12:00,20.6,42,7.3,0,871,31,24140,1.1,162,11.9
2025-01-30T13:00,21.4,39,6.8,0,870.1,36,24140,0.8,297,4.7
2025-01-30T14:00,21.8,36,6.1,0,869.4,29,24140,4,260,10.8
2025-01-30T15:00,21,36,5.3,0,868.4,0,24140,6.1,242,13.3
2025-01-30T16:00,19.4,43,6.5,0,868.1,16,24140,6.8,238,13
2025-01-30T17:00,16.7,54,7.4,0,867.6,27,24140,5.2,236,11.9
2025-01-30T18:00,14.3,66,8,0,867.8,40,24140,4.1,255,9.7
2025-01-30T19:00,12.1,77,8.2,0,867.8,40,24140,4.4,261,7.6
2025-01-30T20:00,10.4,85,8,0,867.8,31,24140,4,275,7.6
2025-01-30T21:00,8.9,90,7.4,0,867.8,4,24140,5.1,266,8.3
2025-01-30T22:00,8.1,92,6.8,0,868,0,24140,5.8,270,9.7
2025-01-30T23:00,7.5,92,6.3,0,867.4,12,24140,5,270,9.7
2025-01-31T00:00,7.4,93,6.4,0,868.1,42,24140,5.4,270,9.7
2025-01-31T01:00,6.9,95,6.2,0,867.6,47,24140,6.2,260,11.2
2025-01-31T02:00,6.5,96,5.9,0,867.6,47,24140,6.5,267,11.9
2025-01-31T03:00,5.9,96,5.3,0,866.5,46,24140,7.3,261,12.6
2025-01-31T04:00,5.8,90,4.3,0,866.4,0,24140,6.1,273,12.6
2025-01-31T05:00,4.6,92,3.4,0,865.7,17,24140,6.7,254,10.4
2025-01-31T06:00,4.6,85,2.3,0,866.4,0,24140,4.2,290,10.4
2025-01-31T07:00,5.6,81,2.6,0,867.7,0,24140,4.8,228,8.3
2025-01-31T08:00,10.8,69,5.4,0,869.4,0,24140,1.9,202,8.6
2025-01-31T09:00,13.8,57,5.4,0,871,0,24140,3.3,96,9.4
2025-01-31T10:00,16.3,50,5.8,0,871.5,0,24140,4.1,105,12.2
2025-01-31T11:00,19,42,5.8,0,871.3,0,24140,3.6,127,14
2025-01-31T12:00,21.1,35,5,0,870.9,3,24140,3.6,135,13.3
2025-01-31T13:00,22,32,4.5,0,870.6,30,24140,2.9,180,10.1
2025-01-31T14:00,21.9,33,4.9,0,870.3,43,24140,3.9,214,10.4
2025-01-31T15:00,21.1,36,5.4,0,870.1,42,24140,4.9,197,11.2
2025-01-31T16:00,19.6,42,6.4,0,870,73,24140,5.4,184,11.5
2025-01-31T17:00,17.3,54,7.9,0,869.3,52,24140,4,170,11.2
2025-01-31T18:00,14.9,66,8.6,0,870,60,24140,3.2,180,7.2
2025-01-31T19:00,13.4,74,8.8,0,870.6,54,24140,1.5,225,6.1
2025-01-31T20:00,11.7,80,8.3,0,870.5,58,24140,3,284,4
2025-01-31T21:00,9.6,87,7.5,0,870,35,24140,5.1,274,8.3
2025-01-31T22:00,8,91,6.6,0,869.6,0,24140,5.4,274,9.4
2025-01-31T23:00,6.3,93,5.2,0,869.5,29,24140,7.2,264,13
2025-02-01T00:00,6.6,90,5.1,0,869.5,0,24140,6.9,264,13.3
2025-02-01T01:00,5.8,92,4.6,0,869.2,0,24140,6,287,11.5
2025-02-01T02:00,5.6,91,4.3,0,869,0,24140,7.3,261,12.6
2025-02-01T03:00,5.6,92,4.4,0,868.7,9,24140,7.2,267,13.3
2025-02-01T04:00,5.6,94,4.7,0,868.2,33,24140,7.6,265,13.7
2025-02-01T05:00,6.1,93,5,0,868.3,25,24140,6.9,261,14.4
2025-02-01T06:00,6.8,91,5.4,0,869.1,0,24140,6.8,288,14.8
2025-02-01T07:00,7.2,87,5.2,0,870.3,0,24140,6,287,13.3
2025-02-01T08:00,12.5,63,5.6,0,872.3,0,24140,3.4,328,12.2
2025-02-01T09:00,14.9,51,4.8,0,873.5,0,24140,2.8,40,11.5
2025-02-01T10:00,17.2,46,5.5,0,873.8,0,24140,2.6,74,13.3
2025-02-01T11:00,19.1,44,6.6,0,873.3,0,24140,1.5,104,12.2
2025-02-01T12:00,21.4,37,6.1,0,872.7,0,24140,1.6,27,10.8
2025-02-01T13:00,22.6,32,5.1,0,872.4,0,24140,5.1,352,12.6
2025-02-01T14:00,22.9,27,2.9,0,871.8,0,24140,6.7,324,15.1
2025-02-01T15:00,22.2,24,0.7,0,871.1,0,24140,7.3,303,15.1
2025-02-01T16:00,20.7,28,1.5,0,870.9,0,24140,6.4,286,15.1
2025-02-01T17:00,17.3,46,5.6,0,870,0,24140,5.8,274,13.7
2025-02-01T18:00,14.1,60,6.4,0,870.5,0,24140,6.3,283,11.5
2025-02-01T19:00,11.5,72,6.6,0,870.6,0,24140,6.3,294,11.9
2025-02-01T20:00,9.5,80,6.2,0,870.4,0,24140,6.6,283,11.2
2025-02-01T21:00,8.1,83,5.4,0,870.4,0,24140,7.6,273,12.6
2025-02-01T22:00,7.7,83,5,0,870.6,0,24140,7.6,270,13.7
2025-02-01T23:00,6.9,85,4.5,0,870.2,0,24140,5.9,281,14.8
2025-02-02T00:00,5.8,90,4.3,0,869.8,0,24140,7.2,273,13
2025-02-02T01:00,6.5,87,4.5,0,869.7,0,24140,7.9,270,13.7
2025-02-02T02:00,7,84,4.5,0,869.7,0,24140,8.3,268,14.4
2025-02-02T03:00,7.3,82,4.4,0,869.4,0,24140,8.3,265,15.1
2025-02-02T04:00,7.3,82,4.4,0,869.2,0,24140,6.5,276,15.5
2025-02-02T05:00,6.4,88,4.6,0,869.6,0,24140,7.3,281,15.5
2025-02-02T06:00,5.3,88,3.5,0,869.9,0,24140,5.4,312,17.3
2025-02-02T07:00,5.4,79,2,0,870.6,0,24140,7,291,16.2
2025-02-02T08:00,11.5,59,3.8,0,872.2,0,24140,2.9,277,15.8
2025-02-02T09:00,15.7,39,1.7,0,873.9,0,24140,1.8,79,10.8
2025-02-02T10:00,18.5,32,1.5,0,874.2,0,24140,1,45,10.4
2025-02-02T11:00,21.1,20,-2.8,0,873.6,0,24140,0.8,297,8.6
2025-02-02T12:00,22.7,16,-4.5,0,873.1,0,24140,3.4,302,9.7
2025-02-02T13:00,23.2,14,-5.8,0,872.3,0,24140,6.6,319,15.1
2025-02-02T14:00,23,15,-5,0,871.4,0,24140,7.6,315,16.2
2025-02-02T15:00,22.2,18,-3.2,0,870.7,0,24140,9,299,16.6
2025-02-02T16:00,20.6,23,-1.3,0,870.4,0,24140,8.1,291,16.2
2025-02-02T17:00,17.6,32,0.7,0,869.6,0,24140,6.1,267,14.4
2025-02-02T18:00,14.3,46,2.8,0,869.8,0,24140,7.3,261,12.6
2025-02-02T19:00,12.2,53,2.9,0,870.2,0,24140,7.6,270,14
2025-02-02T20:00,10.5,59,2.8,0,870.1,0,24140,7.6,270,13.3
2025-02-02T21:00,9.3,65,3.1,0,870.2,0,24140,7.2,267,13.3
2025-02-02T22:00,8.6,73,4,0,870,0,24140,7.2,273,13.3
2025-02-02T23:00,8.3,74,4,0,869.7,0,24140,6.5,267,13.3
2025-02-03T00:00,7.6,82,4.7,0,869.4,0,24140,5.6,285,13
2025-02-03T01:00,6.7,86,4.5,0,868.9,0,24140,5.8,277,11.2
2025-02-03T02:00,6.2,88,4.4,0,868.6,0,24140,5.7,252,10.8
2025-02-03T03:00,5.9,88,4,0,868.1,0,24140,3.8,221,10.8
2025-02-03T04:00,5.6,89,3.9,0,867.8,0,24140,3.8,229,7.9
2025-02-03T05:00,5.9,86,3.8,0,868.1,0,24140,4.7,247,7.6
2025-02-03T06:00,5.4,88,3.6,0,869.1,0,24140,2.3,252,9
2025-02-03T07:00,6.5,88,4.7,0,870,0,24140,4.8,243,10.1
2025-02-03T08:00,12,72,7.1,0,872.3,0,24140,0.7,360,9.7
2025-02-03T09:00,14.4,61,6.9,0,873.6,0,24140,2.9,83,10.4
2025-02-03T10:00,16.9,54,7.5,0,874.3,0,24140,5,90,14.8
2025-02-03T11:00,19.4,48,8.1,0,873.9,0,24140,5.6,105,16.6
2025-02-03T12:00,21.5,42,8,0,873.5,0,24140,5.5,113,16.6
2025-02-03T13:00,22.8,38,7.7,0,873.1,27,24140,4.5,119,16.6
2025-02-03T14:00,23.1,37,7.6,0,872.3,32,24140,3.7,151,11.9
2025-02-03T15:00,22.8,38,7.7,0,872.1,23,24140,4.6,162,10.4
2025-02-03T16:00,21.5,40,7.3,0,872,10,24140,5.5,157,10.4
2025-02-03T17:00,18.6,50,7.9,0,871.7,0,24140,4.7,148,11.9
2025-02-03T18:00,15,69,9.3,0,871.7,0,24140,3.5,156,10.4
2025-02-03T19:00,13.3,75,9,0,872.2,0,24140,2.2,261,7.9
2025-02-03T20:00,10.7,83,7.9,0,872.2,0,24140,4.4,261,9
2025-02-03T21:00,8.5,92,7.2,0,871.5,0,24140,5.2,254,10.4
2025-02-03T22:00,7.5,94,6.6,0,872,35,24140,4.7,266,10.8
2025-02-03T23:00,6.4,95,5.7,0,871.5,35,24140,2.9,300,10.4
2025-02-04T00:00,6.5,94,5.6,0,871.7,36,24140,4.7,261,12.2
2025-02-04T01:00,5.9,97,5.4,0,871.5,55,24140,3.4,252,10.1
2025-02-04T02:00,5.4,98,5.1,0,870.9,74,24140,4.9,253,12.2
2025-02-04T03:00,5.7,100,5.7,0,870.4,83,24140,5.4,250,13
2025-02-04T04:00,7,100,7,0,869.9,69,24140,4.4,279,14.4
2025-02-04T05:00,6.5,100,6.5,0,869.6,100,24140,5.8,300,13.3
2025-02-04T06:00,6.4,100,6.4,0,870.3,97,24140,5,270,13.3
2025-02-04T07:00,8.4,99,8.3,0,871.5,83,24140,3,256,12.6
2025-02-04T08:00,11.4,87,9.3,0,873.4,76,24140,2.3,129,10.1
2025-02-04T09:00,14.6,71,9.4,0,874.8,31,24140,3.4,72,13
2025-02-04T10:00,16.8,63,9.7,0,875.3,25,24140,5.1,94,16.6
2025-02-04T11:00,18.8,57,10.1,0,874.2,40,24140,2.6,124,16.6
2025-02-04T12:00,21.3,48,9.8,0,874,25,24140,2.3,72,13.7
2025-02-04T13:00,22.8,41,8.8,0,873.5,26,24140,3.1,45,14
2025-02-04T14:00,23.4,36,7.5,0,872.7,41,24140,2.3,39,9.4
2025-02-04T15:00,23.3,31,5.2,0,872.1,89,24140,0.5,45,7.2
2025-02-04T16:00,22.4,33,5.4,0,871.7,17,24140,0.8,243,5
2025-02-04T17:00,19.8,40,5.8,0,871,0,24140,2.3,309,5
2025-02-04T18:00,16.5,53,6.9,0,871.4,0,24140,3.1,306,7.2
2025-02-04T19:00,13.3,70,8,0,871.2,6,24140,4.3,294,9.7
2025-02-04T20:00,10.4,86,8.2,0,870.6,52,24140,6.5,270,13.7
2025-02-04T21:00,9.8,86,7.5,0,870.2,92,24140,7.2,276,16.9
2025-02-04T22:00,9.6,82,6.6,0,869.9,96,24140,7.6,267,18.7
2025-02-04T23:00,9.2,84,6.6,0,870.1,5,24140,7.9,270,16.9
2025-02-05T00:00,8.6,86,6.4,0,869.7,2,24140,6.1,298,16.9
2025-02-05T01:00,7.8,85,5.5,0,869.1,20,24140,7.2,288,16.2
2025-02-05T02:00,7.9,74,3.5,0,868.5,100,24140,7.1,285,16.9
2025-02-05T03:00,7.9,70,2.7,0,867.9,100,24140,7.9,273,17.6
2025-02-05T04:00,8.1,70,3,0,867.9,83,24140,6.9,276,17.3
2025-02-05T05:00,7.9,81,4.8,0,868,1,24140,7.4,293,15.1
2025-02-05T06:00,7.3,85,5,0,868.2,0,24140,6.1,310,16.2
2025-02-05T07:00,8.8,80,5.6,0,869.3,4,24140,7.3,281,15.8
2025-02-05T08:00,15.5,60,7.8,0,871.8,18,24140,3.1,315,15.8
2025-02-05T09:00,18.7,43,5.8,0,873.3,0,24140,4.2,31,15.8
2025-02-05T10:00,21.4,37,6.1,0,873.8,0,24140,3.6,354,15.8
2025-02-05T11:00,23.6,32,6,0,873.2,0,24140,8.5,298,19.8
2025-02-05T12:00,24.3,27,4.1,0,872.7,0,24140,16.9,282,31
2025-02-05T13:00,24,26,3.3,0,872.1,0,24140,22.3,284,40.7
2025-02-05T14:00,23.6,25,2.4,0,871.5,0,24140,22.2,283,41
2025-02-05T15:00,22.5,26,2.1,0,870.7,0,24140,22.6,278,41
2025-02-05T16:00,21,29,2.3,0,870.5,0,24140,16.6,275,40.7
2025-02-05T17:00,18.8,31,1.3,0,869,0,24140,9.1,263,28.8
2025-02-05T18:00,16,39,2.1,0,869.8,0,24140,7.2,270,20.9
2025-02-05T19:00,13.9,47,2.7,0,870.3,0,24140,8.3,272,16.6
2025-02-05T20:00,13,53,3.7,0,870.9,9,24140,8.4,277,16.6
2025-02-05T21:00,12.6,56,4.1,0,871,24,24140,8.4,277,16.6
2025-02-05T22:00,12.5,57,4.2,0,870.9,34,24140,8,275,16.6
2025-02-05T23:00,11,66,4.9,0,870,39,24140,6.7,286,15.5
2025-02-06T00:00,10.1,73,5.5,0,869.8,0,24140,6.2,291,12.6
2025-02-06T01:00,8.8,83,6,0,869.3,0,24140,6.2,280,11.5
2025-02-06T02:00,8.1,87,6,0,868.8,4,24140,6.8,267,11.9
2025-02-06T03:00,7.7,87,5.6,0,868.4,6,24140,6.6,261,12.2
2025-02-06T04:00,7.4,86,5.2,0,868.4,0,24140,5.8,248,12.2
2025-02-06T05:00,7.3,86,5.1,0,868.3,0,24140,6.4,243,11.2
2025-02-06T06:00,7.1,85,4.7,0,869,0,24140,3,284,11.9
2025-02-06T07:00,8.2,82,5.3,0,869.8,0,24140,4.8,257,9.7
2025-02-06T08:00,14.1,66,7.9,0,872,0,24140,2.9,277,10.1
2025-02-06T09:00,16.9,57,8.3,0,873.3,0,24140,2.7,67,10.8
2025-02-06T10:00,19.4,50,8.7,0,873.8,0,24140,2.9,97,12.6
2025-02-06T11:00,21.6,38,6.7,0,873.5,0,24140,1.6,117,13
2025-02-06T12:00,23.8,26,3.2,0,872.6,0,24140,1.8,281,10.8
2025-02-06T13:00,24.6,17,-2.1,0,872.2,0,24140,7.5,287,16.2
2025-02-06T14:00,24.1,16,-3.3,0,871.3,0,24140,13.3,273,24.8
2025-02-06T15:00,22.7,23,0.5,0,870.9,0,24140,14.1,273,27
2025-02-06T16:00,20.9,30,2.6,0,870.3,0,24140,11.2,266,26.6
2025-02-06T17:00,17.9,38,3.3,0,869.8,0,24140,7.4,256,20.2
2025-02-06T18:00,15.2,50,4.9,0,870.5,0,24140,5.9,259,16.9
2025-02-06T19:00,12.4,64,5.7,0,870.5,0,24140,5.4,270,13.3
2025-02-06T20:00,10,80,6.7,0,870,0,24140,5.8,274,11.5
2025-02-06T21:00,8.8,88,6.9,0,870,0,24140,6.5,267,11.5
2025-02-06T22:00,8.3,88,6.4,0,869.9,0,24140,6.9,264,12.2
2025-02-06T23:00,7.8,86,5.6,0,869.9,0,24140,6.9,261,12.2
2025-02-07T00:00,7.8,80,4.5,0,869.6,0,24140,6.1,267,13
2025-02-07T01:00,7,78,3.4,0,869.5,0,24140,6.2,277,10.4
2025-02-07T02:00,6.6,75,2.5,0,869.3,0,24140,6.5,270,11.5
2025-02-07T03:00,5.9,80,2.7,0,868.8,0,24140,6.1,270,11.5
2025-02-07T04:00,5.8,82,3,0,868.5,0,24140,6.6,257,12.6
2025-02-07T05:00,6.6,81,3.6,0,868.9,0,24140,7.2,276,12.6
2025-02-07T06:00,5.6,82,2.7,0,869,0,24140,5.1,266,13
2025-02-07T07:00,7,68,1.5,0,869.9,0,24140,5.1,262,11.9
2025-02-07T08:00,12.8,52,3.2,0,871.9,0,24140,0.7,360,11.2
2025-02-07T09:00,15.8,41,2.6,0,873.8,0,24140,4.2,59,13
2025-02-07T10:00,18.1,37,3.1,0,874.1,0,24140,4,90,13.3
2025-02-07T11:00,20.6,30,2.4,0,873.4,0,24140,2.3,108,13.7
2025-02-07T12:00,22.7,24,1.1,0,872.8,0,24140,1.8,127,12.2
2025-02-07T13:00,23.8,20,-0.5,0,872.5,0,24140,1.5,284,6.8
2025-02-07T14:00,23.5,23,1.1,0,872,0,24140,6.5,264,15.1
2025-02-07T15:00,22.2,29,3.3,0,871.7,0,24140,7.7,259,16.6
2025-02-07T16:00,20.7,34,4.2,0,871,0,24140,5.9,227,15.1
2025-02-07T17:00,17.6,50,7,0,870.4,4,24140,4.8,207,10.8
2025-02-07T18:00,14.8,65,8.3,0,870.3,0,24140,3.1,201,10.1
2025-02-07T19:00,13.2,71,8.1,0,871.1,11,24140,1.6,333,7.2
2025-02-07T20:00,11.4,78,7.7,0,870.9,3,24140,2.1,301,4.7
2025-02-07T21:00,9,84,6.5,0,870.7,0,24140,5.1,274,8.3
2025-02-07T22:00,7.2,90,5.6,0,870.3,0,24140,5.8,274,9.7
2025-02-07T23:00,6.4,91,5.1,0,870.3,0,24140,5.4,250,9.7
2025-02-08T00:00,6,93,5,0,869.7,21,24140,3.3,257,9.4
2025-02-08T01:00,5.7,93,4.7,0,869.3,28,24140,5.2,254,8.6
2025-02-08T02:00,5.8,92,4.6,0,869,6,24140,3.8,253,8.6
2025-02-08T03:00,5.1,94,4.2,0,868.4,32,24140,3.7,241,6.5
2025-02-08T04:00,4.6,95,3.9,0,868.2,47,24140,4.2,239,7.2
2025-02-08T05:00,4.7,97,4.3,0,868.3,52,24140,6.2,260,7.2
2025-02-08T06:00,4.5,99,4.3,0,869,64,24140,3.3,264,10.4
2025-02-08T07:00,5.6,98,5.3,0,870.1,61,24140,4.5,241,8.6
2025-02-08T08:00,11,81,7.8,0,872.1,38,24140,1.8,169,8.6
2025-02-08T09:00,13,74,8.5,0,873.7,47,24140,4.5,104,13.3
2025-02-08T10:00,15.4,65,8.8,0,874.6,43,24140,5.6,117,15.8
2025-02-08T11:00,17.9,55,8.7,0,874.6,25,24140,5.2,124,16.9
2025-02-08T12:00,19.9,47,8.3,0,874.2,37,24140,6.1,135,16.2
2025-02-08T13:00,20.9,42,7.5,0,873.4,53,24140,5.6,140,16.2
2025-02-08T14:00,20.9,41,7.2,0,872.6,67,24140,7.1,156,15.8
2025-02-08T15:00,20.1,44,7.5,0,871.9,64,24140,8.7,163,18
2025-02-08T16:00,18.8,49,7.8,0,871.7,49,24140,8.1,167,16.9
2025-02-08T17:00,16.9,55,7.8,0,871.2,71,24140,7.3,171,15.8
2025-02-08T18:00,14.4,68,8.5,0,871.6,82,24140,5.8,158,13.3
2025-02-08T19:00,12.9,77,8.9,0,872.1,74,24140,4.1,165,10.4
2025-02-08T20:00,12,82,9,0,872.3,78,24140,2.7,157,8.3
2025-02-08T21:00,11.4,86,9.1,0,872.5,78,24140,1.8,143,6.5
2025-02-08T22:00,10.8,88,8.9,0,872.1,79,24140,0.8,243,4.3
2025-02-08T23:00,9.5,89,7.8,0,872.1,79,24140,1.3,304,3.6
2025-02-09T00:00,9,90,7.5,0,871.2,84,24140,2.9,263,5.4
2025-02-09T01:00,8.1,93,7.1,0,870.6,84,24140,2.5,278,5.4
2025-02-09T02:00,6.8,96,6.2,0,869.6,76,24140,3.9,236,7.6
2025-02-09T03:00,5.7,100,5.7,0,869,88,24140,4.7,238,8.3
2025-02-09T04:00,6.2,99,6,0,869.1,87,24140,4.7,261,8.6
2025-02-09T05:00,6.3,100,6.3,0,869.7,88,24140,4.4,261,8.6
2025-02-09T06:00,6.3,100,6.3,0,870.2,90,24140,4.3,270,9
2025-02-09T07:00,7.5,96,6.9,0,870.9,81,24140,2.9,277,10.1
2025-02-09T08:00,11.1,81,8,0,872.5,69,24140,2.8,130,8.3
2025-02-09T09:00,13.9,65,7.4,0,873.7,81,24140,5.3,118,13
2025-02-09T10:00,16.3,55,7.2,0,874.3,29,24140,5.7,125,14.8
2025-02-09T11:00,18.5,48,7.3,0,873.6,33,24140,3.6,127,16.2
2025-02-09T12:00,20.1,42,6.8,0,872.7,57,24140,2.8,130,14.4
2025-02-09T13:00,21.1,38,6.2,0,871.9,78,24140,1.9,22,9.4
2025-02-09T14:00,21.5,36,5.8,0,871.3,65,24140,1.8,11,7.9
2025-02-09T15:00,21.1,37,5.9,0,870.6,73,24140,3.8,197,9
2025-02-09T16:00,19.7,43,6.8,0,870.6,78,24140,7.2,198,13.7
2025-02-09T17:00,17.5,52,7.6,0,870.3,58,24140,6,197,15.1
2025-02-09T18:00,15.5,64,8.7,0,870.8,73,24140,4.7,171,11.9
2025-02-09T19:00,13.9,75,9.5,0,871,64,24140,3.6,143,9.4
2025-02-09T20:00,12.6,83,9.8,0,871.3,89,24140,2.3,162,7.6
2025-02-09T21:00,12.1,86,9.8,0,871.7,87,24140,1,225,5
2025-02-09T22:00,11.4,87,9.3,0,871.5,82,24140,2.3,252,4.3
2025-02-09T23:00,11.3,87,9.2,0,871.2,81,24140,1.6,243,5.8
2025-02-10T00:00,10.2,89,8.5,0,871,77,24140,2.6,254,4.7
2025-02-10T01:00,8.8,92,7.6,0,870.2,80,24140,3.6,264,7.2
2025-02-10T02:00,7.7,94,6.8,0,869.7,79,24140,4.2,250,8.3
2025-02-10T03:00,7.2,95,6.4,0,869.3,75,24140,4,265,8.6
2025-02-10T04:00,6.5,97,6.1,0,869.2,73,24140,3.8,253,7.6
2025-02-10T05:00,6.3,98,6,0,869.1,69,24140,5.2,245,8.3
2025-02-10T06:00,5.7,98,5.4,0,870,63,24140,4.7,261,9.7
2025-02-10T07:00,6.9,96,6.3,0,871.1,56,24140,5.4,262,10.8
2025-02-10T08:00,12.5,78,8.7,0,873.3,34,24140,1.6,63,10.8
2025-02-10T09:00,14.7,71,9.5,0,874.6,43,24140,4,95,12.2
2025-02-10T10:00,17.2,60,9.4,0,875.1,28,24140,4.7,113,14.8
2025-02-10T11:00,19.6,49,8.6,0,875,31,24140,3.6,127,14.8
2025-02-10T12:00,21.6,38,6.6,0,873.9,36,24140,1.8,180,14
2025-02-10T13:00,23.1,30,4.6,0,873.3,39,24140,5.1,278,13
2025-02-10T14:00,22.6,30,4.1,0,872.3,5,24140,13.2,259,24.5
2025-02-10T15:00,21,36,5.3,0,871.6,9,24140,15.3,261,31.3
2025-02-10T16:00,19.6,39,5.2,0,871.4,20,24140,9,268,28.4
2025-02-10T17:00,17.1,47,5.7,0,870.8,18,24140,4.3,275,16.6
2025-02-10T18:00,14.7,56,6,0,870.9,0,24140,3.8,287,9.4
2025-02-10T19:00,11.6,71,6.5,0,870.7,0,24140,5.8,277,9.4
2025-02-10T20:00,9.9,82,6.9,0,870.3,0,24140,6.9,276,11.5
2025-02-10T21:00,9,87,7,0,870.4,0,24140,7.2,267,12.2
2025-02-10T22:00,8.8,86,6.6,0,870.3,0,24140,7.9,267,13.3
2025-02-10T23:00,7.4,86,5.2,0,870.2,0,24140,7.2,267,13.3
2025-02-11T00:00,6.9,85,4.6,0,869.7,0,24140,6.8,267,13
2025-02-11T01:00,6.6,87,4.6,0,869.2,0,24140,6.8,273,12.2
2025-02-11T02:00,6.4,87,4.4,0,868.6,0,24140,6.1,270,12.2
2025-02-11T03:00,6.3,88,4.4,0,868.3,0,24140,6.5,270,11.5
2025-02-11T04:00,6.4,85,4,0,868.3,0,24140,6.1,273,11.5
2025-02-11T05:00,6.2,86,4,0,868.6,0,24140,6.1,267,10.8
2025-02-11T06:00,5.8,89,4.1,0,868.9,0,24140,5.4,274,11.5
2025-02-11T07:00,7.6,80,4.3,0,869.9,0,24140,4.5,256,10.4
2025-02-11T08:00,11.9,60,4.3,0,871.7,0,24140,2.6,74,9
2025-02-11T09:00,14.7,49,4.1,0,872.9,0,24140,4.1,105,12.2
2025-02-11T10:00,17.5,43,4.8,0,873.5,0,24140,4.4,125,14
2025-02-11T11:00,20,37,4.8,0,873.2,0,24140,2.3,129,14.8
2025-02-11T12:00,22.4,31,4.5,0,872.6,19,24140,1.8,281,12.2
2025-02-11T13:00,23.2,23,0.9,0,871.6,3,24140,7.5,287,16.6
2025-02-11T14:00,22.8,21,-0.7,0,870.6,0,24140,14.1,264,26.3
2025-02-11T15:00,21.2,27,1.5,0,869.8,25,24140,16.2,258,30.2
2025-02-11T16:00,19.4,34,3.1,0,869.5,16,24140,14.9,255,30.2
2025-02-11T17:00,16.7,44,4.4,0,869.5,5,24140,9.1,252,27.4
2025-02-11T18:00,14.2,57,5.8,0,869.3,46,24140,5.5,247,17.3
2025-02-11T19:00,11.9,70,6.6,0,869.3,40,24140,5.5,259,12.2
2025-02-11T20:00,10.3,79,6.8,0,869.1,52,24140,6.1,267,12.2
2025-02-11T21:00,9.4,85,7,0,869.6,19,24140,5.1,266,11.5
2025-02-11T22:00,8.5,89,6.8,0,869.4,41,24140,5.1,266,9.7
2025-02-11T23:00,6.8,91,5.5,0,868.9,0,24140,5.4,274,9.4
2025-02-12T00:00,6.5,90,5,0,868.9,0,24140,5.4,270,10.1
2025-02-12T01:00,6.5,87,4.5,0,868.5,0,24140,5.9,256,10.1
2025-02-12T02:00,6.2,87,4.2,0,868.6,23,24140,4.5,241,10.1
2025-02-12T03:00,5.2,90,3.7,0,867.6,27,24140,4.1,232,7.6
2025-02-12T04:00,4.8,90,3.3,0,867.6,19,24140,4.2,239,6.8
2025-02-12T05:00,4.9,90,3.4,0,867.8,0,24140,3.7,241,6.8
2025-02-12T06:00,5.1,87,3.1,0,868.6,0,24140,3.1,291,6.5
2025-02-12T07:00,6.4,83,3.7,0,869.6,0,24140,3.7,241,6.1
2025-02-12T08:00,11.3,65,4.9,0,871.6,0,24140,1.3,146,7.6
2025-02-12T09:00,14.1,58,6,0,872.6,0,24140,4.1,105,11.2
2025-02-12T10:00,16.8,52,6.9,0,873.6,0,24140,5.3,118,14
2025-02-12T11:00,18.5,41,5,0,872.8,5,24140,4.6,129,14.4
2025-02-12T12:00,20.1,33,3.3,0,872,34,24140,4.8,153,12.6
2025-02-12T13:00,20.5,28,1.3,0,870.9,71,24140,4.7,148,13.3
2025-02-12T14:00,20.8,26,0.6,0,870,72,24140,6.1,220,13.7
2025-02-12T15:00,19.7,30,1.6,0,869.4,86,24140,13.7,243,24.8
2025-02-12T16:00,17.5,41,4.1,0,869.5,68,24140,16.2,249,29.5
2025-02-12T17:00,15.7,49,5,0,869.1,54,24140,9.8,262,29.5
2025-02-12T18:00,13.7,60,6,0,869.6,58,24140,5.1,262,14
2025-02-12T19:00,11.8,68,6.1,0,870.1,59,24140,6.9,264,14
2025-02-12T20:00,10.8,72,5.9,0,870.4,74,24140,6.5,273,14.4
2025-02-12T21:00,10.4,75,6.2,0,870.7,65,24140,5.4,278,13.3
2025-02-12T22:00,9.6,79,6.1,0,870.3,56,24140,4.7,279,12.6
2025-02-12T23:00,7.9,85,5.5,0,869.4,48,24140,4.2,290,11.9
2025-02-13T00:00,7,90,5.4,0,868.8,49,24140,3.7,281,11.2
2025-02-13T01:00,6.3,91,5,0,868.4,31,24140,4.1,255,8.6
2025-02-13T02:00,6.1,89,4.4,0,868.1,21,24140,4.9,253,8.6
2025-02-13T03:00,5.6,89,3.9,0,867.8,27,24140,5.5,238,9.4
2025-02-13T04:00,5,89,3.3,0,867.2,9,24140,5.1,231,9.4
2025-02-13T05:00,3.6,92,2.4,0,867.4,22,24140,5.9,227,8.3
2025-02-13T06:00,4.2,89,2.6,0,867.9,26,24140,4.3,246,10.1
2025-02-13T07:00,6.1,84,3.6,0,868.7,25,24140,5,240,8.6
2025-02-13T08:00,11.7,62,4.6,0,870.6,34,24140,1.4,90,8.6
2025-02-13T09:00,14.4,56,5.7,0,871.7,27,24140,5.9,101,13.7
2025-02-13T10:00,16.7,46,5,0,872.5,0,24140,7.2,117,15.8
2025-02-13T11:00,18.9,34,2.7,0,872.1,22,24140,5.5,148,16.2
2025-02-13T12:00,20.3,30,2.1,0,871.5,43,24140,6,155,14.4
2025-02-13T13:00,20.7,26,0.5,0,870.3,75,24140,3.7,119,14
2025-02-13T14:00,20.9,24,-0.4,0,869.4,83,24140,5.4,200,12.2
2025-02-13T15:00,19.7,30,1.6,0,868.8,80,24140,12.3,220,23
2025-02-13T16:00,17.8,40,4,0,868.6,85,24140,11.7,225,27.4
2025-02-13T17:00,15.5,49,4.8,0,868.8,63,24140,8.5,208,21.2
2025-02-13T18:00,13.6,59,5.7,0,869.1,78,24140,5.6,207,15.8
2025-02-13T19:00,12,68,6.2,0,869.3,52,24140,4.7,203,13
2025-02-13T20:00,10.4,77,6.6,0,869.1,57,24140,5.4,222,10.4
2025-02-13T21:00,9.4,81,6.3,0,869.2,56,24140,6.6,241,12.2
2025-02-13T22:00,8.5,83,5.8,0,869,54,24140,5.2,254,12.2
2025-02-13T23:00,7,88,5.2,0,868.8,42,24140,6.1,242,10.1
2025-02-14T00:00,6.7,90,5.2,0,868.6,38,24140,5.1,262,10.8
2025-02-14T01:00,6.3,91,5,0,868.1,28,24140,4.5,256,10.1
2025-02-14T02:00,5.8,93,4.8,0,867.4,30,24140,4.4,235,9
2025-02-14T03:00,5.2,94,4.3,0,866.9,38,24140,3.4,252,7.9
2025-02-14T04:00,4.8,95,4.1,0,866.9,40,24140,3.8,253,7.6
2025-02-14T05:00,5.1,96,4.5,0,867.3,76,24140,3.4,212,7.9
2025-02-14T06:00,4.8,98,4.5,0,867.7,88,24140,2.4,243,6.1
2025-02-14T07:00,6.6,96,6,0,868.3,85,24140,5.6,230,10.1
2025-02-14T08:00,11,79,7.5,0,870,83,24140,2.1,121,9.7
2025-02-14T09:00,13.6,66,7.3,0,871.1,24,24140,5.6,117,13.7
2025-02-14T10:00,15.8,58,7.5,0,871.5,37,24140,6.8,115,15.8
2025-02-14T11:00,17.6,47,6.1,0,871.3,31,24140,5.6,140,16.2
2025-02-14T12:00,19.3,38,4.6,0,870.6,76,24140,5.1,135,15.5
2025-02-14T13:00,20.1,33,3.3,0,869.5,79,24140,4.7,122,13.3
2025-02-14T14:00,20.4,32,3.1,0,868.4,73,24140,4.4,145,12.6
2025-02-14T15:00,20.2,32,3,0,868.2,100,24140,5.5,191,12.6
2025-02-14T16:00,18.6,39,4.3,0,868,69,24140,7.3,191,14
2025-02-14T17:00,16,53,6.4,0,868,76,24140,9,178,15.1
2025-02-14T18:00,14,65,7.5,0,868.2,80,24140,6.9,171,16.9
2025-02-14T19:00,13,72,8,0,868.6,85,24140,5.5,157,13.3
2025-02-14T20:00,12.1,78,8.3,0,868.7,74,24140,5.6,153,11.9
2025-02-14T21:00,11.2,83,8.4,0,869.1,82,24140,4.5,166,11.2
2025-02-14T22:00,10.3,88,8.4,0,868.9,82,24140,2.9,173,9
2025-02-14T23:00,9.9,89,8.2,0,869,87,24140,2.3,198,5.8
2025-02-15T00:00,9.4,92,8.1,0,868.5,79,24140,2.3,141,5
2025-02-15T01:00,8.6,94,7.7,0,868.5,85,24140,3.4,198,5.8
2025-02-15T02:00,8,96,7.4,0,868,87,24140,3.2,207,6.8
2025-02-15T03:00,7,98,6.7,0,867.4,85,24140,2.9,210,5.4
2025-02-15T04:00,6.4,99,6.2,0,867,93,24140,2.4,243,4.7
2025-02-15T05:00,6.3,100,6.3,0,868.2,99,24140,3.3,221,4.7
2025-02-15T06:00,6.3,100,6.3,0,868.5,97,24140,2.3,288,5.4
2025-02-15T07:00,7.3,95,6.6,0,870,97,24140,1.8,307,6.5
2025-02-15T08:00,10.4,85,8,0,871.1,97,24140,3.9,124,8.6
2025-02-15T09:00,12,74,7.5,0,872.3,98,24140,5.8,112,12.6
2025-02-15T10:00,13.5,65,7,0,872.2,97,24140,6.6,103,14.4
2025-02-15T11:00,13.8,60,6.2,0,872.1,94,24140,5.2,115,14.8
2025-02-15T12:00,14.8,55,5.9,0,871.2,100,24140,5.4,132,13
2025-02-15T13:00,15.9,49,5.2,0,870.9,96,24140,5,159,13
2025-02-15T14:00,16.5,47,5.2,0,869.9,95,24140,7.5,163,15.8
2025-02-15T15:00,16.2,48,5.1,0,869.5,74,24140,9.1,171,18
2025-02-15T16:00,15.4,50,5,0,869.1,82,24140,6.4,164,17.3
2025-02-15T17:00,14.5,53,5,0,869.1,82,24140,6,197,13
2025-02-15T18:00,13,62,5.9,0,869.5,79,24140,4.3,204,11.5
2025-02-15T19:00,11.9,70,6.6,0,869.4,97,24140,4.4,215,8.3
2025-02-15T20:00,11.4,74,6.9,0,869.6,100,24140,3.8,197,7.9
2025-02-15T21:00,10.4,79,6.9,0,869.5,85,24140,4,175,7.2
2025-02-15T22:00,9.6,83,6.9,0,869.5,94,24140,4.6,219,12.2
2025-02-15T23:00,9.2,88,7.3,0.1,869.5,84,24140,1.6,243,13.3
2025-02-16T00:00,9.4,88,7.5,0.1,869.3,86,24140,0.8,297,16.9
2025-02-16T01:00,9.4,88,7.5,0,869.2,90,24140,0,270,6.1
2025-02-16T02:00,9.4,88,7.5,0.1,868.8,89,24140,1.1,162,6.1
2025-02-16T03:00,8.9,91,7.5,0,868.7,90,24140,2.7,203,8.3
2025-02-16T04:00,8.5,93,7.5,0,868.4,91,24140,3.2,207,9.4
2025-02-16T05:00,8,95,7.3,0,868,62,24140,4.7,203,8.6
2025-02-16T06:00,7.5,95,6.7,0,868.6,24,24140,2.5,278,9
2025-02-16T07:00,8,94,7.1,0,869.6,15,24140,3,256,6.5
2025-02-16T08:00,11.3,80,7.9,0,871.6,71,24140,2.3,108,7.9
2025-02-16T09:00,13.2,69,7.6,0,872.5,67,24140,4,117,11.2
2025-02-16T10:00,15,59,7,0,873.3,71,24140,4.1,105,11.9
2025-02-16T11:00,16.9,47,5.5,0,872.7,74,24140,1.6,117,11.5
2025-02-16T12:00,18.6,40,4.8,0,872,64,24140,2.1,121,9
2025-02-16T13:00,19.2,36,3.8,0,871.1,73,24140,1.5,45,7.9
2025-02-16T14:00,19.7,33,3,0,870.6,64,24140,0.4,90,5.8
2025-02-16T15:00,19.4,34,3.1,0,870.1,68,24140,2.5,188,6.8
2025-02-16T16:00,18.6,38,4,0,870.5,67,24140,6.2,201,11.5
2025-02-16T17:00,16.5,46,4.9,0,870.7,85,24140,7.1,195,13
2025-02-16T18:00,14.6,58,6.4,0,871.2,93,24140,6.3,193,13.3
2025-02-16T19:00,13.2,67,7.2,0,871.5,70,24140,5.7,198,11.2
2025-02-16T20:00,12.2,73,7.5,0,872.2,80,24140,4.8,193,9.4
2025-02-16T21:00,11.2,80,7.9,0,872.3,87,24140,4.3,185,8.3
2025-02-16T22:00,10.4,85,8,0,872.2,83,24140,4,207,7.6
2025-02-16T23:00,8.4,91,7,0,872.3,100,24140,4.2,239,7.2
2025-02-17T00:00,7.7,92,6.5,0,871.9,83,24140,3.7,259,7.6
2025-02-17T01:00,7.2,93,6.2,0,871.8,89,24140,4.2,239,7.2
2025-02-17T02:00,7.1,92,5.9,0,871.3,88,24140,4,243,7.6
2025-02-17T03:00,6.8,91,5.4,0,871.3,51,24140,4.2,250,8.3
2025-02-17T04:00,6,93,4.9,0,870.9,47,24140,4.6,225,7.6
2025-02-17T05:00,5.6,95,4.8,0,871.5,49,24140,3.8,253,9
2025-02-17T06:00,5.3,94,4.4,0,872,46,24140,3.3,257,7.2
2025-02-17T07:00,6.9,89,5.2,0,873.3,36,24140,2.6,254,6.1
2025-02-17T08:00,11.2,77,7.3,0,875.2,53,24140,3.6,90,9
2025-02-17T09:00,14,67,7.9,0,876.2,73,24140,4.4,125,11.5
2025-02-17T10:00,16,56,7.2,0,876.2,62,24140,4.9,126,13
2025-02-17T11:00,17.9,47,6.4,0,876,78,24140,4.6,141,13.7
2025-02-17T12:00,19.3,40,5.4,0,874.9,75,24140,5.2,146,13.3
2025-02-17T13:00,19.6,37,4.5,0,873.9,90,24140,6,147,14
2025-02-17T14:00,19.4,37,4.3,0,873.1,73,24140,7.2,183,14.8
2025-02-17T15:00,18.8,39,4.6,0,872.6,90,24140,2.3,198,13.7
2025-02-17T16:00,17.5,45,5.5,0.1,872.8,55,24140,4.4,279,9
2025-02-17T17:00,16,48,5,0,872.7,89,24140,4.9,306,11.5
2025-02-17T18:00,13.3,63,6.4,0,872.7,53,24140,5.2,295,10.1
2025-02-17T19:00,11.4,77,7.5,0,872.7,64,24140,7.4,284,12.6
2025-02-17T20:00,10.8,82,7.9,0,873.5,53,24140,6.6,279,13
2025-02-17T21:00,9.7,87,7.7,0,873.6,32,24140,5.1,278,11.2
2025-02-17T22:00,8.5,90,6.9,0,873,41,24140,4.1,285,8.3
2025-02-17T23:00,7.1,93,6,0,872.7,49,24140,5,270,8.3
2025-02-18T00:00,6.4,94,5.5,0,871.8,41,24140,5.2,258,9
2025-02-18T01:00,6.2,93,5.1,0,871.6,39,24140,5.6,255,10.1
2025-02-18T02:00,6.1,92,4.9,0,871.1,32,24140,5.3,242,10.1
2025-02-18T03:00,5.7,92,4.5,0,870.5,11,24140,3.9,248,9.7
2025-02-18T04:00,5.3,91,4,0,870.2,75,24140,3.6,270,6.8
2025-02-18T05:00,5,92,3.8,0,871.1,36,24140,3.2,270,7.2
2025-02-18T06:00,4.4,93,3.4,0,871.1,54,24140,3.6,270,6.1
2025-02-18T07:00,6.1,88,4.3,0,872.5,57,24140,4.1,285,7.2
2025-02-18T08:00,10.8,74,6.4,0,873.9,51,24140,2.5,45,7.2
2025-02-18T09:00,13.2,67,7.2,0,875,65,24140,4.4,99,11.2
2025-02-18T10:00,14.6,62,7.4,0,875.2,88,24140,4.3,132,11.9
2025-02-18T11:00,17.8,45,5.7,0,875.6,75,24140,3.4,162,12.2
2025-02-18T12:00,19,39,4.7,0,874.2,65,24140,3.3,139,11.5
2025-02-18T13:00,19.6,35,3.7,0,873.1,89,24140,1.4,90,9.7
2025-02-18T14:00,19.3,35,3.5,0,872.4,61,24140,5.3,332,11.9
2025-02-18T15:00,18.4,39,4.2,0,872.1,88,24140,9.5,279,17.6
2025-02-18T16:00,16.8,48,5.7,0,871.6,89,24140,10.4,270,20.5
2025-02-18T17:00,15.3,60,7.6,0,871.9,100,24140,7.3,281,18.7
2025-02-18T18:00,13,73,8.2,0,871.6,33,24140,6.2,280,13.3
2025-02-18T19:00,12,80,8.6,0,872,31,24140,7,282,11.9
2025-02-18T20:00,11.5,83,8.7,0,872.4,78,24140,5.9,281,11.9
2025-02-18T21:00,10.5,88,8.6,0,872.9,46,24140,6,287,10.1
2025-02-18T22:00,9.8,89,8.1,0,872.7,47,24140,5.4,274,10.8
2025-02-18T23:00,9.9,89,8.1,0,872.7,17,24140,1.8,323,10.1
2025-02-19T00:00,9.1,88,7.2,0,871.9,7,24140,3.3,264,6.1
2025-02-19T01:00,7.4,92,6.2,0,871.1,26,24140,5.1,262,9.7
2025-02-19T02:00,6.6,93,5.5,0,870.7,29,24140,6,253,11.5
2025-02-19T03:00,6,92,4.8,0,870.1,18,24140,5.5,247,11.5
2025-02-19T04:00,5.7,90,4.2,0,869.7,7,24140,4.8,243,10.4
2025-02-19T05:00,4.6,91,3.3,0,870,0,24140,4.9,253,8.6
2025-02-19T06:00,4.6,87,2.6,0,870.4,0,24140,3.9,248,9.4
2025-02-19T07:00,6.4,80,3.2,0,871.5,0,24140,4.3,246,7.2
2025-02-19T08:00,11.6,63,4.8,0,873.7,0,24140,1,45,7.2
2025-02-19T09:00,14.3,57,5.9,0,874.8,0,24140,4,90,11.9
2025-02-19T10:00,16.8,50,6.3,0,875.5,8,24140,5.3,118,14
2025-02-19T11:00,18.7,40,4.8,0,875.3,26,24140,4.4,145,13.7
2025-02-19T12:00,19.7,34,3.4,0,874.1,82,24140,4.3,132,11.2
2025-02-19T13:00,20.1,31,2.5,0,873,63,24140,5.5,101,13.3
2025-02-19T14:00,20.6,29,1.9,0,872,70,24140,4.1,105,13.3
2025-02-19T15:00,20.3,29,1.7,0,871.2,84,24140,3.3,131,10.8
2025-02-19T16:00,19.7,31,2.1,0,870.5,40,24140,3.3,167,7.9
2025-02-19T17:00,17.5,39,3.4,0,871.5,25,24140,6.5,214,7.6
2025-02-19T18:00,14.5,54,5.3,0,871,10,24140,7.1,229,11.5
2025-02-19T19:00,11.8,67,5.8,0,870.9,13,24140,6.5,251,11.5
2025-02-19T20:00,9.8,77,6,0,870.8,100,24140,6.7,254,10.8
2025-02-19T21:00,9.3,79,5.8,0,871.4,100,24140,6.6,261,11.9
2025-02-19T22:00,8.4,84,5.9,0,871.4,47,24140,5.5,281,10.8
2025-02-19T23:00,7.2,88,5.3,0,871.9,88,24140,6.2,277,9.4
2025-02-20T00:00,7.5,86,5.3,0,871.5,100,24140,6.2,260,9.7
2025-02-20T01:00,8.3,83,5.6,0,871.9,100,24140,4.7,270,10.1
2025-02-20T02:00,8.3,84,5.7,0,871.5,100,24140,3,284,7.2
2025-02-20T03:00,8,84,5.4,0,871.3,81,24140,3.4,288,5
2025-02-20T04:00,7.4,86,5.2,0,871,100,24140,4.4,261,6.8
2025-02-20T05:00,7.1,88,5.3,0,872.2,84,24140,4.3,228,7.6
2025-02-20T06:00,6.8,89,5.1,0,872.5,80,24140,3.4,288,7.2
2025-02-20T07:00,8.4,84,5.9,0,873.8,89,24140,4.1,255,7.2
2025-02-20T08:00,12.6,71,7.5,0,875.3,58,24140,0,270,6.5
2025-02-20T09:00,15.6,62,8.3,0,876.4,61,24140,3,76,8.6
2025-02-20T10:00,18.4,50,7.8,0,877,21,24140,4.1,105,11.9
2025-02-20T11:00,20.1,44,7.5,0,876.7,22,24140,4.9,144,12.6
2025-02-20T12:00,21.3,36,5.6,0,876.1,71,24140,5.7,162,13
2025-02-20T13:00,21.4,34,4.9,0,875.3,80,24140,7.2,177,15.1
2025-02-20T14:00,19.2,47,7.6,0.4,874.4,73,24140,10.6,190,22.7
2025-02-20T15:00,18.3,52,8.2,0.4,874,100,24140,4.9,163,19.4
2025-02-20T16:00,16.2,64,9.4,1.3,874.1,100,24140,1.5,135,15.5
2025-02-20T17:00,15.6,67,9.5,0.1,874.1,100,24140,2.1,239,12.2
2025-02-20T18:00,13.7,77,9.8,0.2,874.6,100,24140,4.2,20,14.4
2025-02-20T19:00,12.6,82,9.6,0,874.4,90,24140,4,5,9
2025-02-20T20:00,11.9,84,9.3,0,874.1,44,24140,2.7,293,8.3
2025-02-20T21:00,10.3,89,8.5,0,873.7,22,24140,5.5,247,9.4
2025-02-20T22:00,9.1,91,7.7,0,873.6,12,24140,6.2,263,10.1
2025-02-20T23:00,8.5,90,7,0,873.8,7,24140,5.8,274,9.7
2025-02-21T00:00,8,88,6.2,0,873.5,68,24140,6.5,270,11.5
2025-02-21T01:00,8,83,5.3,0,873.4,62,24140,6.2,260,11.9
2025-02-21T02:00,7.7,80,4.5,0,872.7,28,24140,5.5,259,11.2
2025-02-21T03:00,7.1,79,3.7,0,872.2,0,24140,5,270,10.1
2025-02-21T04:00,6.6,76,2.6,0,872.2,25,24140,5.8,270,10.8
2025-02-21T05:00,6,78,2.4,0,872,0,24140,4.6,231,10.8
2025-02-21T06:00,5.2,81,2.2,0,872.5,0,24140,5.2,236,8.6
2025-02-21T07:00,6.7,74,2.4,0,873.6,0,24140,5.6,255,9
2025-02-21T08:00,12.8,48,2.1,0,875.6,0,24140,1.8,307,9.4
2025-02-21T09:00,15.4,43,2.9,0,876.8,0,24140,1.8,79,9
2025-02-21T10:00,17.8,40,4,0,877.3,0,24140,2.5,98,11.5
2025-02-21T11:00,20.1,33,3.3,0,877.1,0,24140,3.6,264,11.2
2025-02-21T12:00,21.1,29,2.4,0,876,49,24140,4.8,283,11.9
2025-02-21T13:00,21.1,28,1.8,0,875,9,24140,10.2,288,19.1
2025-02-21T14:00,20.9,27,1.2,0,874.1,46,24140,15.2,266,26.3
2025-02-21T15:00,19.6,34,3.3,0,873.3,92,24140,19.7,261,34.2
2025-02-21T16:00,18.3,41,4.8,0,872.7,31,24140,18.5,263,34.6
2025-02-21T17:00,16.5,47,5.1,0,872.7,0,24140,9.8,264,31.7
2025-02-21T18:00,14,57,5.6,0,872.7,3,24140,5.9,256,17.6
2025-02-21T19:00,11.9,68,6.2,0,872.6,0,24140,8.3,270,15.1
2025-02-21T20:00,11.2,73,6.5,0,872.7,0,24140,9,272,15.8
2025-02-21T21:00,10.7,78,7,0,872.8,0,24140,8.4,280,15.5
2025-02-21T22:00,9.9,83,7.2,0,872.8,0,24140,7.7,281,14.4
2025-02-21T23:00,8.8,85,6.4,0,872.1,18,24140,6.5,289,13.7
2025-02-22T00:00,7.8,88,5.9,0,871.9,10,24140,5.9,281,12.2
2025-02-22T01:00,7.2,89,5.5,0,871.5,17,24140,6.9,276,12.2
2025-02-22T02:00,7.1,86,4.9,0,871.3,25,24140,6.5,273,12.2
2025-02-22T03:00,6.8,83,4.1,0,870.9,22,24140,5.9,281,10.8
2025-02-22T04:00,6.4,82,3.5,0,870.7,7,24140,5.7,288,9.7
2025-02-22T05:00,6.4,80,3.2,0,870.9,42,24140,4.3,228,9.4
2025-02-22T06:00,5.8,83,3.2,0,871.4,17,24140,4.5,256,7.2
2025-02-22T07:00,7.7,75,3.6,0,872.5,0,24140,5.1,274,8.6
2025-02-22T08:00,12.9,55,4.1,0,874.5,0,24140,1.8,360,8.6
2025-02-22T09:00,15.9,47,4.6,0,875.9,66,24140,3.6,90,11.5
2025-02-22T10:00,18.5,42,5.3,0,876.8,73,24140,5.9,128,15.1
2025-02-22T11:00,21.1,27,1.3,0,876.8,0,24140,4,175,15.1
2025-02-22T12:00,22.5,23,0.3,0,875.9,11,24140,5.7,198,13.3
2025-02-22T13:00,22.5,22,-0.3,0,875.1,70,24140,5.5,238,14
2025-02-22T14:00,22.1,23,0,0,874.3,53,24140,9.8,246,19.1
2025-02-22T15:00,20.8,29,2.1,0,874,80,24140,14.1,238,25.9
2025-02-22T16:00,19.8,32,2.6,0,873.7,31,24140,11,247,25.2
2025-02-22T17:00,17.7,37,2.8,0,873.6,30,24140,10,257,19.4
2025-02-22T18:00,14.8,48,3.9,0,873.6,60,24140,6.7,254,16.9
2025-02-22T19:00,13,57,4.6,0,873.9,0,24140,8.3,265,16.2
2025-02-22T20:00,12.1,62,5,0,874,0,24140,8.7,275,16.6
2025-02-22T21:00,11.1,69,5.6,0,873.8,0,24140,7.9,273,15.8
2025-02-22T22:00,9.9,75,5.6,0,873.7,0,24140,7.2,273,13.7
2025-02-22T23:00,8.2,76,4.2,0,873.4,0,24140,6.6,279,11.9
2025-02-23T00:00,7.8,76,3.9,0,873,72,24140,5.9,284,11.2
2025-02-23T01:00,7.9,74,3.6,0,873,81,24140,5,270,10.1
2025-02-23T02:00,7.9,74,3.5,0,872.4,80,24140,4,265,8.3
2025-02-23T03:00,7.7,75,3.6,0,872.5,63,24140,3.7,241,6.1
2025-02-23T04:00,7.1,77,3.4,0,872.3,57,24140,4.7,270,7.6
2025-02-23T05:00,7.1,75,2.9,0,872.5,37,24140,4.2,250,8.6
2025-02-23T06:00,6.5,77,2.7,0,873.2,61,24140,4.2,290,7.6
2025-02-23T07:00,8.4,68,2.8,0,874.1,78,24140,4.9,253,8.6
2025-02-23T08:00,13.1,50,2.9,0,876.2,82,24140,0.4,180,9
2025-02-23T09:00,15,47,3.8,0,877,87,24140,2.9,83,9.7
2025-02-23T10:00,17.3,43,4.6,0,878.2,86,24140,3.6,84,11.5
2025-02-23T11:00,19.1,34,2.9,0,877.2,65,24140,3.8,139,11.5
2025-02-23T12:00,20.1,31,2.4,0,876.5,86,24140,4.2,121,12.2
2025-02-23T13:00,20.8,30,2.6,0,875.6,77,24140,8.5,168,17.6
2025-02-23T14:00,18.9,38,4.3,0.3,874.7,100,24140,8.1,201,19.1
2025-02-23T15:00,17.4,47,6,0.3,874.4,100,24140,7.9,254,17.3
2025-02-23T16:00,16.2,53,6.6,0.2,874.2,62,24140,5.1,278,15.8
2025-02-23T17:00,16,50,5.6,0.1,874.2,75,24140,5.1,225,13.3
2025-02-23T18:00,13.2,68,7.4,0.2,874.3,33,24140,6.4,223,14.4
2025-02-23T19:00,11.8,75,7.5,0,874.7,35,24140,4.9,253,11.2
2025-02-23T20:00,10.4,81,7.2,0,874.7,30,24140,5.8,266,10.4
2025-02-23T21:00,9,86,6.8,0,875,0,24140,5.4,262,10.8
2025-02-23T22:00,7.9,89,6.2,0,874.6,0,24140,5.8,266,9.7
2025-02-23T23:00,7.4,90,5.9,0,874.3,0,24140,4.7,247,9.7
2025-02-24T00:00,6.9,91,5.6,0,874,0,24140,4.5,241,8.3
2025-02-24T01:00,6.7,90,5.1,0,873.8,0,24140,4.6,252,7.9
2025-02-24T02:00,6.8,89,5.1,0,873.9,31,24140,5,291,8.3
2025-02-24T03:00,7.1,88,5.2,0,873.9,20,24140,5.3,298,9.4
2025-02-24T04:00,6.9,89,5.2,0,874,0,24140,5.8,292,10.4
2025-02-24T05:00,7.2,87,5.2,0,874,20,24140,4.6,252,11.5
2025-02-24T06:00,6.7,88,4.9,0,874.8,0,24140,4.2,250,8.3
2025-02-24T07:00,8.5,83,5.8,0,875.8,5,24140,4.4,261,9
2025-02-24T08:00,13.1,66,6.9,0,877.8,9,20440,2.1,31,8.6
2025-02-24T09:00,15.2,59,7.2,0,878.9,0,24140,2.6,74,9.7
2025-02-24T10:00,16.8,51,6.6,0,879,52,21200,2.2,99,12.2
2025-02-24T11:00,18.6,40,4.7,0.1,878.6,67,21980,0.8,207,10.1
2025-02-24T12:00,20,37,4.9,0,877.3,40,21160,3.3,257,11.9
2025-02-24T13:00,18.5,41,5,0.2,876.4,100,20940,10.5,278,20.2
2025-02-24T14:00,18.2,42,5.1,0.2,875.6,100,24140,9,268,21.6
2025-02-24T15:00,17.9,43,5.2,0.1,875.3,100,20360,8.4,263,18
2025-02-24T16:00,16.8,45,4.8,0.1,875.1,83,24140,5.1,274,18.7
2025-02-24T17:00,16.3,51,6.1,0.1,875.1,88,24140,0.8,117,9.7
2025-02-24T18:00,14.4,56,5.7,0,874.8,75,24140,2.8,50,4.3
2025-02-24T19:00,12.9,64,6.2,0,875,98,24140,3.5,294,6.5
2025-02-24T20:00,10.4,76,6.3,0,874.6,39,24140,5.5,281,10.1
2025-02-24T21:00,9.1,84,6.5,0,874.8,0,24140,6.2,280,11.2
2025-02-24T22:00,8.3,88,6.4,0,874.6,0,24140,6.5,276,11.5
2025-02-24T23:00,7.9,89,6.2,0,875.6,27,24140,5.8,277,11.9
2025-02-25T00:00,7.3,90,5.8,0,875,29,24140,5.4,274,10.4
2025-02-25T01:00,7,90,5.5,0,874.7,32,24140,6.5,264,10.8
2025-02-25T02:00,7.2,88,5.4,0,874.2,53,24140,5.4,270,10.8
2025-02-25T03:00,7.1,89,5.4,0,874.3,47,24140,5.2,258,9.4
2025-02-25T04:00,6.7,90,5.1,0,873.9,36,24140,4.7,247,8.6
2025-02-25T05:00,6.7,92,5.5,0,874,6,24140,5.9,256,9
2025-02-25T06:00,6,94,5.1,0,874.4,31,24140,3.5,294,10.4
2025-02-25T07:00,8,90,6.4,0,875.5,0,24140,5.4,274,10.4
2025-02-25T08:00,12.9,70,7.6,0,877.6,0,24140,1.4,90,10.8
2025-02-25T09:00,15.3,61,7.8,0,878.9,0,24140,4.5,104,12.6
2025-02-25T10:00,17.8,48,6.6,0,879.6,18,24140,4.7,122,13.7
2025-02-25T11:00,20,40,6,0,879.2,25,24140,5,159,13.3
2025-02-25T12:00,21.4,37,6.1,0,878.3,100,24140,4.9,163,13.3
2025-02-25T13:00,22.2,34,5.6,0,877.8,91,24140,2.2,189,12.6
2025-02-25T14:00,22.2,33,5.1,0,877.4,79,24140,5.2,258,13
2025-02-25T15:00,21.5,34,4.9,0,876.8,86,24140,10.5,262,20.2
2025-02-25T16:00,20.2,37,5.1,0,876.7,100,24140,11.4,259,21.6
2025-02-25T17:00,18.6,46,6.7,0,877.5,100,24140,7.9,254,20.2
2025-02-25T18:00,16.5,55,7.4,0,877.4,100,24140,3.9,236,13.7
2025-02-25T19:00,14.2,65,7.7,0,877.1,100,24140,4.4,235,9
2025-02-25T20:00,11.9,76,7.8,0,876.9,100,24140,6,237,10.4
2025-02-25T21:00,11.2,80,7.9,0,877.3,100,24140,6.2,249,10.8
2025-02-25T22:00,10.8,82,7.8,0,877.2,100,24140,6,245,10.4
2025-02-25T23:00,8.6,90,7,0,877.1,5,24140,4.1,232,10.1
2025-02-26T00:00,8,91,6.6,0,876.5,28,24140,4.3,222,7.2
2025-02-26T01:00,7.8,91,6.4,0,876,32,24140,3.5,246,6.8
2025-02-26T02:00,7.7,91,6.3,0,875.5,25,24140,4,243,6.5
2025-02-26T03:00,7.6,92,6.4,0,875.6,38,24140,4.7,270,7.6
2025-02-26T04:00,7.5,94,6.6,0,875.3,47,24140,4,265,7.6
2025-02-26T05:00,7.3,93,6.2,0,876.2,57,24140,5.4,270,7.6
2025-02-26T06:00,6.9,92,5.7,0,876,43,24140,4.6,231,8.6
2025-02-26T07:00,8.8,86,6.6,0,877.3,87,24140,4.7,270,7.9
2025-02-26T08:00,13.8,67,7.8,0,879.4,19,24140,2.9,360,8.6
2025-02-26T09:00,16.2,58,7.9,0,880.6,0,24140,2.9,60,11.5
2025-02-26T10:00,18.3,48,7.1,0,880.7,42,24140,1.4,90,10.4
2025-02-26T11:00,20.8,42,7.4,0,880.5,14,24140,1.8,180,7.9
2025-02-26T12:00,22.1,38,7.1,0,879.1,37,24140,2.1,149,7.6
2025-02-26T13:00,22.9,35,6.6,0,878.1,56,24140,2.9,150,8.6
2025-02-26T14:00,23,33,5.9,0,877.1,71,24140,3.6,180,10.1
2025-02-26T15:00,22.4,35,6.2,0,876.4,88,24140,7.9,180,15.1
2025-02-26T16:00,21.1,39,6.6,0,876.1,100,24140,8,185,15.8
2025-02-26T17:00,19.5,48,8.2,0,875.2,69,24140,8.2,195,15.5
2025-02-26T18:00,17.3,59,9.2,0,875.3,59,24140,6.8,180,15.1
2025-02-26T19:00,15.8,68,9.9,0,875.4,100,24140,5.8,180,11.9
2025-02-26T20:00,14.9,74,10.3,0,875.8,96,24140,4.7,189,10.1
2025-02-26T21:00,14.6,77,10.6,0,876.3,97,24140,4,190,9.4
2025-02-26T22:00,14.3,80,10.9,0,876.5,91,24140,3.6,225,7.6
2025-02-26T23:00,14.1,79,10.5,0,876.9,100,24140,2.3,231,7.6
2025-02-27T00:00,13.5,82,10.5,0,876,85,24140,2.8,230,6.1
2025-02-27T01:00,12.8,85,10.3,0,875.2,84,24140,4,270,7.6
2025-02-27T02:00,12.1,88,10.2,0,874.5,53,24140,3.7,281,7.6
2025-02-27T03:00,11.2,91,9.8,0,873.8,55,24140,4.7,261,7.9
2025-02-27T04:00,10.3,93,9.2,0,873.6,52,24140,5.5,259,9.4
2025-02-27T05:00,9.7,93,8.6,0,874.2,43,24140,5.4,270,9.7
2025-02-27T06:00,9.6,93,8.5,0,874.8,43,24140,5.6,243,10.4
2025-02-27T07:00,11.8,86,9.6,0,875.8,44,24140,4,270,10.4
2025-02-27T08:00,14.6,74,10,0,877,61,24140,1.5,76,7.6
2025-02-27T09:00,16.5,63,9.5,0,877.3,59,24140,1.8,169,8.3
2025-02-27T10:00,18,55,8.8,0,877.6,91,24140,3.2,153,10.1
2025-02-27T11:00,19.5,48,8.2,0,877.6,85,24140,4.4,171,11.5
2025-02-27T12:00,20.7,43,7.6,0,876.5,87,24140,4.7,189,12.2
2025-02-27T13:00,21,41,7.3,0,875.1,100,24140,5.1,225,13.7
2025-02-27T14:00,21.4,39,6.9,0,874.4,98,24140,5.8,248,14
2025-02-27T15:00,20.8,41,7.1,0,873.3,100,24140,6.8,245,13
2025-02-27T16:00,20,45,7.7,0,873,100,24140,6.3,246,13.7
2025-02-27T17:00,18.3,51,8,0,873.6,94,24140,7.3,237,14.4
2025-02-27T18:00,16.5,60,8.7,0,873.6,100,24140,5.6,230,14.4
2025-02-27T19:00,15.3,68,9.4,0,874.1,100,24140,4.2,239,13
2025-02-27T20:00,14.5,74,9.9,0,874,76,24140,2.9,210,10.8
2025-02-27T21:00,13,81,9.8,0,874.1,72,24140,3.3,229,7.6
2025-02-27T22:00,11.7,88,9.8,0,873.5,73,24140,3.3,264,7.6
2025-02-27T23:00,10.5,92,9.3,0,874,100,24140,4.7,274,11.2
2025-02-28T00:00,10.7,92,9.5,0,873.4,100,24140,3,284,9.7
2025-02-28T01:00,10.7,91,9.3,0,872.8,97,24140,1.8,259,6.5
2025-02-28T02:00,10.2,92,9,0,871.8,86,24140,4.9,253,9.4
2025-02-28T03:00,10.1,93,9,0,871.6,87,24140,3.1,249,9.4
2025-02-28T04:00,9.9,94,9,0,871.3,91,24140,3.3,229,7.2
2025-02-28T05:00,10.1,92,8.8,0,871.8,86,24140,3.2,243,6.8
2025-02-28T06:00,9.9,91,8.5,0,872.7,80,24140,2.7,293,9.4
2025-02-28T07:00,11.6,85,9.2,0,874.2,71,24140,3.4,252,9.7
2025-02-28T08:00,14.8,73,10,0,875.8,76,24140,3.9,202,12.2
2025-02-28T09:00,16.4,66,10,0,876.3,100,24140,0.5,135,12.6
2025-02-28T10:00,18.3,57,9.7,0,876.5,100,24140,1.1,90,10.4
2025-02-28T11:00,18.8,56,9.8,0,876.1,93,24140,3.1,45,11.5
2025-02-28T12:00,18.1,60,10.2,0.2,874.7,92,24140,2.3,18,11.2
2025-02-28T13:00,18.1,61,10.5,0.2,874.7,100,24140,3.7,281,12.6
2025-02-28T14:00,17.5,64,10.6,0.5,873.9,100,24140,3.6,354,28.8
2025-02-28T15:00,16.2,71,10.9,0.8,874,100,24140,5.4,352,36.7
2025-02-28T16:00,16.1,74,11.4,0,873.4,100,24140,4.5,14,17.6
2025-02-28T17:00,15.3,76,11.1,0,874.3,100,24140,3.6,6,15.1
2025-02-28T18:00,14.2,80,10.8,0,874.8,100,24140,4.4,351,11.5
2025-02-28T19:00,13.6,82,10.6,0,874.7,90,24140,2.1,31,12.6
2025-02-28T20:00,12.7,82,9.7,0,874.2,84,24140,4.1,322,13.7
2025-02-28T21:00,12.1,83,9.3,0,873.8,96,24140,4.8,297,13.7
2025-02-28T22:00,11.8,82,8.8,0,873.6,70,24140,4.1,285,13.3
2025-02-28T23:00,11.6,79,8.1,0,873.6,91,24140,3.2,270,14.8
2025-03-01T00:00,11.3,80,7.9,0.1,873.2,100,24140,3.3,319,25.9
2025-03-01T01:00,11.2,81,8,0.3,872.5,100,24140,0.8,333,28.8
2025-03-01T02:00,11.4,78,7.7,0,871.8,100,24140,1.5,194,27.7
2025-03-01T03:00,10.9,81,7.7,0.8,871.3,100,24140,3.9,202,30.2
2025-03-01T04:00,9.7,88,7.8,0,870.5,82,24140,5.6,207,15.5
2025-03-01T05:00,9.1,88,7.2,0.1,870.8,87,24140,3.4,238,28.4
2025-03-01T06:00,9.2,87,7.1,0,872.1,72,24140,4.8,243,14.4
2025-03-01T07:00,10.5,83,7.7,0,873.4,96,24140,5,249,11.5
2025-03-01T08:00,13.8,71,8.6,0,874.5,57,24140,1.5,346,11.2
2025-03-01T09:00,15.9,60,8.2,0,874.5,84,24140,5.2,102,12.2
2025-03-01T10:00,17.8,54,8.4,0,874.9,39,24140,3.1,159,12.2
2025-03-01T11:00,18.8,55,9.6,0,874.6,52,24140,3.4,238,14
2025-03-01T12:00,20.7,65,13.9,0,873.8,49,24140,0.8,243,15.5
2025-03-01T13:00,21.8,43,8.7,0,873.1,62,24140,4.1,308,23
2025-03-01T14:00,22.3,38,7.3,0,872.4,88,24140,9.2,281,22.3
2025-03-01T15:00,21.1,41,7.3,0,871.7,70,24140,13.8,263,25.2
2025-03-01T16:00,19.7,48,8.4,0,871.3,61,24140,10.4,272,25.2
2025-03-01T17:00,17.4,57,8.8,0.1,871.9,60,24140,3.4,288,27.7
2025-03-01T18:00,15.5,68,9.6,0,872.2,67,24140,3.3,276,11.2
2025-03-01T19:00,13.9,75,9.5,0,872.1,40,24140,4.3,294,9.4
2025-03-01T20:00,12.1,83,9.3,0,871.7,31,24140,5.4,290,10.8
2025-03-01T21:00,10.8,89,9,0,871.1,8,24140,6.6,279,14
2025-03-01T22:00,10,89,8.2,0,870.5,0,24140,7.3,279,15.5
2025-03-01T23:00,9,87,7,0,870,0,24140,6.5,273,17.6
2025-03-02T00:00,8.4,83,5.7,0,869.5,0,24140,7,282,15.5
2025-03-02T01:00,7.8,79,4.4,0,868.7,0,24140,7.3,279,16.9
2025-03-02T02:00,7.3,78,3.7,0,867.9,0,24140,7.2,276,15.1
2025-03-02T03:00,6.9,79,3.5,0,867.3,0,24140,6.8,273,14.4
2025-03-02T04:00,6.5,80,3.3,0,866.6,0,24140,6.1,270,14
2025-03-02T05:00,6.5,75,2.4,0,867.1,0,24140,7.2,276,12.6
2025-03-02T06:00,6.1,79,2.7,0,867.5,0,24140,6.7,286,14.8
2025-03-02T07:00,9.3,73,4.7,0,868.7,0,24140,6.2,277,15.1
2025-03-02T08:00,14.6,53,5.1,0,870.8,0,24140,2.8,40,13
2025-03-02T09:00,16.6,47,5.2,0,871.5,0,24140,2.4,63,11.5
2025-03-02T10:00,19.1,41,5.6,0,872.2,0,24140,1.1,90,11.5
2025-03-02T11:00,21.2,37,5.9,0,871.4,0,24140,1,225,9
2025-03-02T12:00,23.2,33,6.1,0,870.9,0,24140,2.3,252,10.8
2025-03-02T13:00,23.8,27,3.7,0,869.8,0,24140,4.7,302,12.2
2025-03-02T14:00,23.8,26,3.2,0,869,0,24140,7,291,15.5
2025-03-02T15:00,23.2,28,3.7,0,868.6,0,24140,10,283,18.7
2025-03-02T16:00,21.8,31,3.9,0,868.1,0,24140,10.9,287,20.2
2025-03-02T17:00,19.1,44,6.5,0,868.1,0,24140,8.8,282,20.2
2025-03-02T18:00,16.3,56,7.5,0,868.6,24,24140,8.8,282,16.9
2025-03-02T19:00,14.8,63,7.8,0,869,29,24140,9.2,281,16.6
2025-03-02T20:00,13.8,69,8.2,0,869.4,29,24140,8,280,15.8
2025-03-02T21:00,12.5,76,8.4,0,869.4,15,24140,6.9,279,14.4
2025-03-02T22:00,11.3,83,8.5,0,869.2,0,24140,6.7,286,12.6
2025-03-02T23:00,9.9,88,8,0,868.7,0,24140,6.2,277,12.6
2025-03-03T00:00,9.1,91,7.7,0,868.4,0,24140,5.8,277,10.4
2025-03-03T01:00,8.7,91,7.3,0,868.1,0,24140,6.6,279,11.2
2025-03-03T02:00,8.5,91,7.1,0,867.8,0,24140,5.4,278,11.2
2025-03-03T03:00,8.2,91,6.8,0,867.8,0,24140,4.4,261,9.4
2025-03-03T04:00,7.8,91,6.4,0,867.9,0,24140,4.3,228,7.2
2025-03-03T05:00,7.9,91,6.5,0,868.1,0,24140,5.2,214,7.2
2025-03-03T06:00,7.9,90,6.4,0,868.8,0,24140,3.4,302,8.3
2025-03-03T07:00,10.3,85,7.9,0,870.4,0,24140,4.6,252,8.3
2025-03-03T08:00,14.8,71,9.6,0,872.6,0,24140,1.6,63,7.9
2025-03-03T09:00,17.2,65,10.5,0,873.3,0,24140,2.9,83,8.3
2025-03-03T10:00,19.7,55,10.4,0,873.5,0,24140,3.5,114,11.5
2025-03-03T11:00,22.2,43,9,0,872.7,0,24140,3.2,153,11.5
2025-03-03T12:00,23.7,38,8.6,0,872.2,24,24140,2.9,187,11.9
2025-03-03T13:00,24.4,37,8.7,0,871.6,51,24140,4,265,10.8
2025-03-03T14:00,24,38,8.8,0,870.4,47,24140,7.6,278,16.2
2025-03-03T15:00,23.4,38,8.2,0,870,30,24140,10.1,274,18.7
2025-03-03T16:00,22.2,39,7.6,0,869.5,7,24140,9,268,18.7
2025-03-03T17:00,19.8,48,8.5,0,869.4,0,24140,6.7,234,16.2
2025-03-03T18:00,17.3,57,8.7,0,869.6,0,24140,6.7,234,13.3
2025-03-03T19:00,15.4,65,8.8,0,869.9,25,24140,6.2,249,13.7
2025-03-03T20:00,13.7,72,8.8,0,869.9,42,24140,5.2,258,12.6
2025-03-03T21:00,12.2,80,8.8,0,869.7,37,24140,5.4,262,10.8
2025-03-03T22:00,11.1,84,8.5,0,869.4,5,24140,6.5,270,11.5
2025-03-03T23:00,10.1,85,7.7,0,869.2,0,24140,6.5,267,12.2
2025-03-04T00:00,9.8,86,7.6,0,868.8,0,24140,6.2,277,11.9
2025-03-04T01:00,9.4,87,7.3,0,868.1,0,24140,6.8,270,11.9
2025-03-04T02:00,9,86,6.8,0,867.7,0,24140,5.8,274,11.9
2025-03-04T03:00,8.6,87,6.5,0,867.2,0,24140,5.8,266,11.2
2025-03-04T04:00,8.4,87,6.4,0,867.5,0,24140,4.6,252,10.8
2025-03-04T05:00,8,87,6,0,867.5,0,24140,4.5,256,8.6
2025-03-04T06:00,7.9,88,6.1,0,868.1,0,24140,4.2,239,8.3
2025-03-04T07:00,10.5,81,7.3,0,869.5,0,24140,3,256,7.2
2025-03-04T08:00,15.2,62,8,0,871.6,0,24140,3.5,24,9.4
2025-03-04T09:00,17.8,55,8.6,0,872.5,0,24140,2.6,74,10.1
2025-03-04T10:00,20.2,49,9.1,0,873,0,24140,3.5,114,12.2
2025-03-04T11:00,21.9,41,8.1,0,872.3,2,24140,2.9,173,12.2
2025-03-04T12:00,23.7,33,6.4,0,872,3,24140,4.5,241,12.2
2025-03-04T13:00,24.1,31,5.9,0,871,15,24140,9.1,277,18.7
2025-03-04T14:00,23.4,33,6.2,0,870.5,10,24140,16.5,281,31
2025-03-04T15:00,22.2,32,4.7,0,870.1,0,24140,20.8,288,38.9
2025-03-04T16:00,21,35,4.9,0,870.2,15,24140,18.6,288,39.2
2025-03-04T17:00,19.5,42,6.2,0,869.2,33,24140,13.8,277,33.8
2025-03-04T18:00,17.7,52,7.7,0,870.1,45,24140,9,265,29.5
2025-03-04T19:00,16.3,62,9,0,870.1,29,24140,6.8,267,21.6
2025-03-04T20:00,14.7,70,9.3,0,870,35,24140,6.4,286,16.6
2025-03-04T21:00,13.3,76,9.2,0,869.8,25,24140,6.3,283,13.7
2025-03-04T22:00,12.4,80,9,0,869.4,38,24140,6.5,276,11.5
2025-03-04T23:00,11.9,79,8.4,0,868.9,52,24140,6.5,267,11.5
2025-03-05T00:00,11.8,80,8.4,0,868.2,69,24140,5.9,259,11.2
2025-03-05T01:00,11.5,80,8.1,0,867.7,66,24140,4.8,257,10.1
2025-03-05T02:00,10.6,82,7.7,0,866.8,65,24140,3.3,257,8.3
2025-03-05T03:00,9.7,84,7.1,0,866.1,61,24140,3.9,236,6.8
2025-03-05T04:00,9.1,86,6.9,0,865.7,33,24140,5.1,219,8.6
2025-03-05T05:00,8.4,87,6.4,0,865.9,53,24140,5.9,227,8.6
2025-03-05T06:00,9,84,6.5,0,866.4,32,24140,3.9,248,10.1
2025-03-05T07:00,10.7,81,7.5,0,867.5,0,24140,1.6,297,6.5
2025-03-05T08:00,14.7,67,8.6,0,869.2,3,24140,1.6,117,5.8
2025-03-05T09:00,17.1,62,9.7,0,869.7,6,24140,4.7,122,12.2
2025-03-05T10:00,19.1,56,10.1,0,870.1,47,24140,4.6,129,12.6
2025-03-05T11:00,21.2,42,7.8,0,869.3,28,24140,3.1,135,13.3
2025-03-05T12:00,22.5,37,7.1,0,869,54,24140,3.2,180,10.1
2025-03-05T13:00,23.2,35,6.9,0,868.6,67,24140,5,240,13
2025-03-05T14:00,22.8,36,7,0,868.1,52,24140,12.6,243,23
2025-03-05T15:00,21.7,39,7.2,0,867.5,66,24140,15.3,243,28.1
2025-03-05T16:00,20.2,44,7.6,0,867.3,57,24140,13.7,247,28.1
2025-03-05T17:00,18.1,50,7.5,0,867.1,32,24140,9.9,226,24.5
2025-03-05T18:00,16.4,59,8.3,0,867.8,61,24140,6.5,199,16.6
2025-03-05T19:00,15.4,66,9.1,0,868.3,91,24140,6,205,13.7
2025-03-05T20:00,14.7,71,9.5,0,868.5,90,24140,4.9,197,12.6
2025-03-05T21:00,13.8,76,9.7,0,868.4,85,24140,4.4,189,10.8
2025-03-05T22:00,13,81,9.8,0,868.2,78,24140,4.5,194,9
2025-03-05T23:00,11.9,86,9.6,0,868,46,24140,4.9,197,7.9
2025-03-06T00:00,11.3,89,9.5,0,868.3,53,24140,4.1,195,8.3
2025-03-06T01:00,10.7,92,9.5,0,868.1,60,24140,3.2,207,6.8
2025-03-06T02:00,10.2,93,9.1,0,868,56,24140,2.7,203,6.1
2025-03-06T03:00,10,94,9,0,867.4,56,24140,2.9,210,5.4
2025-03-06T04:00,9.9,94,8.9,0,867.5,46,24140,3.3,257,5
2025-03-06T05:00,9.7,94,8.8,0,867.9,46,24140,1.9,248,5.4
2025-03-06T06:00,9.9,93,8.8,0,868.8,78,24140,2.1,329,3.2
2025-03-06T07:00,11.2,91,9.8,0,870.2,85,24140,1.3,304,4.7
2025-03-06T08:00,13.3,79,9.7,0,871.5,89,24140,4.7,122,10.8
2025-03-06T09:00,15.3,69,9.6,0,872.6,78,24140,7.2,117,15.8
2025-03-06T10:00,17.1,60,9.3,0,873.2,58,24140,5.7,125,15.8
2025-03-06T11:00,19,53,9.2,0,873.3,55,24140,5.9,128,14
2025-03-06T12:00,20.2,48,8.9,0,873,58,24140,7.1,139,15.8
2025-03-06T13:00,21,45,8.6,0,872.4,35,24140,8.5,144,17.3
2025-03-06T14:00,21,46,9,0,871.4,85,24140,11.5,148,20.5
2025-03-06T15:00,19.7,53,9.8,0,870.8,89,24140,12.6,156,24.5
2025-03-06T16:00,18.4,58,10,0,870.7,67,24140,11,169,23
2025-03-06T17:00,16.7,63,9.6,0,870.2,86,24140,10.1,176,20.2
2025-03-06T18:00,15.5,67,9.4,0,870.7,96,24140,8.5,168,18
2025-03-06T19:00,14.7,70,9.3,0,871.5,100,24140,7.1,165,15.1
2025-03-06T20:00,14.1,72,9.1,0,871.9,99,24140,6.6,167,13.3
2025-03-06T21:00,13.5,74,9,0,871.9,91,24140,5.6,165,13
2025-03-06T22:00,13,77,9,0,871.5,89,24140,4,185,10.8
2025-03-06T23:00,12.4,79,8.8,0,871.5,97,24140,2.9,150,8.6
2025-03-07T00:00,12,81,8.9,0,870.8,91,24140,2.6,124,6.8
2025-03-07T01:00,11.7,84,9.1,0,870,97,24140,1.8,127,6.1
2025-03-07T02:00,11.5,84,8.9,0,869.1,95,24140,1.8,180,5.4
2025-03-07T03:00,11.2,86,9,0,868.6,100,24140,2.3,219,6.5
2025-03-07T04:00,11,87,8.9,0,868.4,89,24140,3.4,212,7.9
2025-03-07T05:00,11.3,86,9.1,0,868.6,92,24140,3.7,151,8.6
2025-03-07T06:00,11,88,9.1,0,868.4,90,24140,2.9,187,8.6
2025-03-07T07:00,11.7,86,9.4,0,869.3,97,24140,3.8,221,9
2025-03-07T08:00,13.5,75,9.2,0,870.4,96,24140,0.8,153,8.3
2025-03-07T09:00,15.1,67,9,0,871.3,84,24140,4.1,135,11.2
2025-03-07T10:00,15.9,64,9.1,0,871.5,97,24140,6,107,12.2
2025-03-07T11:00,17.1,58,8.8,0,871.1,82,24140,5.1,135,14
2025-03-07T12:00,17.3,58,8.9,0,870.6,90,24140,6.6,139,14.8
2025-03-07T13:00,17.4,56,8.5,0,870.1,100,24140,5.6,130,14.8
2025-03-07T14:00,17.2,56,8.4,0,869.1,100,24140,5.4,132,12.2
2025-03-07T15:00,16.9,56,8,0,868.7,100,24140,5,150,11.2
2025-03-07T16:00,16.5,59,8.5,0,868.3,100,24140,4,170,10.1
2025-03-07T17:00,15,69,9.3,0,868.3,100,24140,4.2,211,8.3
2025-03-07T18:00,14.1,74,9.5,0.2,868.5,70,24140,3.1,216,9.4
2025-03-07T19:00,13.5,77,9.6,0,869.1,84,24140,2.9,263,7.9
2025-03-07T20:00,12.8,80,9.5,0,869.2,87,24140,4.1,255,9.4
2025-03-07T21:00,12.7,81,9.5,0,869.2,95,24140,4.1,255,9.7
2025-03-07T22:00,12.6,82,9.6,0,869.4,100,24140,3.3,264,9.4
2025-03-07T23:00,12.2,85,9.7,0,869.1,98,24140,0.8,153,7.6
2025-03-08T00:00,12,86,9.7,0.2,868.6,93,24140,1.3,124,6.8
2025-03-08T01:00,11.6,90,10,0.2,867.7,89,24140,1.1,162,10.1
2025-03-08T02:00,11.3,90,9.7,0.1,867.5,90,24140,1.1,270,11.2
2025-03-08T03:00,11.2,90,9.6,0,867.1,82,24140,1.6,27,13.7
2025-03-08T04:00,10.8,91,9.4,0,867.3,82,24140,2.9,30,20.5
2025-03-08T05:00,9.5,97,9.1,0.3,866.6,92,24140,3.1,36,19.8
2025-03-08T06:00,9.2,98,8.9,0.3,867.1,88,24140,3.2,360,17.3
2025-03-08T07:00,10.5,95,9.8,0.1,868.5,82,24140,2.1,59,15.8
2025-03-08T08:00,12.8,80,9.5,0,869.7,82,24140,2.4,63,8.3
2025-03-08T09:00,13.9,76,9.7,0.2,870.4,73,24140,1.1,180,13.3
2025-03-08T10:00,15.5,68,9.6,0,870.8,79,24140,0.4,180,11.5
2025-03-08T11:00,17.8,50,7.2,0,870.2,35,24140,2.3,162,9
2025-03-08T12:00,18.9,42,5.7,0,870.2,82,24140,1.9,158,11.2
2025-03-08T13:00,19.3,38,4.6,0,869.4,95,24140,1.9,68,6.5
2025-03-08T14:00,19.3,38,4.6,0,869,90,24140,1.6,117,6.5
2025-03-08T15:00,19.4,39,5.1,0,868.5,93,24140,1.5,225,4.7
2025-03-08T16:00,18.9,41,5.3,0,868.8,71,24140,4.6,225,8.3
2025-03-08T17:00,18,46,6.2,0,869.2,69,24140,2.9,180,8.3
2025-03-08T18:00,15.8,58,7.6,0,869.3,60,24140,4,175,6.8
2025-03-08T19:00,14.1,66,7.8,0,869.6,64,24140,3.5,204,6.8
2025-03-08T20:00,12.4,76,8.3,0,870,83,24140,4.8,228,7.9
2025-03-08T21:00,11.4,81,8.2,0,870.3,82,24140,5,240,8.6
2025-03-08T22:00,10.6,84,8,0,870.4,61,24140,3.3,229,7.9
2025-03-08T23:00,10.3,88,8.4,0,871,75,24140,2.6,236,5.8
2025-03-09T00:00,10.3,87,8.2,0,870.7,26,24140,1.5,256,4
2025-03-09T01:00,9.5,89,7.8,0,870.2,23,24140,5.1,266,8.3
2025-03-09T02:00,8.9,91,7.5,0,869.8,0,24140,6.5,267,11.2
2025-03-09T03:00,8.6,92,7.3,0,869.4,12,24140,4.6,288,10.8
2025-03-09T04:00,8.2,92,7,0,869.5,21,24140,4.2,290,8.3
2025-03-09T05:00,8.6,91,7.2,0,870.4,64,24140,3.2,270,7.9
2025-03-09T06:00,8.3,93,7.3,0,871.1,62,24140,1.5,256,6.5
2025-03-09T07:00,10,90,8.5,0,872.8,92,24140,2.9,240,5
2025-03-09T08:00,13.6,78,9.8,0,874.8,65,24140,1.3,124,6.1
2025-03-09T09:00,15.3,72,10.3,0,875.6,83,24140,5.3,118,11.2
2025-03-09T10:00,16.9,64,10,0,876.2,75,24140,4.8,132,11.9
2025-03-09T11:00,18.4,57,9.7,0,876.2,69,24140,4,153,11.5
2025-03-09T12:00,19.7,50,9,0,875.7,87,24140,6,147,15.8
2025-03-09T13:00,19.8,48,8.5,0,874.8,88,24140,6.3,121,15.5
2025-03-09T14:00,19.8,48,8.4,0,874.1,94,24140,6.1,118,13.3
2025-03-09T15:00,19.6,49,8.6,0,873.6,97,24140,7,125,13.3
2025-03-09T16:00,19.3,50,8.6,0,873.5,85,24140,6.3,156,13
2025-03-09T17:00,18.5,52,8.4,0,874.5,84,24140,3.9,202,11.9
2025-03-09T18:00,17.1,59,9,0,874.8,88,24140,4,207,7.9
2025-03-09T19:00,15.6,67,9.5,0.1,875.2,83,24140,4.6,231,7.9
2025-03-09T20:00,14.5,73,9.7,0,875.4,87,24140,4.9,234,8.3
2025-03-09T21:00,13.2,80,9.8,0,875.3,68,24140,4.3,246,7.9
2025-03-09T22:00,12,85,9.5,0,875.4,61,24140,4.9,253,8.3
2025-03-09T23:00,11.4,87,9.3,0,875.8,41,24140,6.1,270,9
2025-03-10T00:00,10.6,90,9,0,875.3,27,24140,6.1,273,10.1
2025-03-10T01:00,10.2,90,8.7,0,875.1,4,24140,6.6,283,11.2
2025-03-10T02:00,9.9,90,8.3,0,874.5,0,24140,6.2,277,10.4
2025-03-10T03:00,9.5,90,7.9,0,874.2,0,24140,6.5,270,10.4
2025-03-10T04:00,9.1,91,7.7,0,874,15,24140,5.9,256,10.4
2025-03-10T05:00,8.7,93,7.6,0,874.5,21,24140,5.8,263,9.7
2025-03-10T06:00,8.4,93,7.4,0,874.9,25,24140,4.7,266,8.6
2025-03-10T07:00,11,87,8.9,0,876.4,0,24140,4.7,293,8.3
2025-03-10T08:00,15,73,10.2,0,878.7,22,24140,2.6,34,8.3
2025-03-10T09:00,16.5,69,10.8,0,879,56,24140,3.2,90,10.1
2025-03-10T10:00,18.1,61,10.4,0,879.5,58,24140,3.9,112,11.2
2025-03-10T11:00,20,50,9.3,0,878.8,21,24140,3.4,148,13.3
2025-03-10T12:00,21.1,44,8.4,0,878,62,24140,4.3,138,11.5
2025-03-10T13:00,21.4,43,8.3,0,876.6,29,24140,5.5,113,12.2
2025-03-10T14:00,21.4,43,8.3,0,875.9,71,24140,6.5,96,11.9
2025-03-10T15:00,21.4,43,8.3,0,875.4,91,24140,5.9,104,11.9
2025-03-10T16:00,20.8,45,8.4,0,875.3,92,24140,4.1,135,10.4
2025-03-10T17:00,19.3,52,9.2,0,875.3,94,24140,3.9,236,6.8
2025-03-10T18:00,17.5,59,9.4,0,875.3,90,24140,7.2,252,11.5
2025-03-10T19:00,16.2,66,9.8,0,875.3,87,24140,7.9,267,13.3
2025-03-10T20:00,15.7,69,10,0,875.9,90,24140,6.1,273,13
2025-03-10T21:00,15.2,73,10.4,0,875.8,98,24140,5.4,278,10.1
2025-03-10T22:00,14.6,76,10.4,0,875.6,91,24140,4.7,279,9
2025-03-10T23:00,13.8,80,10.4,0,875.1,91,24140,4.9,287,10.4
2025-03-11T00:00,13.1,82,10.1,0,874.4,88,24140,5.4,278,9
2025-03-11T01:00,12.4,83,9.6,0,873.6,82,24140,5.8,274,9.7
2025-03-11T02:00,11.9,83,9.1,0,873.1,70,24140,6.2,263,10.1
2025-03-11T03:00,11.2,85,8.8,0,872.6,70,24140,6.1,267,10.1
2025-03-11T04:00,11.4,83,8.6,0,872.8,80,24140,6.2,277,10.8
2025-03-11T05:00,11.7,82,8.7,0,873.8,74,24140,4.3,265,9.7
2025-03-11T06:00,11.4,82,8.5,0,873.8,75,24140,2.6,254,7.6
2025-03-11T07:00,12.9,80,9.5,0,875.2,65,24140,3.3,257,5.4
2025-03-11T08:00,16.4,64,9.5,0,876.3,68,24140,1.9,112,6.5
2025-03-11T09:00,18,61,10.4,0,877.1,57,24140,3.3,139,9.4
2025-03-11T10:00,19.7,54,10.1,0,877,76,24140,3.4,122,10.8
2025-03-11T11:00,21.1,47,9.4,0,877.1,76,24140,3.3,167,13.3
2025-03-11T12:00,21.9,44,9.1,0,875.3,83,24140,4,170,13.3
2025-03-11T13:00,22.4,41,8.5,0,874.3,74,24140,1.8,180,10.8
2025-03-11T14:00,22.6,40,8.3,0,873.4,89,24140,3.3,264,8.6
2025-03-11T15:00,21.9,43,8.7,0,872.9,93,24140,8.3,272,14
2025-03-11T16:00,21,48,9.6,0,872.6,91,24140,10.1,268,16.9
2025-03-11T17:00,19.4,54,9.9,0,873.4,64,24140,7.6,239,17.3
2025-03-11T18:00,17.3,63,10.2,0,873,38,24140,6,245,14
2025-03-11T19:00,16.1,68,10.2,0,872.7,34,24140,5.4,250,11.2
2025-03-11T20:00,15,73,10.2,0,872.5,43,24140,5.8,248,12.6
2025-03-11T21:00,13.9,78,10.1,0,872.1,45,24140,5.5,259,11.9
2025-03-11T22:00,12.9,84,10.2,0,871.9,44,24140,6.6,261,11.9
2025-03-11T23:00,11.5,91,10.1,0,871.2,52,24140,5.6,285,12.6
2025-03-12T00:00,11.3,91,9.9,0,870.6,33,24140,4.5,284,10.4
2025-03-12T01:00,11,90,9.4,0,869.8,57,24140,5,270,8.6
2025-03-12T02:00,10.9,89,9.1,0,869.6,88,24140,6.2,277,9.7
2025-03-12T03:00,11.3,87,9.2,0.1,869.4,95,24140,5.4,278,10.1
2025-03-12T04:00,11.4,86,9.1,0,869.4,90,24140,4.5,299,9
2025-03-12T05:00,11.2,86,9,0,869,74,24140,4.3,270,7.9
2025-03-12T06:00,11.1,87,9,0,869.4,86,24140,4,265,6.5
2025-03-12T07:00,13.1,83,10.3,0,870.6,77,24140,3.6,276,6.8
2025-03-12T08:00,15.6,74,11,0,872.2,61,24140,2.5,82,6.8
2025-03-12T09:00,17.4,69,11.6,0,872.7,32,24140,4.7,113,10.8
2025-03-12T10:00,18.8,64,11.9,0,872.6,26,24140,5.6,130,12.6
2025-03-12T11:00,19.9,56,10.9,0,872.5,63,24140,4,153,13.3
2025-03-12T12:00,21.3,49,10.1,0,871.5,71,24140,5.7,162,14
2025-03-12T13:00,21.8,47,10,0,870.4,85,24140,5.4,180,14
2025-03-12T14:00,21.8,47,10,0,869.5,72,24140,7.3,259,13
2025-03-12T15:00,20.9,53,10.9,0.1,869,68,24140,10,255,20.2
2025-03-12T16:00,20.6,54,11,0,868.8,20,24140,7.4,247,18.4
2025-03-12T17:00,19.6,61,11.8,0,869,85,24140,0.8,117,15.1
2025-03-12T18:00,18.1,68,12.1,0,868.9,68,24140,2.5,90,6.5
2025-03-12T19:00,16.8,74,12.2,0,869.3,100,24140,2,315,5.4
2025-03-12T20:00,15.4,80,11.9,0,869.3,88,24140,4.1,285,8.3
2025-03-12T21:00,14.2,84,11.6,0,869.6,95,24140,4.7,293,17.6
2025-03-12T22:00,14.1,85,11.6,0.2,869.8,100,24140,7.6,275,22.7
2025-03-12T23:00,14,83,11.2,0.1,870.1,56,24140,4.1,322,24.5
2025-03-13T00:00,13.4,85,10.9,0,869.2,48,24140,1.9,338,10.1
2025-03-13T01:00,13,85,10.5,0,868.8,76,24140,3.3,311,9.7
2025-03-13T02:00,12.6,84,10,0,868.3,100,24140,4.1,322,11.2
2025-03-13T03:00,12.4,83,9.6,0,868.3,100,24140,4.6,288,11.2
2025-03-13T04:00,12.2,83,9.4,0,868.3,100,24140,5.1,266,11.9
2025-03-13T05:00,11.4,82,8.4,0,867.7,97,24140,4.7,274,11.9
2025-03-13T06:00,10.9,84,8.3,0,868,74,24140,5.4,270,11.5
2025-03-13T07:00,13,79,9.5,0,869.4,46,24140,5.6,255,11.9
2025-03-13T08:00,16.5,63,9.4,0,871.3,52,24140,0.5,225,10.8
2025-03-13T09:00,18.6,56,9.7,0,871.9,28,24140,0.8,117,6.8
2025-03-13T10:00,20.4,52,10.2,0,872.4,96,24140,2,45,9.4
2025-03-13T11:00,22.7,41,8.7,0,871.5,95,24140,0.4,270,12.6
2025-03-13T12:00,23.9,37,8.3,0,870.4,49,24140,5.3,298,13
2025-03-13T13:00,23.5,37,8,0,869.6,100,24140,11.8,301,23
2025-03-13T14:00,21.8,46,9.6,0.2,868.9,100,24140,16.7,277,31.7
2025-03-13T15:00,20.4,51,9.9,0.1,868.7,100,24140,17,265,31
2025-03-13T16:00,19.3,56,10.3,0,868.7,100,24140,9.5,295,31
2025-03-13T17:00,19.1,54,9.5,0,869,100,24140,7.4,293,20.9
2025-03-13T18:00,17.3,63,10.2,0,868.8,100,24140,4.2,329,16.9
2025-03-13T19:00,16,68,10.1,0,869.1,32,24140,5.9,313,11.9
2025-03-13T20:00,14.6,75,10.2,0,869,3,24140,5.4,307,13
2025-03-13T21:00,13.2,82,10.2,0,869.2,5,24140,5.2,286,13.3
2025-03-13T22:00,11.9,87,9.8,0,868.7,0,24140,6.9,276,16.2
2025-03-13T23:00,10.8,87,8.7,0,868.3,0,24140,6.6,283,16.2
2025-03-14T00:00,10.3,83,7.6,0,867.8,0,24140,6.1,273,14.8
2025-03-14T01:00,10.2,78,6.6,0,867.4,0,24140,5,270,13.7
2025-03-14T02:00,10.2,75,6,0,867.2,0,24140,4.1,255,12.2
2025-03-14T03:00,9.8,75,5.6,0,867.1,0,24140,4,243,10.1
2025-03-14T04:00,9,78,5.4,0,866.7,0,24140,4.5,241,9.7
2025-03-14T05:00,8.6,75,4.4,0,867.6,0,24140,4.7,238,10.1
2025-03-14T06:00,8,78,4.4,0,867.9,0,24140,4.8,243,9.4
2025-03-14T07:00,11.4,69,5.9,0,870.2,0,24140,5.2,254,9.4
2025-03-14T08:00,16.3,50,5.8,0,872.5,0,24140,0.7,180,9
2025-03-14T09:00,19.5,43,6.6,0,873.8,0,24140,1.8,101,8.3
2025-03-14T10:00,21.9,39,7.3,0,874,0,24140,2.5,90,10.8
2025-03-14T11:00,23.6,35,7.3,0,873.5,0,24140,1,225,10.1
2025-03-14T12:00,25.7,29,6.4,0,872.8,0,24140,5.1,262,12.2
2025-03-14T13:00,26.5,22,3.1,0,872.3,0,24140,12.2,294,21.6
2025-03-14T14:00,26,22,2.7,0,871.4,0,24140,18.3,290,32
2025-03-14T15:00,25.1,25,3.7,0,870.9,0,24140,19.9,290,34.6
2025-03-14T16:00,23.5,32,5.8,0,870.3,0,24140,19.9,287,36
2025-03-14T17:00,21.2,40,7.1,0,870.6,0,24140,15.2,284,34.2
2025-03-14T18:00,19.1,49,8.1,0,870.7,0,24140,7.7,281,29.2
2025-03-14T19:00,17.1,58,8.8,0,871.3,0,24140,7,291,16.9
2025-03-14T20:00,15.5,65,8.9,0,871.1,0,24140,8.4,280,15.5
2025-03-14T21:00,14.4,70,9,0,871.5,0,24140,7.7,281,15.8
2025-03-14T22:00,13.1,75,8.8,0,871.1,0,24140,7.3,279,14.4
2025-03-14T23:00,12.5,74,8,0,870.6,0,24140,8,275,14.4
2025-03-15T00:00,11.7,76,7.6,0,870.3,0,24140,7.9,270,14.4
2025-03-15T01:00,11.6,75,7.3,0,870.1,0,24140,7.6,273,14.8
2025-03-15T02:00,11,77,7.1,0,869.9,0,24140,6.9,279,14.4
2025-03-15T03:00,10.4,79,6.9,0,869.1,0,24140,6.8,273,13
2025-03-15T04:00,10.1,77,6.3,0,869.3,0,24140,5.8,274,12.2
2025-03-15T05:00,10.1,74,5.6,0,870.4,0,24140,6.5,270,10.8
2025-03-15T06:00,10.6,68,5,0,871.2,0,24140,2.9,270,11.9
2025-03-15T07:00,13.3,64,6.6,0,872.7,0,24140,3.3,257,8.6
2025-03-15T08:00,17.9,44,5.4,0,875,0,24140,1.1,18,9.7
2025-03-15T09:00,20.4,40,6.3,0,875.6,0,24140,2.2,99,12.6
2025-03-15T10:00,22.9,38,7.8,0,875.9,0,24140,3.1,126,15.5
2025-03-15T11:00,25.7,33,8.2,0,875.3,0,24140,1.8,217,15.1
2025-03-15T12:00,28,22,4.3,0,874.7,0,24140,9.3,286,18
2025-03-15T13:00,28.3,18,1.7,0,874.3,27,24140,17.8,288,31
2025-03-15T14:00,27.7,20,2.7,0,873.2,2,24140,22.6,279,40
2025-03-15T15:00,26.7,23,3.9,0,872.5,38,24140,21.9,284,42.1
2025-03-15T16:00,25.4,26,4.5,0,872.5,9,24140,19,280,38.2
2025-03-15T17:00,22.7,35,6.5,0,872.6,5,24140,19.7,278,32.8
2025-03-15T18:00,20.6,42,7.3,0,873.2,59,24140,9.4,270,37.4
2025-03-15T19:00,18.3,52,8.3,0,873.2,12,24140,6.9,279,20.2
2025-03-15T20:00,16.2,62,8.9,0,872.9,11,24140,7.6,275,14.4
2025-03-15T21:00,15,68,9.1,0,873.2,93,24140,8,275,14.4
2025-03-15T22:00,14.3,71,9.1,0,873,21,24140,8.4,280,15.5
2025-03-15T23:00,13.3,73,8.5,0,873.2,15,24140,7.1,294,14
2025-03-16T00:00,12.6,73,7.9,0,872.3,85,24140,6.2,280,13.3
2025-03-16T01:00,12.7,71,7.5,0,871.9,100,24140,8,262,13
2025-03-16T02:00,13,69,7.5,0,871.4,100,24140,6.9,264,13
2025-03-16T03:00,12.8,69,7.2,0,871,62,24140,6,245,13
2025-03-16T04:00,12.2,71,7.1,0,870.6,70,24140,5.4,222,15.5
2025-03-16T05:00,12.1,71,7,0,871.4,90,24140,5.9,256,15.8
2025-03-16T06:00,12,73,7.3,0,871.6,93,24140,6.5,251,16.2
2025-03-16T07:00,14.9,71,9.7,0,873.2,43,24140,5.4,233,16.6
2025-03-16T08:00,19.2,51,8.8,0,875.1,91,24140,1.5,135,13
2025-03-16T09:00,20.2,46,8.2,0,875.3,99,24140,3.8,107,14
2025-03-16T10:00,22.4,40,8.2,0,875.8,87,24140,2,45,15.5
2025-03-16T11:00,25.1,32,7.3,0,875.8,91,24140,9.4,272,33.1
2025-03-16T12:00,26.5,24,4.3,0,874.7,40,24140,15.3,285,27
2025-03-16T13:00,26.8,23,3.9,0,874,62,24140,21,276,36
2025-03-16T14:00,26.3,24,4.1,0,872.2,46,24140,24,279,41.8
2025-03-16T15:00,25.5,26,4.6,0,871.5,56,24140,25.7,276,43.9
2025-03-16T16:00,23.9,30,5.2,0,871.2,100,24140,23.9,275,45
2025-03-16T17:00,21.8,36,6,0,870.8,26,24140,20.9,273,40
2025-03-16T18:00,19.9,44,7.3,0,871.3,48,24140,10.4,270,41.8
2025-03-16T19:00,18.5,49,7.6,0,871.8,60,24140,8.3,270,22.3
2025-03-16T20:00,16.8,56,8,0,871.8,32,24140,7.9,273,18
2025-03-16T21:00,15.3,62,8,0,871.8,40,24140,7.9,286,16.2
2025-03-16T22:00,14,68,8.2,0,871.3,40,24140,7.1,285,16.2
2025-03-16T23:00,12.8,71,7.7,0,871,5,24140,6.6,292,14.8
2025-03-17T00:00,11.7,75,7.4,0,869.9,4,24140,5.7,288,15.5
2025-03-17T01:00,10.9,77,7,0,869.4,0,24140,6.3,283,14
2025-03-17T02:00,10.5,75,6.2,0,868.9,0,24140,6,287,13.7
2025-03-17T03:00,10.1,70,4.9,0,868.8,0,24140,7.1,285,15.5
2025-03-17T04:00,9.8,67,4,0,868.6,70,24140,7.2,276,15.8
2025-03-17T05:00,8.9,76,4.9,0,869.1,0,24140,6.5,276,16.2
2025-03-17T06:00,8.8,76,4.8,0,869.2,5,24140,7.2,267,14.8
2025-03-17T07:00,12.7,69,7.2,0,871.3,40,24140,5.1,278,14.8
2025-03-17T08:00,17.6,46,5.8,0,872.7,100,24140,4.2,31,13
2025-03-17T09:00,19.1,42,5.9,0,873.7,100,24140,2.1,31,13.3
2025-03-17T10:00,20.5,40,6.5,0,873.6,100,24140,3.6,96,12.6
2025-03-17T11:00,25.5,26,4.6,0,873.6,29,24140,8.2,247,13
2025-03-17T12:00,26.8,15,-2,0,872.8,0,24140,21.6,270,37.8
2025-03-17T13:00,26.7,16,-1.2,0,872.1,34,24140,28.2,274,50.4
2025-03-17T14:00,26.2,17,-0.8,0,871.3,33,24140,30.7,274,54.7
2025-03-17T15:00,24.2,25,2.9,0,870.7,25,24140,32.1,279,57.2
2025-03-17T16:00,22.7,32,5.1,0,870.9,18,24140,29.2,279,56.9
2025-03-17T17:00,21.4,34,4.9,0,870.2,22,24140,34.6,279,50.8
2025-03-17T18:00,19.8,43,6.9,0,871.4,37,24140,18.7,298,60.1
2025-03-17T19:00,18.6,45,6.4,0,871.7,32,24140,9.7,315,37.4
2025-03-17T20:00,16.4,50,6,0,871.7,26,24140,6.2,291,20.2
2025-03-17T21:00,13.7,59,5.8,0,871.2,0,24140,8.3,275,14.8
2025-03-17T22:00,12.6,60,5.1,0,871.1,0,24140,8.4,277,15.8
2025-03-17T23:00,11,65,4.6,0,870.2,0,24140,7.5,287,15.1
2025-03-18T00:00,10.1,64,3.6,0,869.9,0,24140,8.1,291,15.8
2025-03-18T01:00,10,60,2.6,0,869.5,0,24140,9.1,288,15.5
2025-03-18T02:00,9.8,57,1.7,0,869,4,24140,8.8,279,15.1
2025-03-18T03:00,9.2,59,1.6,0,868.1,7,24140,8.3,275,14.4
2025-03-18T04:00,8.6,61,1.5,0,867.8,4,24140,8,275,13.7
2025-03-18T05:00,7.7,52,-1.5,0,868,0,24140,5.8,274,13
2025-03-18T06:00,7.9,49,-2.1,0,868.7,3,24140,5,249,9.7
2025-03-18T07:00,11.6,46,0.3,0,870.4,14,24140,4,260,7.9
2025-03-18T08:00,17,31,-0.3,0,872.8,46,24140,1.9,68,7.6
2025-03-18T09:00,19.5,31,1.9,0,873.1,11,24140,3.3,96,11.5
2025-03-18T10:00,22.1,28,2.8,0,873.2,100,24140,3,104,12.6
2025-03-18T11:00,24,24,2.2,0,873.2,9,24140,2.3,141,11.9
2025-03-18T12:00,25.5,22,2.2,0,872.6,7,24140,1.5,194,6.5
2025-03-18T13:00,26.7,21,2.6,0,872.5,0,24140,2.2,279,7.6
2025-03-18T14:00,26.4,20,1.6,0,871.2,15,24140,6.5,276,14.4
2025-03-18T15:00,25.5,22,2.2,0,870.9,57,24140,12.2,270,21.6
2025-03-18T16:00,23.7,27,3.6,0,870.8,6,24140,15.9,273,27.7
2025-03-18T17:00,21.2,32,3.9,0,870.6,0,24140,16.3,278,28.1
2025-03-18T18:00,18.7,39,4.4,0,871,0,24140,8.3,275,28.4
2025-03-18T19:00,16.5,45,4.5,0,871.3,0,24140,9.2,281,17.6
2025-03-18T20:00,15,50,4.6,0,871.5,0,24140,8.8,282,17.3
2025-03-18T21:00,13.8,56,5.1,0,871.8,0,24140,8.7,277,16.2
2025-03-18T22:00,12.8,59,5,0,871.7,0,24140,8.7,277,15.1
2025-03-18T23:00,11.5,60,4,0,871.6,0,24140,8.3,272,14.4
2025-03-19T00:00,10.6,63,3.9,0,871.1,0,24140,7.3,279,14
2025-03-19T01:00,10,67,4.1,0,871,0,24140,8.3,275,13.7
2025-03-19T02:00,10,66,4,0,870.6,0,24140,7.3,279,13.7
2025-03-19T03:00,9.4,67,3.6,0,870.2,0,24140,7.6,267,13
2025-03-19T04:00,9,69,3.6,0,870.2,0,24140,5.8,270,12.6
2025-03-19T05:00,8.7,70,3.6,0,870.5,0,24140,6.2,277,10.1
2025-03-19T06:00,8.5,72,3.8,0,871.4,0,24140,5.5,281,10.1
2025-03-19T07:00,13.2,62,6.1,0,873.8,0,24140,4.6,288,10.1
2025-03-19T08:00,17.4,42,4.4,0,875.5,0,24140,3.5,66,9
2025-03-19T09:00,20,38,5.3,0,876,0,24140,2.9,120,9.4
2025-03-19T10:00,22.8,35,6.6,0,876.4,0,24140,5.2,115,13.3
2025-03-19T11:00,25.8,28,5.9,0,876.3,0,24140,4.2,149,14
2025-03-19T12:00,27.6,26,6.3,0,876.1,0,24140,6.5,174,14.8
2025-03-19T13:00,28.1,27,7.3,0,875.8,47,24140,10.6,190,20.2
2025-03-19T14:00,26.6,30,7.6,0.1,874.8,80,24140,13.8,213,24.5
2025-03-19T15:00,25.4,33,8,0.1,874.4,49,24140,11.2,222,24.8
2025-03-19T16:00,24.4,34,7.5,0,874.1,78,24140,9.4,238,19.8
2025-03-19T17:00,22.6,36,6.8,0,874.4,45,24140,7.5,253,16.9
2025-03-19T18:00,19.5,47,7.9,0,874.3,31,24140,4.2,239,12.6
2025-03-19T19:00,16.4,59,8.3,0,874.7,7,24140,7.2,252,11.9
2025-03-19T20:00,15.1,64,8.3,0,874.8,3,24140,8.4,263,14
2025-03-19T21:00,13.9,67,7.9,0,875,7,24140,6.8,270,13.7
2025-03-19T22:00,12.7,68,7,0,874.7,3,24140,7.2,276,12.6
2025-03-19T23:00,11.1,64,4.6,0,874.1,6,24140,7.2,267,13
2025-03-20T00:00,10.7,65,4.4,0,874,0,24140,7.6,265,13
2025-03-20T01:00,10.8,67,4.9,0,873.8,13,24140,7.6,273,13.7
2025-03-20T02:00,10.6,70,5.3,0,873.5,0,24140,7.2,270,13.7
2025-03-20T03:00,10,74,5.5,0,872.8,0,24140,7.2,270,14
2025-03-20T04:00,9.3,77,5.4,0,872.6,0,24140,7.2,267,14
2025-03-20T05:00,8.8,76,4.8,0,873.7,0,24140,7.6,267,13.3
2025-03-20T06:00,9.1,74,4.7,0,874,0,24140,6.5,267,13.7
2025-03-20T07:00,14.5,59,6.6,0,876.4,0,24140,5.4,266,11.9
2025-03-20T08:00,18.9,42,5.7,0,877.8,0,24140,3.8,41,11.2
2025-03-20T09:00,21.5,37,6.2,0,878.4,0,24140,3.1,69,11.9
2025-03-20T10:00,24,32,6.3,0,878.6,0,24140,2.2,81,12.2
2025-03-20T11:00,26.2,31,7.7,0,878.1,0,24140,1.8,217,10.1
2025-03-20T12:00,27.9,23,4.9,0,877.6,0,24140,6.8,267,15.5
2025-03-20T13:00,28.2,19,2.4,0,876.7,0,24140,13.8,263,24.5
2025-03-20T14:00,27.5,20,2.5,0,875.6,0,24140,18.3,250,32.8
2025-03-20T15:00,26.2,24,4,0,874.8,0,24140,22,252,39.2
2025-03-20T16:00,24.7,26,3.9,0,874.3,3,24140,20.4,262,39.6
2025-03-20T17:00,22.7,30,4.2,0,873.6,0,24140,15.5,265,36
2025-03-20T18:00,20,37,4.9,0,874,0,24140,9,268,27.4
2025-03-20T19:00,17.4,45,5.4,0,874,0,24140,7.3,250,19.8
2025-03-20T20:00,15.3,52,5.5,0,874.2,0,24140,7.6,265,15.1
2025-03-20T21:00,14,56,5.3,0,874.3,4,24140,8,275,14.4
2025-03-20T22:00,13,59,5.2,0,874.2,12,24140,7.3,281,13.7
2025-03-20T23:00,11.1,61,3.9,0,874,0,24140,6.8,288,13
2025-03-21T00:00,10.3,64,3.8,0,873.7,12,24140,6.7,286,12.6
2025-03-21T01:00,9.4,68,3.8,0,873,89,24140,6.8,273,12.2
2025-03-21T02:00,9.5,66,3.4,0,872.7,100,24140,7.6,273,13.3
2025-03-21T03:00,9.6,64,3.1,0,872.2,35,24140,6.8,267,13.3
2025-03-21T04:00,9.6,64,3.1,0,872.4,100,24140,5.4,270,13
2025-03-21T05:00,9.3,59,1.7,0,872.7,39,24140,5.5,238,12.2
2025-03-21T06:00,9.2,61,2,0,873,43,24140,5.6,225,11.5
2025-03-21T07:00,13.4,56,4.8,0,875,35,24140,4.9,234,11.5
2025-03-21T08:00,18.5,35,2.8,0,876.8,38,24140,2.1,149,9.4
2025-03-21T09:00,21.2,33,4.3,0,877.8,35,24140,4.5,104,13.3
2025-03-21T10:00,23.3,29,4.2,0,877.9,22,24140,3.7,79,14.4
2025-03-21T11:00,25.2,23,2.6,0,876.9,38,24140,3.8,229,12.2
2025-03-21T12:00,25.5,19,0.2,0,875.9,64,24140,15.5,228,28.1
2025-03-21T13:00,24.8,24,2.8,0,875.5,92,24140,20.4,225,37.4
2025-03-21T14:00,24.1,26,3.4,0,874.8,81,24140,18.4,220,36
2025-03-21T15:00,23.3,31,5.2,0.1,874.2,78,24140,14.2,207,32.8
2025-03-21T16:00,21.4,39,6.8,0.4,873.9,67,24140,4.3,222,28.8
2025-03-21T17:00,19.8,44,7.2,0.1,873.5,80,24140,4.7,184,18.4
2025-03-21T18:00,17.3,56,8.4,0,873.6,52,24140,5.2,146,11.5
2025-03-21T19:00,15.7,71,10.4,0,874,100,24140,1.5,14,10.8
2025-03-21T20:00,14.6,73,9.8,0,874.5,0,24140,6.4,317,14.4
2025-03-21T21:00,13.6,75,9.3,0,874.3,0,24140,3.4,302,14.4
2025-03-21T22:00,12.5,79,9,0,874.1,0,24140,2.2,279,9.4
2025-03-21T23:00,12,81,8.8,0,873.4,0,24140,1.3,304,7.9
2025-03-22T00:00,11.6,81,8.4,0,873.3,100,24140,2,225,5.8
2025-03-22T01:00,10.6,86,8.4,0,872.3,100,24140,4.9,234,9.4
2025-03-22T02:00,10.4,84,7.8,0,872.2,100,24140,5.2,245,11.2
2025-03-22T03:00,10.4,81,7.2,0,872.1,100,24140,2.9,270,10.1
2025-03-22T04:00,9.9,82,6.9,0,872,100,24140,3.2,243,7.2
2025-03-22T05:00,8.6,82,5.7,0,871.3,0,24140,4.3,228,7.6
2025-03-22T06:00,8.6,80,5.4,0,872.2,0,24140,2.2,270,8.6
2025-03-22T07:00,12.3,70,7,0,874.6,0,24140,3.1,234,7.2
2025-03-22T08:00,16.2,55,7.2,0,876.6,0,24140,2.3,108,7.6
2025-03-22T09:00,18.8,50,8.2,0,877.4,0,24140,4.1,128,11.2
2025-03-22T10:00,21.3,44,8.6,0,877.7,0,24140,5.4,160,13.7
2025-03-22T11:00,23.5,33,6.3,0,876.8,34,24140,7,201,16.2
2025-03-22T12:00,24.1,31,5.9,0.1,875.9,72,19080,12.7,209,22.7
2025-03-22T13:00,22.8,36,6.9,0.3,875.3,52,4360,13.1,217,28.8
2025-03-22T14:00,21.8,40,7.6,0.3,875,100,14200,11.5,238,24.8
2025-03-22T15:00,20.5,47,8.8,0.2,874.7,100,4520,7.4,209,23.4
2025-03-22T16:00,17.6,61,10,1,874.6,100,19160,5.5,259,18
2025-03-22T17:00,16.3,66,10,0.5,874.3,100,24140,4.3,95,15.5
2025-03-22T18:00,14.3,79,10.7,0.1,874.5,40,24140,7.4,61,21.6
2025-03-22T19:00,13.5,81,10.3,0,874.2,44,5440,2.2,360,12.6
2025-03-22T20:00,12.3,86,10,0,874.3,100,24140,6,245,10.8
2025-03-22T21:00,12.1,86,9.8,0,874.9,100,24140,3.4,302,10.8
2025-03-22T22:00,11.6,86,9.3,0,874.6,100,24140,2,315,6.1
2025-03-22T23:00,11.3,85,8.9,0,874.8,100,24140,3.2,270,8.3
2025-03-23T00:00,10.8,85,8.4,0,874.2,100,24140,3.7,259,6.5
2025-03-23T01:00,10.3,84,7.7,0,873.8,100,24140,4.3,270,7.6
2025-03-23T02:00,9.8,80,6.5,0,872.9,100,24140,4,275,7.6
2025-03-23T03:00,8.9,75,4.7,0,872.6,0,24140,6.1,298,10.8
2025-03-23T04:00,7.7,69,2.4,0,871.9,0,24140,7.2,273,12.6
2025-03-23T05:00,6.9,65,0.7,0,872.6,10,24140,6.2,277,13
2025-03-23T06:00,6.7,67,1,0,872.9,0,24140,5.1,278,12.2
2025-03-23T07:00,10.7,65,4.4,0,874.4,5,24140,3.6,270,10.1
2025-03-23T08:00,15.3,44,3.1,0,877,0,24140,4,95,10.1
2025-03-23T09:00,17.3,45,5.2,0,877.6,0,24140,4.7,113,13
2025-03-23T10:00,19.2,43,6.3,0,878.2,0,24140,4,100,13.3
2025-03-23T11:00,21,37,5.8,0,877,83,24140,1,135,12.6
2025-03-23T12:00,22.4,33,5.4,0,876.5,41,24140,1.8,217,9.4
2025-03-23T13:00,22.3,32,4.8,0.1,876.1,99,24140,8.4,223,17.6
2025-03-23T14:00,20,48,8.6,0.5,875.4,100,24140,11.2,220,24.1
2025-03-23T15:00,20.1,48,8.7,0.1,875.3,59,24140,6.3,239,21.6
2025-03-23T16:00,19.4,49,8.4,0,874.9,82,24140,4.1,232,16.6
2025-03-23T17:00,17.6,62,10.2,0.1,874.7,70,24140,2.3,72,13
2025-03-23T18:00,15.6,75,11.2,0.3,874.7,82,24140,4,100,19.8
2025-03-23T19:00,14.7,77,10.7,0,874.8,76,24140,4,95,19.8
2025-03-23T20:00,14.1,78,10.3,0,875.4,54,24140,1.8,143,8.3
2025-03-23T21:00,13.7,79,10.1,0,875.8,44,24140,2.5,278,6.1
2025-03-23T22:00,12.2,84,9.6,0,875.5,45,24140,4.3,294,9.4
2025-03-23T23:00,11.7,79,8.1,0,875,6,24140,4.1,308,10.8
2025-03-24T00:00,10.2,84,7.6,0,874.1,12,24140,5.4,290,9
2025-03-24T01:00,9.4,85,7,0,873.5,0,24140,6.6,279,11.2
2025-03-24T02:00,9.5,83,6.7,0,872.9,0,24140,6.5,276,11.2
2025-03-24T03:00,9.7,82,6.8,0,873,0,24140,5.1,266,10.4
2025-03-24T04:00,9.2,86,6.9,0,872.7,0,24140,4.6,231,9.4
2025-03-24T05:00,8.8,89,7.1,0,873.4,5,24140,3.4,212,10.1
2025-03-24T06:00,9,88,7.1,0,873.9,36,24140,4.4,235,9.7
2025-03-24T07:00,12.9,77,8.9,0,875.9,23,24140,2.3,252,9.7
2025-03-24T08:00,16.4,59,8.4,0,877.3,31,24140,2.6,74,10.8
2025-03-24T09:00,18.4,53,8.7,0,878.3,37,24140,2.6,56,11.9
2025-03-24T10:00,20.5,47,8.8,0,878.4,8,24140,3,76,13.3
2025-03-24T11:00,22.4,38,7.4,0,878.5,79,24140,3.5,114,12.6
2025-03-24T12:00,23.7,33,6.5,0,877.5,78,24140,3.3,131,9.7
2025-03-24T13:00,24.4,31,6.2,0,876.6,82,24140,3,104,10.1
2025-03-24T14:00,24.6,30,5.9,0,875.3,47,24140,2.3,108,8.6
2025-03-24T15:00,24.4,30,5.7,0,874.5,62,24140,0.5,45,6.8
2025-03-24T16:00,23.6,36,7.6,0,874,34,24140,3.3,257,7.2
2025-03-24T17:00,22.2,40,8,0,874.5,46,24140,5.1,274,9.4
2025-03-24T18:00,19.3,53,9.5,0,874.4,29,24140,4.7,261,9.7
2025-03-24T19:00,16.9,63,9.8,0,874.4,0,24140,6.3,246,11.9
2025-03-24T20:00,15.3,68,9.4,0,874.4,0,24140,6.7,254,12.2
2025-03-24T21:00,14.1,73,9.3,0,874.5,0,24140,6.9,261,12.2
2025-03-24T22:00,13.1,78,9.3,0,874.1,0,24140,6.5,267,11.5
2025-03-24T23:00,11.4,83,8.6,0,873.9,0,24140,6.6,261,11.2
2025-03-25T00:00,11.1,85,8.6,0,872.9,0,24140,6,253,11.5
2025-03-25T01:00,10.9,85,8.4,0,872,0,24140,7,249,11.5
2025-03-25T02:00,11.1,84,8.5,0,871.7,0,24140,6.9,264,11.9
2025-03-25T03:00,10.8,85,8.4,0,871,0,24140,5.8,270,11.2
2025-03-25T04:00,10,88,8.1,0,870.6,0,24140,6.3,283,10.8
2025-03-25T05:00,9.6,90,8.1,0,871.4,0,24140,5.4,270,11.2
2025-03-25T06:00,9.7,90,8.1,0,871.6,0,24140,5.1,262,9
2025-03-25T07:00,14.5,74,9.9,0,873.6,0,24140,5.4,278,10.8
2025-03-25T08:00,18.3,60,10.4,0,874.5,0,24140,1.8,349,9.4
2025-03-25T09:00,21.1,51,10.6,0,875.1,12,24140,1.5,346,9.4
2025-03-25T10:00,23.6,46,11.3,0,874.9,32,24140,1.1,288,9.7
2025-03-25T11:00,25.8,38,10.4,0,875.2,23,24140,3.9,236,8.3
2025-03-25T12:00,27,34,9.8,0,874.1,31,24140,4.2,250,11.5
2025-03-25T13:00,27.4,32,9.3,0,873.2,37,24140,5.6,297,13.7
2025-03-25T14:00,27.2,32,9.1,0,872.1,34,24140,7,305,15.5
2025-03-25T15:00,26.5,31,8,0,870.9,32,24140,7.4,293,16.2
2025-03-25T16:00,25.6,32,7.7,0,870.5,22,24140,8.9,284,16.2
2025-03-25T17:00,23.7,38,8.6,0,870.5,0,24140,9,265,18
2025-03-25T18:00,21.1,49,9.9,0,870.2,46,24140,5.9,259,16.9
2025-03-25T19:00,19.1,56,10.1,0,870.6,73,24140,6.8,252,13.3
2025-03-25T20:00,17.7,62,10.3,0,870.9,68,24140,6.3,246,13.3
2025-03-25T21:00,16.4,68,10.4,0,871,50,24140,5,249,11.9
2025-03-25T22:00,15,74,10.4,0,870.2,52,24140,5.1,262,9.4
2025-03-25T23:00,14,79,10.4,0,870.5,78,24140,5.8,274,9.4
2025-03-26T00:00,13.5,82,10.5,0,869.6,77,24140,5.8,270,10.1
2025-03-26T01:00,13.5,81,10.3,0,869.2,68,24140,5.8,277,11.2
2025-03-26T02:00,13.2,81,10,0,868.7,61,24140,5.4,270,11.2
2025-03-26T03:00,12.7,82,9.7,0,867.8,65,24140,4.7,266,11.2
2025-03-26T04:00,12.2,82,9.2,0,867.4,50,24140,5.1,266,10.8
2025-03-26T05:00,10.8,84,8.2,0,867.6,18,24140,5,270,11.2
2025-03-26T06:00,11.6,80,8.2,0,868.4,23,24140,4.4,261,10.1
2025-03-26T07:00,15.2,69,9.5,0,870.8,77,24140,2.9,263,10.1
2025-03-26T08:00,18.8,54,9.3,0,872.5,66,24140,2.9,120,10.1
2025-03-26T09:00,20.9,52,10.6,0,873.1,51,24140,4.2,149,13.3
2025-03-26T10:00,23.2,44,10.3,0,873.3,93,24140,2.9,180,13.7
2025-03-26T11:00,25.4,38,10,0,873,22,24140,0.8,243,12.2
2025-03-26T12:00,26.5,34,9.3,0,871.9,84,24140,1.1,288,4.7
2025-03-26T13:00,27.4,31,8.8,0,871.3,78,24140,5.1,315,12.6
2025-03-26T14:00,27.2,30,8.1,0,870.1,89,24140,7.6,295,16.2
2025-03-26T15:00,26.9,31,8.3,0,869.7,81,24140,10.1,272,19.1
2025-03-26T16:00,25.7,35,9.1,0,869.2,85,24140,11.3,263,20.2
2025-03-26T17:00,23.5,42,9.8,0,869.5,49,24140,11.2,266,20.2
2025-03-26T18:00,21,51,10.4,0,869.6,64,24140,5.6,255,17.6
2025-03-26T19:00,19.5,57,10.8,0,870.2,83,24140,5.6,255,13
2025-03-26T20:00,18.2,63,11.1,0,870.3,48,24140,4.7,247,13
2025-03-26T21:00,16.5,71,11.2,0,869.5,0,24140,5.1,262,10.1
2025-03-26T22:00,15.2,77,11.2,0,869.1,0,24140,5.4,278,10.8
2025-03-26T23:00,13.6,86,11.3,0,868.6,0,24140,5.5,293,11.9
2025-03-27T00:00,13,89,11.2,0,868.3,0,24140,6.2,280,12.6
2025-03-27T01:00,12.7,90,11.1,0,867.8,28,24140,5.9,281,13
2025-03-27T02:00,13,87,10.9,0,867.3,49,24140,4.7,279,13
2025-03-27T03:00,13.1,86,10.8,0,867.1,50,24140,4.1,285,11.5
2025-03-27T04:00,12.7,87,10.6,0,866.6,51,24140,4.7,293,11.2
2025-03-27T05:00,12.6,89,10.9,0,867.1,65,24140,1.8,281,10.8
2025-03-27T06:00,12.9,89,11.1,0,867.8,64,24140,2.9,210,7.6
2025-03-27T07:00,16.6,75,12.1,0,869.7,50,24140,2.3,231,7.9
2025-03-27T08:00,20.1,61,12.3,0,871.2,24,24140,2.2,99,8.6
2025-03-27T09:00,23,52,12.6,0,871.4,9,24140,4.2,121,12.6
2025-03-27T10:00,25.5,43,12,0,871.6,60,24140,4.7,113,14
2025-03-27T11:00,26.9,36,10.5,0,870.9,67,24140,2.4,117,13.3
2025-03-27T12:00,28.4,32,10.1,0,870.3,67,24140,2.7,113,9
2025-03-27T13:00,29.4,28,9,0,869.8,77,24140,2.4,27,9
2025-03-27T14:00,30,27,9,0,869.2,82,24140,2.7,293,9
2025-03-27T15:00,29.4,28,9,0,868.6,81,24140,8.6,268,17.6
2025-03-27T16:00,27.8,33,10,0,867.9,91,24140,10.4,272,19.4
2025-03-27T17:00,25.7,39,10.7,0,867.5,63,24140,8.3,252,19.8
2025-03-27T18:00,22.7,52,12.4,0,867.9,17,24140,4.9,234,15.1
2025-03-27T19:00,20.9,60,12.9,0,868.6,0,24140,4.2,239,11.9
2025-03-27T20:00,19,69,13.2,0,869,30,24140,3.5,246,11.2
2025-03-27T21:00,17.5,76,13.2,0,868.5,0,24140,3.6,270,9.4
2025-03-27T22:00,16,83,13.1,0,868.4,7,24140,5.1,274,12.6
2025-03-27T23:00,14.6,88,12.7,0,868.1,0,24140,5.8,277,13.3
2025-03-28T00:00,14,88,12,0,867.5,0,24140,6.5,264,14.8
2025-03-28T01:00,14,84,11.3,0,866.7,0,24140,6.2,263,14.8
2025-03-28T02:00,13.6,83,10.8,0,866.4,0,24140,4.7,266,13.3
2025-03-28T03:00,13.2,84,10.6,0,865.9,0,24140,4.3,246,10.1
2025-03-28T04:00,12.6,87,10.5,0,866.1,0,24140,4,243,9
2025-03-28T05:00,12.5,86,10.2,0,866.3,0,24140,4.8,243,7.6
2025-03-28T06:00,13.2,82,10.2,0,866.7,0,24140,3.1,249,8.6
2025-03-28T07:00,17.9,67,11.7,0,868.9,0,24140,3,256,7.6
2025-03-28T08:00,21.9,53,11.9,0,870.6,0,24140,2.9,90,9.4
2025-03-28T09:00,24.5,46,12.1,0,871.3,0,24140,5,111,14
2025-03-28T10:00,27,39,11.9,0,871.4,0,24140,3.9,124,14.4
2025-03-28T11:00,29.2,34,11.7,0,871.3,28,24140,4.4,261,13
2025-03-28T12:00,30.6,27,9.5,0,870.7,34,24140,11.5,274,22
2025-03-28T13:00,30.2,26,8.6,0,870.2,22,24140,18.7,281,35.3
2025-03-28T14:00,29.5,27,8.6,0,869.6,14,24140,19.7,279,37.1
2025-03-28T15:00,27.9,29,8.2,0,868.8,0,24140,23.8,285,44.3
2025-03-28T16:00,26.7,35,9.9,0,868.6,2,24140,23.7,292,46.1
2025-03-28T17:00,24.6,41,10.4,0,867.4,0,24140,22.1,282,43.2
2025-03-28T18:00,22.7,50,11.7,0,868.4,0,24140,12.3,277,45.4
2025-03-28T19:00,21.4,55,12,0,869,0,24140,8.7,277,28.4
2025-03-28T20:00,19.9,61,12.2,0,869.3,0,24140,5.7,288,20.5
2025-03-28T21:00,18.1,70,12.6,0,869,0,24140,5.6,285,14.4
2025-03-28T22:00,16.2,79,12.5,0,868.4,0,24140,5.8,277,13.7
2025-03-28T23:00,15,84,12.3,0,867.7,0,24140,5.9,281,12.6
2025-03-29T00:00,14.2,85,11.7,0,866.7,0,24140,6.5,264,11.2
2025-03-29T01:00,14.1,81,10.9,0,866.3,0,24140,7.6,267,12.6
2025-03-29T02:00,14,82,10.9,0,865.7,0,24140,6.4,286,12.6
2025-03-29T03:00,13.4,86,11.1,0,865.3,0,24140,6.5,270,10.8
2025-03-29T04:00,13.4,85,10.9,0,865.2,0,24140,5.4,262,11.2
2025-03-29T05:00,12,87,9.9,0,866.2,0,24140,4.6,231,9
2025-03-29T06:00,12.4,85,9.9,0,867,0,24140,5,249,8.6
2025-03-29T07:00,18.2,65,11.5,0,869.6,0,24140,4.3,270,9.4
2025-03-29T08:00,21.7,52,11.4,0,871,0,24140,1.4,90,7.6
2025-03-29T09:00,24.7,45,11.9,0,871.9,0,24140,3.1,111,10.1
2025-03-29T10:00,27.5,31,8.9,0,871.8,0,24140,2.3,129,10.4
2025-03-29T11:00,29.7,22,5.7,0,871.9,0,24140,3.3,186,9.4
2025-03-29T12:00,31.2,17,3.3,0,871.2,0,24140,5.8,210,13.7
2025-03-29T13:00,31.8,17,3.8,0,871,0,24140,7.7,229,16.6
2025-03-29T14:00,31,22,6.8,0,869.9,22,24140,14.3,236,26.6
2025-03-29T15:00,29.6,24,6.9,0,869.8,15,24140,16.6,240,31
2025-03-29T16:00,27.9,26,6.6,0,869.6,0,24140,15.5,245,31
2025-03-29T17:00,25.5,33,8,0,869.2,0,24140,11.9,241,28.4
2025-03-29T18:00,22.4,44,9.5,0,869.5,0,24140,7.1,225,22
2025-03-29T19:00,19.7,51,9.3,0,869.8,0,24140,6.4,243,16.2
2025-03-29T20:00,17.4,56,8.5,0,870.1,0,24140,6.6,257,13.7
2025-03-29T21:00,16.1,59,8.1,0,870.2,0,24140,6.5,273,14
2025-03-29T22:00,15.3,63,8.3,0,870,0,24140,7.3,279,13.3
2025-03-29T23:00,14.8,63,7.8,0,870.1,0,24140,7.6,273,13.3
2025-03-30T00:00,14.2,65,7.7,0,869.3,11,24140,6.6,279,13
2025-03-30T01:00,13.5,68,7.7,0,868.5,19,24140,7.6,273,12.6
2025-03-30T02:00,13.5,63,6.6,0,868.2,0,24140,6.8,270,13
2025-03-30T03:00,13.2,60,5.6,0,868,0,24140,6.2,263,11.9
2025-03-30T04:00,12.7,58,4.7,0,867.8,5,24140,5.5,247,11.2
2025-03-30T05:00,12,63,5.2,0,868.5,0,24140,5.2,245,10.1
2025-03-30T06:00,12.7,63,5.9,0,869.5,0,24140,3.7,281,9
2025-03-30T07:00,17.6,55,8.5,0,872,0,24140,3.2,297,7.9
2025-03-30T08:00,20.6,42,7.2,0,873.7,0,24140,5.4,82,12.2
2025-03-30T09:00,23,38,7.9,0,874.8,0,24140,5.5,113,14
2025-03-30T10:00,25.6,37,9.8,0,875.2,0,24140,6.8,115,16.2
2025-03-30T11:00,28.4,34,11,0,875,8,24140,7.4,151,16.9
2025-03-30T12:00,29.7,32,11.2,0,874.5,49,24140,10.1,163,19.8
2025-03-30T13:00,29.7,31,10.7,0,874,79,24140,12.2,166,23
2025-03-30T14:00,28.7,34,11.3,0,873.3,69,24140,14.2,171,26.3
2025-03-30T15:00,28,36,11.5,0,872.6,52,24140,11.5,178,25.9
2025-03-30T16:00,26.9,37,11,0,872,46,24140,10.1,197,20.9
2025-03-30T17:00,25.3,38,9.9,0,871.7,29,24140,8.4,220,18.7
2025-03-30T18:00,22.3,47,10.4,0,871.7,0,24140,5.8,202,16.2
2025-03-30T19:00,19.4,56,10.4,0,871.9,0,24140,4.6,225,11.9
2025-03-30T20:00,16.5,66,10.1,0,872,0,24140,5.2,258,9.7
2025-03-30T21:00,14.8,69,9.1,0,871.7,0,24140,6.9,264,11.9
2025-03-30T22:00,14.6,65,8.1,0,872.2,0,24140,7.9,267,13.3
2025-03-30T23:00,14.2,68,8.4,0,871.7,0,24140,6.8,273,13.3
2025-03-31T00:00,13.6,67,7.6,0,871.3,0,24140,7.2,267,12.6
2025-03-31T01:00,13.9,62,6.7,0,870.5,0,24140,7.6,278,14
2025-03-31T02:00,13.1,64,6.5,0,870.3,0,24140,6.6,283,13
2025-03-31T03:00,12.8,65,6.4,0,869.8,0,24140,6.8,267,12.2
2025-03-31T04:00,12.4,66,6.2,0,870.1,0,24140,6.1,267,12.2
2025-03-31T05:00,11.4,70,6.1,0,870.2,0,24140,5.4,274,11.2
2025-03-31T06:00,12,69,6.5,0,870.9,0,24140,4.7,270,10.8
2025-03-31T07:00,16.9,60,9.1,0,873,0,24140,3.1,249,9
2025-03-31T08:00,20.3,43,7.3,0,874.6,0,24140,2.9,97,10.4
2025-03-31T09:00,22.7,40,8.4,0,875.3,0,24140,4,117,13
2025-03-31T10:00,25.3,36,9.2,0,875.8,0,24140,3.3,131,13.3
2025-03-31T11:00,27.3,32,9.2,0,874.4,0,24140,1.8,191,13
2025-03-31T12:00,29,31,10.2,0,874.2,10,24140,4.7,238,12.2
2025-03-31T13:00,29.5,30,10.1,0,873.1,34,24140,8.2,255,16.9
2025-03-31T14:00,29.2,28,8.8,0,872.4,18,24140,10.6,252,20.5
2025-03-31T15:00,28.4,27,7.6,0,871.5,0,24140,10.6,260,20.5
2025-03-31T16:00,27.3,27,6.6,0,871.2,0,24140,10.5,266,20.2
2025-03-31T17:00,24.6,32,6.8,0,870.7,0,24140,12,277,19.4
2025-03-31T18:00,21.7,39,7.2,0,870.8,0,24140,6.5,270,19.4
2025-03-31T19:00,18.8,49,7.8,0,871,0,24140,7.2,270,14
2025-03-31T20:00,17,56,8.2,0,871.3,0,24140,8.3,268,14.8
2025-03-31T21:00,16.2,58,7.9,0,871.5,0,24140,7.6,275,14.8
2025-03-31T22:00,15.2,60,7.5,0,871.3,0,24140,6.9,276,13.7
2025-03-31T23:00,13.8,64,7.1,0,870.5,0,24140,7.2,273,12.6
2025-04-01T00:00,13.4,64,6.7,0,869.9,0,24140,7.2,276,12.6
2025-04-01T01:00,13.3,64,6.6,0,869.2,0,24140,7.3,281,13
2025-04-01T02:00,12.6,68,6.9,0,869,0,24140,6.4,286,12.6
2025-04-01T03:00,12,72,7.1,0,868.9,0,24140,6.8,273,12.6
2025-04-01T04:00,11.7,73,7,0,868.8,0,24140,6.5,270,12.6
2025-04-01T05:00,11,78,7.3,0,868.9,0,24140,6.8,267,11.9
2025-04-01T06:00,11.9,74,7.4,0,869.6,0,24140,5.4,270,12.6
2025-04-01T07:00,17.2,62,9.8,0,872,0,24140,2.9,263,9.7
2025-04-01T08:00,20.5,44,7.8,0,873.6,0,24140,2.7,67,9
2025-04-01T09:00,22.9,40,8.6,0,874.7,0,24140,3.4,108,11.5
2025-04-01T10:00,25.4,35,8.8,0,874.9,0,24140,3.6,127,11.9
2025-04-01T11:00,28.5,23,5.4,0,874.4,0,24140,4.8,228,11.9
2025-04-01T12:00,30,13,-1.4,0,873.9,0,24140,9,254,18.4
2025-04-01T13:00,30.3,13,-1.2,0,873.6,0,24140,13,267,23.8
2025-04-01T14:00,29.7,15,0.3,0,873,0,24140,15.6,263,28.4
2025-04-01T15:00,28.6,18,1.9,0,872.4,0,24140,16.6,266,29.9
2025-04-01T16:00,27.2,20,2.3,0,872,0,24140,16.2,273,29.9
2025-04-01T17:00,25.1,26,4.2,0,870.8,0,24140,14.8,267,28.8
2025-04-01T18:00,22.2,31,4.3,0,871.2,0,24140,8.7,265,25.9
2025-04-01T19:00,19.3,39,5,0,871.5,0,24140,7.2,267,19.1
2025-04-01T20:00,17,44,4.7,0,872,0,24140,8.3,270,15.1
2025-04-01T21:00,15.8,47,4.5,0,872.1,0,24140,8,278,15.1
2025-04-01T22:00,14.7,50,4.4,0,871.7,0,24140,7.6,278,14.4
2025-04-01T23:00,13.1,51,3.2,0,870.8,0,24140,7.3,279,13
2025-04-02T00:00,12.3,53,3,0,870.1,21,24140,7.3,279,12.6
2025-04-02T01:00,11.9,52,2.4,0,870.1,0,24140,8,275,13
2025-04-02T02:00,11.6,53,2.4,0,869.6,60,24140,7.2,276,13.3
2025-04-02T03:00,11.5,53,2.3,0,869.9,74,24140,6.5,273,12.2
2025-04-02T04:00,11.9,52,2.3,0,870.2,94,24140,5.4,274,11.2
2025-04-02T05:00,12.1,52,2.5,0,870.6,87,24140,3.7,281,9
2025-04-02T06:00,12.8,52,3.2,0,871.2,82,24140,4,275,7.2
2025-04-02T07:00,16.6,49,5.8,0,873.1,93,24140,4.4,261,9
2025-04-02T08:00,20.2,35,4.3,0,874.8,84,24140,3.1,54,8.6
2025-04-02T09:00,22,33,5,0,875.9,97,24140,3.3,77,10.4
2025-04-02T10:00,23.8,31,5.6,0,876.2,99,24140,2.2,99,10.4
2025-04-02T11:00,26.6,26,5.5,0,875.9,100,24140,3.4,212,10.4
2025-04-02T12:00,27.7,24,5.3,0,875.1,100,24140,3.3,221,10.1
2025-04-02T13:00,27.8,23,4.8,0,874.6,100,24140,3.8,221,10.4
2025-04-02T14:00,27.7,24,5.3,0,873.7,100,24140,6.8,212,14.4
2025-04-02T15:00,26.5,27,6,0,873.4,100,24140,10.5,221,19.4
2025-04-02T16:00,25.4,26,4.5,0,873.3,100,24140,9.2,239,19.4
2025-04-02T17:00,23.9,26,3.2,0,872.6,100,24140,9.2,249,16.2
2025-04-02T18:00,21.7,33,4.7,0,872.9,91,24140,6,245,16.2
2025-04-02T19:00,18.8,41,5.3,0,872.8,40,24140,7,249,13.3
2025-04-02T20:00,16.8,46,5.1,0,873.2,41,24140,6.5,264,13.7
2025-04-02T21:00,14.9,53,5.4,0,873.3,63,24140,6.1,270,11.5
2025-04-02T22:00,13.7,57,5.3,0,873.3,14,24140,6.5,276,12.2
2025-04-02T23:00,12.5,58,4.5,0,872.7,0,24140,7.2,276,13.3
2025-04-03T00:00,12.4,55,3.6,0,872.2,0,24140,7.9,270,13.7
2025-04-03T01:00,12.4,50,2.3,0,872,12,24140,7.9,270,13.7
2025-04-03T02:00,11.9,49,1.5,0,871.5,0,24140,6.8,273,13.3
2025-04-03T03:00,11.4,47,0.5,0,871.1,100,24140,6.9,276,12.2
2025-04-03T04:00,11.7,42,-0.8,0,871.4,100,24140,6.5,267,12.2
2025-04-03T05:00,10.7,42,-1.7,0,871.6,85,24140,5.2,254,11.5
2025-04-03T06:00,11.6,42,-0.9,0,872.3,90,24140,4.9,253,9.4
2025-04-03T07:00,16.3,41,3,0,874.5,81,24140,4,243,9.4
2025-04-03T08:00,20.2,24,-1.1,0,876.2,83,24140,1.8,79,7.6
2025-04-03T09:00,22.8,22,0,0,877.4,55,24140,1.8,101,8.3
2025-04-03T10:00,25.7,22,2.4,0,877.5,78,24140,2,135,9.7
2025-04-03T11:00,27.8,21,3.5,0,876.5,97,24140,4,180,9.7
2025-04-03T12:00,28.9,20,3.7,0,875.9,100,24140,5.6,225,13.7
2025-04-03T13:00,29,22,5.1,0,875.4,100,24140,8.6,255,17.6
2025-04-03T14:00,28.6,21,4.2,0,874.6,100,24140,13.1,262,23.8
2025-04-03T15:00,27.8,19,2,0,873.9,73,24140,15.9,275,28.8
2025-04-03T16:00,26.5,19,1,0,873.4,0,24140,15.8,282,29.9
2025-04-03T17:00,24.5,24,2.6,0,873.1,0,24140,16.6,272,28.8
2025-04-03T18:00,21.9,31,4,0,873.4,0,24140,9.7,266,31.3
2025-04-03T19:00,19.5,37,4.4,0,873.6,0,24140,7.9,273,22.3
2025-04-03T20:00,17.5,42,4.5,0,873.8,0,24140,8.4,277,17.6
2025-04-03T21:00,16.2,45,4.2,0,874,0,24140,8.1,283,17.6
2025-04-03T22:00,14.8,48,3.9,0,873.7,78,24140,8,278,16.9
2025-04-03T23:00,12.9,51,3,0,873.1,33,24140,7.5,287,16.9
2025-04-04T00:00,11.6,53,2.3,0,872.1,91,24140,6.8,288,15.5
2025-04-04T01:00,11.5,50,1.4,0,871.7,100,24140,7.7,281,14.4
2025-04-04T02:00,11.6,47,0.6,0,871.5,91,24140,7,282,14.8
2025-04-04T03:00,11.3,46,0.1,0,871.6,97,24140,7,282,14.4
2025-04-04T04:00,10.8,45,-0.7,0,871.3,19,24140,6.9,279,14
2025-04-04T05:00,9.8,49,-0.4,0,871.5,55,24140,7,282,13.3
2025-04-04T06:00,11,47,0.1,0,872.1,0,24140,7.2,273,13.7
2025-04-04T07:00,17.3,40,3.5,0,874.4,11,24140,5.1,266,13.7
2025-04-04T08:00,20.7,25,0,0,875.5,0,24140,2.8,50,11.5
2025-04-04T09:00,23.4,24,1.7,0,876,0,24140,2.6,56,13.3
2025-04-04T10:00,26.3,19,0.8,0,876,0,24140,1.8,349,13.3
2025-04-04T11:00,28.6,15,-0.6,0,874.8,28,24140,6,245,11.9
2025-04-04T12:00,29.1,14,-1.1,0,873.9,72,24140,10,255,19.8
2025-04-04T13:00,29,13,-2.2,0,873.2,70,24140,14.6,261,27
2025-04-04T14:00,28.5,15,-0.6,0,872.5,4,24140,20.3,263,37.1
2025-04-04T15:00,27.4,16,-0.7,0,872,0,24140,21.6,270,39.6
2025-04-04T16:00,26.2,16,-1.6,0,871.8,0,24140,21.3,276,39.6
2025-04-04T17:00,24.1,19,-1,0,870.6,0,24140,22,269,38.5
2025-04-04T18:00,22.1,21,-1.3,0,871.2,0,24140,13.7,268,42.8
2025-04-04T19:00,19.7,27,0.1,0,871.4,0,24140,6.6,279,30.6
2025-04-04T20:00,16.3,37,1.6,0,871.4,3,24140,6.2,280,15.1
2025-04-04T21:00,14.1,46,2.7,0,871.2,17,24140,6.9,276,13.3
2025-04-04T22:00,13.5,49,3,0,871.3,34,24140,6.9,279,13
2025-04-04T23:00,12.7,50,2.5,0,870.8,41,24140,5.2,286,11.5
2025-04-05T00:00,12.4,50,2.2,0,870.7,62,24140,5.5,281,9.4
2025-04-05T01:00,11.5,50,1.4,0,870,7,24140,6.8,267,11.5
2025-04-05T02:00,10.9,52,1.4,0,869.8,0,24140,6.8,270,11.5
2025-04-05T03:00,10.4,53,1.2,0,869.6,0,24140,6.5,276,11.5
2025-04-05T04:00,10.1,54,1.2,0,869.6,0,24140,7,282,11.9
2025-04-05T05:00,9.9,56,1.5,0,869.9,0,24140,5.8,277,11.9
2025-04-05T06:00,10.9,56,2.4,0,870.5,0,24140,6.9,261,11.5
2025-04-05T07:00,16.7,47,5.3,0,872.6,0,24140,5.5,238,12.6
2025-04-05T08:00,20.7,31,2.9,0,874.2,0,24140,2.3,141,9.7
2025-04-05T09:00,23.7,25,2.5,0,874.7,0,24140,3.3,139,10.8
2025-04-05T10:00,26,21,2,0,874.8,0,24140,3.7,151,12.6
2025-04-05T11:00,28.4,18,1.8,0,874.7,0,24140,4.6,219,11.9
2025-04-05T12:00,29.1,17,1.6,0,873.4,0,24140,3.9,248,13.3
2025-04-05T13:00,29.2,15,-0.1,0,872.6,85,24140,9.4,313,18.7
2025-04-05T14:00,28.7,15,-0.5,0,871.6,69,24140,16.7,284,31.3
2025-04-05T15:00,27.3,19,1.6,0,870.8,56,24140,20.8,279,38.2
2025-04-05T16:00,26.6,19,1.1,0,870.6,9,24140,19.2,276,38.2
2025-04-05T17:00,24.8,23,2.2,0,870.8,0,24140,14.1,267,34.9
2025-04-05T18:00,22.2,29,3.3,0,870.7,22,24140,10.9,262,27.4
2025-04-05T19:00,20.1,34,3.8,0,870.7,4,24140,7.2,270,24.8
2025-04-05T20:00,17.2,42,4.2,0,870.5,0,24140,7.2,276,17.3
2025-04-05T21:00,15.2,48,4.2,0,870.2,0,24140,7.2,276,15.8
2025-04-05T22:00,13.9,51,3.9,0,870,0,24140,7.1,285,15.1
2025-04-05T23:00,11.5,57,3.2,0,869.8,0,24140,6.4,286,14
2025-04-06T00:00,11.1,57,2.9,0,869.1,6,24140,6.6,279,12.2
2025-04-06T01:00,10.9,57,2.7,0,868.9,0,24140,7.2,276,12.2
2025-04-06T02:00,10.7,58,2.8,0,868.3,3,24140,6.5,273,12.2
2025-04-06T03:00,10.5,59,2.8,0,868.4,26,24140,6.5,273,11.5
2025-04-06T04:00,10.5,59,2.8,0,868.6,100,24140,6.1,273,11.2
2025-04-06T05:00,10,61,2.8,0,869.5,89,24140,5.1,278,10.8
2025-04-06T06:00,11.2,59,3.5,0,870.1,100,24140,5.4,266,9.7
2025-04-06T07:00,16.6,47,5.2,0,872.3,1,24140,5,240,10.8
2025-04-06T08:00,20.9,34,4.5,0,873.9,0,24140,3.1,159,9.4
2025-04-06T09:00,24.4,26,3.6,0,874.9,0,24140,4.2,149,13.3
2025-04-06T10:00,27,22,3.4,0,875,0,24140,5,150,15.1
2025-04-06T11:00,28.9,22,5,0,874.9,0,24140,7.9,177,15.1
2025-04-06T12:00,29.8,21,5.1,0,873.8,3,24140,9,180,18.4
2025-04-06T13:00,30,20,4.6,0,872.6,61,24140,6.9,174,18.4
2025-04-06T14:00,29.5,20,4.2,0,871.5,73,24140,7.3,200,16.2
2025-04-06T15:00,28.8,22,4.9,0,871.3,84,24140,7.9,219,18.7
2025-04-06T16:00,27.7,24,5.3,0,871.2,55,24140,9.3,234,17.3
2025-04-06T17:00,25.8,28,5.9,0,871.5,48,24140,7.3,237,18.4
2025-04-06T18:00,21.9,38,6.9,0,871.3,40,24140,5.2,245,11.5
2025-04-06T19:00,18.5,49,7.6,0,871.2,0,24140,6.4,243,12.2
2025-04-06T20:00,16.6,54,7.3,0,871.9,0,24140,7.5,253,13
2025-04-06T21:00,15.4,58,7.1,0,872.4,0,24140,6.5,270,12.6
2025-04-06T22:00,14,63,7,0,872.2,0,24140,6,287,10.8
2025-04-06T23:00,12.7,66,6.5,0,872,35,24140,6.3,294,11.5
2025-04-07T00:00,12.5,66,6.3,0,871.6,8,24140,6.6,283,11.2
2025-04-07T01:00,12.5,65,6.1,0,871.4,30,24140,6.8,270,11.5
2025-04-07T02:00,12.5,65,6.1,0,871.3,40,24140,5.8,263,11.5
2025-04-07T03:00,12.2,66,6.1,0,871.6,59,24140,4.7,270,10.1
2025-04-07T04:00,12.4,65,6,0,872,43,24140,4.7,274,8.6
2025-04-07T05:00,11.4,67,5.5,0,872.4,28,24140,4.3,270,10.1
2025-04-07T06:00,12.3,65,5.9,0,872.9,0,24140,4.1,255,9.4
2025-04-07T07:00,17.8,55,8.7,0,874.8,0,24140,2.3,219,9.7
2025-04-07T08:00,20.9,42,7.5,0,875.9,0,24140,4.2,149,13.3
2025-04-07T09:00,23.6,38,8.4,0,876.6,0,24140,5.1,135,15.1
2025-04-07T10:00,26,33,8.5,0,876.7,0,24140,3.9,124,15.1
2025-04-07T11:00,27.3,29,7.7,0,876.6,50,24140,4.5,151,10.8
2025-04-07T12:00,28.1,27,7.4,0,875.9,62,24140,3.9,158,10.8
2025-04-07T13:00,28.4,25,6.5,0,874.8,70,24140,4.3,138,11.9
2025-04-07T14:00,28.5,26,7.1,0,873.9,46,24140,8.6,158,17.3
2025-04-07T15:00,27.5,31,8.9,0,873.2,100,24140,13.1,164,23.8
2025-04-07T16:00,25.1,44,12,0,873.3,100,24140,13.3,161,30.6
2025-04-07T17:00,23.5,49,12.2,0,873.5,78,24140,8.9,166,23.4
2025-04-07T18:00,21.5,58,12.9,0,874,76,24140,7.1,165,15.1
2025-04-07T19:00,19.8,67,13.5,0,874.2,100,24140,6.4,164,11.5
2025-04-07T20:00,18.6,75,14.1,0,875.2,100,24140,5.2,168,10.4
2025-04-07T21:00,17.7,81,14.4,0,875.5,100,24140,2.9,210,8.3
2025-04-07T22:00,17.3,84,14.5,0,875.7,100,24140,2.5,262,5
2025-04-07T23:00,16.9,82,13.8,0,875.7,100,24140,2,45,4.3
2025-04-08T00:00,15.5,89,13.7,0,875.4,100,24140,3.8,287,11.2
2025-04-08T01:00,15.1,89,13.3,0,874.6,100,24140,4.3,275,7.2
2025-04-08T02:00,14.8,88,12.9,0,873.9,100,24140,5.6,255,10.1
2025-04-08T03:00,14.9,85,12.4,0,874.2,100,24140,5.9,259,10.8
2025-04-08T04:00,14.9,83,12.1,0,874.3,100,24140,5.2,286,9.7
2025-04-08T05:00,14.7,91,13.3,2,876,100,24140,5.7,55,12.6
2025-04-08T06:00,14.2,96,13.5,0,876.6,100,24140,2.9,360,11.9
2025-04-08T07:00,16.1,89,14.3,0,877.9,94,24140,0.8,333,6.8
2025-04-08T08:00,18.3,79,14.6,0,878.9,77,24140,2.2,90,11.2
2025-04-08T09:00,20.6,70,15,0,879.8,100,24140,2.3,108,9.7
2025-04-08T10:00,21.6,65,14.8,0.4,879.5,100,24140,5.2,146,12.2
2025-04-08T11:00,24.7,50,13.6,0,879.1,100,24140,5.1,172,12.6
2025-04-08T12:00,25.3,45,12.5,0,878.2,100,24140,4.3,180,14
2025-04-08T13:00,25,44,11.9,0.3,877.2,100,24140,1.1,90,12.2
2025-04-08T14:00,24.5,46,12.1,0.2,876.7,100,24140,4.7,23,11.5
2025-04-08T15:00,24.4,47,12.4,0,875.8,100,24140,2.7,23,12.2
2025-04-08T16:00,24.2,47,12.2,0,875.7,100,24140,1.8,281,6.5
2025-04-08T17:00,23.9,50,12.9,0,875.9,0,24140,4.2,250,5.8
2025-04-08T18:00,21.5,62,13.9,0,875.8,42,24140,4.6,252,7.6
2025-04-08T19:00,19.2,72,14,0,875.5,39,24140,5.1,266,7.9
2025-04-08T20:00,17.3,81,14,0,875.6,1,24140,5.4,270,9
2025-04-08T21:00,16.2,84,13.5,0,875.7,70,24140,6.3,283,10.1
2025-04-08T22:00,15.5,85,13,0,875.3,54,24140,6.1,298,10.1
2025-04-08T23:00,16.1,81,12.8,0,875.8,100,24140,3.3,276,10.4
2025-04-09T00:00,15.9,80,12.4,0,875.2,70,24140,3.7,281,6.5
2025-04-09T01:00,14.9,83,12.1,0,874.3,100,24140,6.2,277,10.1
2025-04-09T02:00,14.5,83,11.7,0,873.8,100,24140,6.8,273,13
2025-04-09T03:00,14.4,84,11.7,0,873.3,100,24140,4,275,11.5
2025-04-09T04:00,14.2,85,11.7,0,872.9,100,24140,1.8,281,6.5
2025-04-09T05:00,14.6,79,11,0,873.6,100,24140,2,315,6.5
2025-04-09T06:00,14.8,81,11.6,0,874,100,24140,1.3,214,4.3
2025-04-09T07:00,18,71,12.6,0,875.8,100,24140,4.9,287,9.4
2025-04-09T08:00,20.2,61,12.4,0,876.7,100,24140,6.5,87,13
2025-04-09T09:00,21.9,59,13.5,0,877.2,100,24140,5,159,14
2025-04-09T10:00,23.4,55,13.8,0,876.8,100,24140,3.9,146,12.2
2025-04-09T11:00,24.8,50,13.7,0.1,876.7,100,24140,7.6,183,15.8
2025-04-09T12:00,25.4,50,14.2,0,875.7,100,18880,9,164,19.1
2025-04-09T13:00,23.4,59,15,0.5,874.5,100,7620,9.1,124,20.2
2025-04-09T14:00,21.8,67,15.4,0.4,873.4,100,12360,5.6,285,15.1
2025-04-09T15:00,20.7,71,15.2,0.5,872.3,100,4360,1.1,288,12.2
2025-04-09T16:00,20,78,16,1.1,872.3,100,9940,4.5,194,10.1
2025-04-09T17:00,19.5,78,15.6,0.3,872.8,100,20260,6.1,28,11.5
2025-04-09T18:00,18.4,82,15.3,0.7,873.3,100,20820,6.2,353,14.4
2025-04-09T19:00,17.8,84,15,0,872.9,100,19980,4.4,351,10.8
2025-04-09T20:00,17.4,84,14.6,0,872.9,100,23500,1.1,72,7.2
2025-04-09T21:00,16.8,86,14.5,0,872.9,100,24140,4,260,7.6
2025-04-09T22:00,16,89,14.2,0,872.3,100,24140,4.7,293,8.6
2025-04-09T23:00,16,88,14,0,871.9,100,24140,4,275,8.3
2025-04-10T00:00,15.5,90,13.8,0,870.7,100,24140,2.1,329,6.8
2025-04-10T01:00,15,92,13.7,0,869.8,100,24140,3.8,343,8.3
2025-04-10T02:00,15,90,13.4,0,869.2,100,24140,4.8,318,10.4
2025-04-10T03:00,14.6,92,13.3,0,868.5,100,24140,5.1,262,9.7
2025-04-10T04:00,14.5,91,13,0,869.1,100,24140,3.3,276,9
2025-04-10T05:00,14.6,91,13.1,0,869.9,100,24140,3.6,323,6.8
2025-04-10T06:00,15.1,89,13.3,0,870.6,100,24140,2,315,6.5
2025-04-10T07:00,16.6,85,14,0,871,100,24140,3.1,45,7.9
2025-04-10T08:00,18.3,80,14.8,0,871.4,100,24140,1.3,146,8.6
2025-04-10T09:00,20,74,15.2,0,872.3,100,24140,2.1,211,9
2025-04-10T10:00,21.1,68,14.9,0.2,872.1,100,21720,5.2,102,17.3
2025-04-10T11:00,20.5,70,14.9,0.1,872.3,100,20380,6.7,106,18.4
2025-04-10T12:00,20.9,68,14.7,0.3,871,100,19740,6.2,100,20.5
2025-04-10T13:00,21.1,67,14.8,0.1,870.4,100,3800,6.1,87,21.6
2025-04-10T14:00,20.8,68,14.6,0.1,869.6,100,8240,2.9,97,19.4
2025-04-10T15:00,19.9,76,15.6,0.6,868.5,100,20660,5.2,124,11.2
2025-04-10T16:00,19.6,77,15.4,0.6,868,100,5680,6.3,103,14.8
2025-04-10T17:00,18.8,77,14.7,0,867.6,100,8820,4.8,103,13
2025-04-10T18:00,17.8,83,14.8,0,867.4,100,20400,3.4,162,10.8
2025-04-10T19:00,17,87,14.8,0,867.4,100,9240,2.2,171,8.3
2025-04-10T20:00,16.2,90,14.5,0,867.5,100,10140,2.3,129,6.8
2025-04-10T21:00,15.9,91,14.4,0,867.6,100,19940,2.5,180,7.9
2025-04-10T22:00,15.5,92,14.2,0,868.5,100,22140,4.4,261,10.1
2025-04-10T23:00,15.1,93,14,0,868.7,100,19140,3.3,311,10.8
2025-04-11T00:00,14.9,94,14,0,868.4,100,20280,3.7,331,7.6
2025-04-11T01:00,14.9,93,13.8,0,868,100,11280,2.2,279,7.2
2025-04-11T02:00,15,92,13.7,0,867.9,100,9480,1.9,292,5
2025-04-11T03:00,15,91,13.6,0,867.7,100,19300,2.4,207,6.1
2025-04-11T04:00,14.4,94,13.5,0,867.2,100,19380,4.9,216,10.4
2025-04-11T05:00,13.9,96,13.2,0,866.7,57,24140,6.1,220,12.6
2025-04-11T06:00,14.2,95,13.4,0,867.3,50,23340,3.4,252,10.8
2025-04-11T07:00,16.6,89,14.8,0,868.7,77,24140,2.3,108,9
2025-04-11T08:00,18.5,77,14.4,0,870,89,15700,4,100,13.3
2025-04-11T09:00,19.9,71,14.5,0,871,96,20380,2.7,113,13
2025-04-11T10:00,21.2,60,13.1,0,871.2,93,24140,1.8,101,15.1
2025-04-11T11:00,22.4,51,11.7,0,870.8,100,6280,3,104,15.1
2025-04-11T12:00,23.1,47,11.2,0,869.8,100,5540,6.9,137,14
2025-04-11T13:00,22,55,12.6,0,869.2,100,5240,8.4,173,16.2
2025-04-11T14:00,19.9,72,14.7,0.9,868.6,100,8520,10.4,224,18
2025-04-11T15:00,19.7,75,15.1,0.5,868.4,100,7160,5.9,284,17.6
2025-04-11T16:00,19.3,76,15,0.5,868.1,100,20900,5.4,20,11.2
2025-04-11T17:00,19.3,74,14.6,0.1,868.4,19,23800,4.7,86,9.4
2025-04-11T18:00,18.2,80,14.7,0,868.3,3,24140,2.3,72,8.6
2025-04-11T19:00,17.2,85,14.6,0,868.1,0,24140,1.6,27,3.6
2025-04-11T20:00,16.5,86,14.1,0,868.5,0,24140,3.4,238,5
2025-04-11T21:00,15.1,90,13.5,0,868.8,0,24140,3.5,246,5.8
2025-04-11T22:00,14.1,93,13,0,869.1,21,24140,3.7,259,5.8
2025-04-11T23:00,14.4,90,12.8,0,869.1,42,24140,2.9,263,5.8
2025-04-12T00:00,13.2,94,12.3,0,868.2,50,24140,5.2,245,8.3
2025-04-12T01:00,12.8,94,11.8,0,867.8,51,24140,5.2,258,9.4
2025-04-12T02:00,12.5,94,11.5,0,867.2,44,24140,3.5,246,8.6
2025-04-12T03:00,12.4,94,11.5,0,867.5,60,24140,2.7,247,5.8
2025-04-12T04:00,12.2,95,11.4,0,867.6,63,24140,3.2,270,5.4
2025-04-12T05:00,12.1,93,11,0,868.3,50,24140,3.9,248,6.8
2025-04-12T06:00,12.6,93,11.5,0,868.7,41,24140,5.1,231,7.9
2025-04-12T07:00,16.4,80,13,0,871,13,24140,4.6,252,10.4
2025-04-12T08:00,19.1,69,13.3,0,872.1,0,2940,2.3,18,9
2025-04-12T09:00,21.2,62,13.6,0,873.1,13,24140,3,284,13
2025-04-12T10:00,22.7,53,12.6,0,873.4,100,24140,5.6,297,17.3
2025-04-12T11:00,23.7,49,12.3,0,872.5,42,19900,1.1,342,16.6
2025-04-12T12:00,24.6,45,11.9,0,872.1,58,24140,4.8,63,11.9
2025-04-12T13:00,25.3,44,12.1,0,871.4,69,24140,3.6,84,14.4
2025-04-12T14:00,25.8,42,11.9,0,870.6,70,24140,4.4,261,11.2
2025-04-12T15:00,25.8,41,11.6,0,870,38,24140,5.5,259,12.6
2025-04-12T16:00,25.2,43,11.8,0,869.7,33,24140,4.4,261,12.2
2025-04-12T17:00,23.9,48,12.2,0,869.9,42,24140,2.9,187,8.3
2025-04-12T18:00,21.9,57,13,0,869.7,47,24140,3.9,56,6.5
2025-04-12T19:00,20.2,65,13.4,0,870,100,24140,2.5,315,6.5
2025-04-12T20:00,18.2,75,13.7,0,870.5,100,19460,5.4,274,8.6
2025-04-12T21:00,17.2,82,14.1,0,870.9,100,24140,5.6,297,11.2
2025-04-12T22:00,16.7,84,14,0,871.4,100,24140,5.8,263,9.4
2025-04-12T23:00,15.6,86,13.3,0,871,100,24140,2.3,288,9.4
2025-04-13T00:00,15.1,85,12.6,0.6,871.2,100,24140,7.5,287,15.1
2025-04-13T01:00,14.9,81,11.6,0.6,870.9,99,24140,8.3,275,15.8
2025-04-13T02:00,14.1,88,12.2,0.9,870.6,92,24140,5.4,70,14
2025-04-13T03:00,13.6,92,12.3,0,870.4,100,24140,3.7,349,8.6
2025-04-13T04:00,13.2,91,11.7,0,870.7,37,24140,4.5,299,7.6
2025-04-13T05:00,12.5,87,10.4,0,870.1,0,24140,3.5,336,7.6
2025-04-13T06:00,13.5,84,10.9,0,871.5,28,24140,3.6,270,6.1
2025-04-13T07:00,16.1,77,12.1,0,872.9,38,24140,1.5,284,6.8
2025-04-13T08:00,18.3,74,13.6,0,874.3,48,24140,2.3,72,8.3
2025-04-13T09:00,20.2,71,14.8,0.1,875,84,24140,1.8,101,8.3
2025-04-13T10:00,22.1,64,14.9,0,875.3,100,19840,6.2,159,14.4
2025-04-13T11:00,24.1,52,13.7,0,874.8,100,24140,6.8,155,14.4
2025-04-13T12:00,24.9,46,12.5,0,874.2,100,24140,6.3,156,15.1
2025-04-13T13:00,23.4,49,12.1,0,874.4,100,24140,9.2,228,16.2
2025-04-13T14:00,20.2,65,13.4,0.2,874,100,23780,9.8,264,27.4
2025-04-13T15:00,20.5,65,13.7,0,873.5,100,24140,11.7,56,20.9
2025-04-13T16:00,19.6,68,13.5,0,872.5,100,24140,6.8,72,22.7
2025-04-13T17:00,18.8,72,13.6,0,871.7,58,24140,3.1,69,13.7
2025-04-13T18:00,17.8,77,13.7,0,871.7,9,24140,1.8,323,6.1
2025-04-13T19:00,16.5,82,13.4,0,871.6,94,24140,3.3,264,5.4
2025-04-13T20:00,15.5,87,13.3,0,872.2,98,24140,4.4,279,7.2
2025-04-13T21:00,14.7,88,12.8,0,872.3,100,24140,5,300,8.3
2025-04-13T22:00,14.2,86,11.9,0,872.3,100,24140,6,287,9.7
2025-04-13T23:00,14.3,88,12.3,0,872.7,100,24140,4,275,10.8
2025-04-14T00:00,14.2,87,12,0,872.2,100,24140,3.7,259,6.5
2025-04-14T01:00,14.1,87,12,0,871.6,100,24140,3.3,257,6.5
2025-04-14T02:00,13.9,88,12,0,871,100,24140,3.1,249,6.8
2025-04-14T03:00,13.8,89,12,0,870.9,100,24140,2.9,270,6.8
2025-04-14T04:00,13.6,89,11.8,0,870.9,100,24140,3.3,276,7.6
2025-04-14T05:00,12.9,89,11.1,0,871.4,67,24140,3.2,297,8.3
2025-04-14T06:00,13.7,86,11.4,0,872.5,63,24140,3.3,283,8.6
2025-04-14T07:00,16.8,75,12.4,0,874.2,40,24140,0.8,207,9
2025-04-14T08:00,20,64,13,0,875.5,10,24140,3.7,101,13.3
2025-04-14T09:00,22.3,51,11.6,0,876.2,0,24140,5.2,115,15.8
2025-04-14T10:00,24,41,10,0,875.9,0,24140,6.6,119,16.6
2025-04-14T11:00,25,38,9.7,0,876.2,0,24140,10,142,20.2
2025-04-14T12:00,25.7,32,7.8,0,875.3,0,24140,14.3,146,26.3
2025-04-14T13:00,25.4,32,7.5,0,874.6,0,3420,17.4,140,31.7
2025-04-14T14:00,24.8,37,9.1,0,873.7,3,24140,17.9,140,32.8
2025-04-14T15:00,24.3,40,9.9,0,872.9,6,5260,16.1,141,32
2025-04-14T16:00,23.6,44,10.7,0,872.6,0,18600,11.1,155,29.2
2025-04-14T17:00,23,44,10.1,0,872.9,14,24140,9.9,161,19.8
2025-04-14T18:00,21.2,53,11.2,0,873,7,24140,6,163,16.6
2025-04-14T19:00,19.3,63,12.1,0,873.1,41,24140,4,170,10.1
2025-04-14T20:00,17.5,73,12.6,0,872.7,0,24140,4.7,203,9.4
2025-04-14T21:00,16.2,79,12.6,0,872.8,0,24140,4.4,235,10.1
2025-04-14T22:00,15.2,83,12.4,0,872.3,0,24140,4.7,266,9.4
2025-04-14T23:00,14,87,11.8,0,873,0,24140,5.1,309,8.6
2025-04-15T00:00,13.8,85,11.3,0,872.9,0,24140,5.4,290,9.4
2025-04-15T01:00,13.4,86,11.1,0,872.4,12,24140,6.5,264,11.2
2025-04-15T02:00,13,87,10.9,0,872.2,3,24140,6.5,264,11.2
2025-04-15T03:00,12.6,85,10.1,0,871.8,65,24140,5.8,277,10.4
2025-04-15T04:00,12.3,82,9.3,0,871.8,47,24140,5.8,274,9.7
2025-04-15T05:00,11.8,81,8.7,0,872.8,0,24140,6.1,273,9.7
2025-04-15T06:00,13.2,75,8.9,0,873.5,0,24140,6.5,264,10.8
2025-04-15T07:00,18.2,58,9.8,0,875.5,0,24140,4.1,232,11.5
2025-04-15T08:00,20.8,48,9.4,0,876.2,0,24140,2.2,90,7.6
2025-04-15T09:00,23.1,47,11.1,0,876.6,0,24140,3.7,119,10.4
2025-04-15T10:00,25.3,40,10.7,0,876.3,0,24140,4.9,144,12.6
2025-04-15T11:00,26.8,32,8.7,0,875.8,0,24140,7,159,16.6
2025-04-15T12:00,27.7,29,8,0,875.2,0,24140,11.6,150,21.6
2025-04-15T13:00,27.4,29,7.8,0,874.2,0,24140,16.4,151,29.9
2025-04-15T14:00,26.3,35,9.6,0,873.4,100,24140,19.8,155,35.6
2025-04-15T15:00,24.4,44,11.4,0,872.7,100,24140,11.9,183,35.6
2025-04-15T16:00,23.6,52,13.2,0,872.7,100,24140,4.6,198,21.2
2025-04-15T17:00,21.6,64,14.5,2,872.3,100,24140,2.3,309,14
2025-04-15T18:00,19,79,15.3,1.4,872.9,100,24140,4.8,48,13.3
2025-04-15T19:00,18.1,85,15.6,0.4,872.9,29,24140,1.5,45,13.3
2025-04-15T20:00,17.4,87,15.2,0,873.2,12,24140,3.4,252,5.8
2025-04-15T21:00,16.3,90,14.6,0,873.1,0,24140,4,265,6.5
2025-04-15T22:00,15.5,91,14,0,872.9,4,24140,3.7,259,6.5
2025-04-15T23:00,15.4,90,13.7,0,873.3,36,24140,1.9,248,6.5
2025-04-16T00:00,14.5,92,13.2,0.1,872.3,71,24140,3.1,249,7.9
2025-04-16T01:00,13.6,94,12.7,0.1,872.3,82,24140,4.3,265,7.9
2025-04-16T02:00,13.6,93,12.5,0,871.9,71,24140,1.4,270,7.6
2025-04-16T03:00,13.7,92,12.4,0,871.6,56,24140,3.3,257,5.8
2025-04-16T04:00,13.4,91,12,0,871.1,58,24140,4.1,255,7.2
2025-04-16T05:00,12.8,95,12,0,872.4,72,24140,3.7,241,7.2
2025-04-16T06:00,13.6,92,12.3,0,872.8,35,24140,3.7,241,6.5
2025-04-16T07:00,16.6,82,13.5,0,874,28,24140,1.8,217,7.2
2025-04-16T08:00,18.9,74,14.1,0,874.7,0,24140,0.8,117,5.4
2025-04-16T09:00,20.9,67,14.6,0,874.9,9,20140,2.4,117,8.6
2025-04-16T10:00,22.7,57,13.7,0,874.5,72,20480,2.3,129,9.7
2025-04-16T11:00,23.8,53,13.6,0,875,63,23520,3.6,180,9
2025-04-16T12:00,24.6,48,12.9,0,873.7,28,24140,3.2,207,11.9
2025-04-16T13:00,25.3,44,12.2,0,873.1,72,24140,0.8,207,11.5
2025-04-16T14:00,25.6,43,12.1,0,872,42,24140,1.8,270,6.1
2025-04-16T15:00,24.8,45,12.1,0,871.3,75,24140,8,252,14.4
2025-04-16T16:00,23.6,51,12.8,0,870.8,58,24140,8.7,263,20.2
2025-04-16T17:00,22.5,57,13.6,0,870.5,60,24140,8.5,234,16.9
2025-04-16T18:00,21,63,13.7,0,870.9,53,24140,6.5,236,16.9
2025-04-16T19:00,19.6,69,13.8,0,871.3,42,24140,6.3,246,13.7
2025-04-16T20:00,18.3,76,14,0,871.9,7,24140,6.3,257,12.6
2025-04-16T21:00,17.3,81,14,0,871.9,33,24140,5.1,274,11.5
2025-04-16T22:00,16.5,85,13.9,0,871.8,49,24140,4.7,274,9
2025-04-16T23:00,16.5,84,13.8,0,871.4,100,24140,4.3,312,8.6
2025-04-17T00:00,16,85,13.4,0,870.9,68,24140,2.7,293,6.8
2025-04-17T01:00,15.4,86,13.1,0.4,870.9,100,24140,8.8,279,17.3
2025-04-17T02:00,15.7,81,12.4,0,869.9,20,24140,3.2,297,14.8
2025-04-17T03:00,14.8,89,13,1.4,870.5,100,24140,4.3,222,13
2025-04-17T04:00,15.4,84,12.7,0.1,870.2,100,24140,6.6,311,17.3
2025-04-17T05:00,15.2,88,13.2,0,871.1,94,24140,0.8,27,14.4
2025-04-17T06:00,15.8,86,13.5,0,871.2,100,24140,2.1,239,7.6
2025-04-17T07:00,17.6,81,14.3,0,872,59,22340,3.8,221,10.8
2025-04-17T08:00,19.7,73,14.7,0,872.6,96,19880,2.3,39,11.2
2025-04-17T09:00,21.5,66,14.9,0,872.8,36,19840,1.1,162,10.4
2025-04-17T10:00,22.9,61,15,0.1,872.7,54,19660,1.9,202,13.7
2025-04-17T11:00,24.9,53,14.7,0,873,81,19200,4,260,17.6
2025-04-17T12:00,25,50,13.8,0,872.3,78,6960,3.1,306,10.4
2025-04-17T13:00,23.6,56,14.3,0.1,871,100,8040,7.2,252,15.1
2025-04-17T14:00,23.4,60,15.2,0,870.5,100,13880,7,235,16.9
2025-04-17T15:00,22.9,66,16.2,0.1,869.9,100,8120,3.7,241,16.6
2025-04-17T16:00,21.9,68,15.7,0.3,869.7,100,17160,3.7,11,13.7
2025-04-17T17:00,21.4,68,15.2,0,869,100,20980,4,355,13.3
2025-04-17T18:00,20.3,75,15.7,0,869.4,88,23100,4.5,14,9.4
2025-04-17T19:00,18.9,82,15.7,0,869.7,99,24140,4.3,5,10.4
2025-04-17T20:00,18,85,15.5,0,870,30,24140,2.4,333,8.3
2025-04-17T21:00,17.2,87,15,0,870.1,89,6540,2.8,310,5.4
2025-04-17T22:00,16,91,14.5,0,870.1,75,24140,4.2,301,7.6
2025-04-17T23:00,14.8,92,13.5,0,869.5,83,24140,3.6,323,8.3
2025-04-18T00:00,14.7,90,13.1,0,868.8,47,12940,3,256,6.8
2025-04-18T01:00,13.8,93,12.7,0,868.1,56,15920,5.4,274,9
2025-04-18T02:00,13.7,93,12.6,0,867.7,59,24140,4.8,243,9
2025-04-18T03:00,13.7,92,12.4,0,867.5,56,24140,2.2,270,8.3
2025-04-18T04:00,14.1,91,12.6,0,867.9,67,24140,1.6,297,3.2
2025-04-18T05:00,14.3,94,13.4,0,868.8,100,24140,2.6,326,6.1
2025-04-18T06:00,14.7,94,13.8,0,869.9,100,24140,3.6,354,6.8
2025-04-18T07:00,16.4,89,14.6,0,870.9,100,24140,1.5,76,6.1
2025-04-18T08:00,18.6,80,15.1,0,871.9,100,24140,3.7,151,10.4
2025-04-18T09:00,20.5,73,15.5,0,872.8,36,24140,4.7,148,13
2025-04-18T10:00,22.1,62,14.5,0,872.8,34,19620,6.3,121,14.8
2025-04-18T11:00,23.6,54,13.7,0,873.1,47,5140,6.2,126,14.8
2025-04-18T12:00,24.5,49,13.1,0,872,49,4220,7,125,15.5
2025-04-18T13:00,24.9,47,12.8,0,871.5,51,24140,9.6,124,18.7
2025-04-18T14:00,24.7,48,13,0,870.4,42,12500,11.3,143,20.2
2025-04-18T15:00,24.1,49,12.7,0,869.7,82,12320,9,157,20.2
2025-04-18T16:00,23.9,51,13.1,0,869.5,100,15280,4.7,189,16.2
2025-04-18T17:00,22.9,55,13.4,0,869.1,81,24140,4.7,157,8.6
2025-04-18T18:00,21.2,65,14.3,0,869.1,51,24140,4.7,176,9.7
2025-04-18T19:00,19.5,74,14.7,0,868.8,0,24140,3.6,217,7.6
2025-04-18T20:00,17.8,82,14.7,0,869.4,0,24140,4.6,252,7.9
2025-04-18T21:00,16.5,89,14.7,0,869.5,23,24140,4.7,261,7.9
2025-04-18T22:00,15.7,92,14.4,0,869.8,31,24140,4.4,261,7.9
2025-04-18T23:00,15.3,91,13.9,0,869.7,50,24140,3.8,229,7.2
2025-04-19T00:00,14.9,92,13.6,0,869.2,44,24140,3.9,236,6.8
2025-04-19T01:00,14.6,93,13.5,0,868.9,49,24140,3.4,252,6.5
2025-04-19T02:00,14.2,94,13.3,0,868.2,65,24140,3.1,249,5.4
2025-04-19T03:00,14.1,94,13.1,0.1,868.1,87,24140,4.6,231,7.9
2025-04-19T04:00,14.5,93,13.4,0.1,868,85,24140,2.9,270,9
2025-04-19T05:00,14,96,13.3,0,869.9,92,24140,2.9,277,6.1
2025-04-19T06:00,15.1,93,14,0,870.8,76,24140,3.9,236,6.5
2025-04-19T07:00,17.7,86,15.3,0,872.4,65,20360,1.1,252,6.8
2025-04-19T08:00,19.8,77,15.7,0,872.9,72,10820,3.8,107,9.4
2025-04-19T09:00,21.8,66,15.2,0,873.1,55,9720,2.3,141,9.7
2025-04-19T10:00,23.6,57,14.6,0,873,43,19540,4.7,122,11.5
2025-04-19T11:00,24.3,53,14.1,0,872.8,39,19780,4.1,165,11.5
2025-04-19T12:00,25.3,48,13.5,0,872.2,70,7880,5.8,173,14
2025-04-19T13:00,25.2,47,13.1,0,871.1,49,7700,7.2,180,15.1
2025-04-19T14:00,25.1,48,13.3,0,870.5,77,11160,6.9,227,14.8
2025-04-19T15:00,24.2,53,14,0,869.6,85,24140,6.4,232,14
2025-04-19T16:00,22.3,64,15.1,0.2,869.6,83,24140,7,249,13
2025-04-19T17:00,21.4,70,15.7,0.4,869.7,38,22440,4.6,288,13
2025-04-19T18:00,20.5,74,15.7,0,870.1,10,24140,1.4,360,8.6
2025-04-19T19:00,19,81,15.7,0,870,0,24140,2.9,353,4.3
2025-04-19T20:00,17.6,86,15.2,0,870.1,9,24140,4,297,6.5
2025-04-19T21:00,16.3,90,14.7,0,869.9,25,24140,4.2,290,6.5
2025-04-19T22:00,15.5,92,14.2,0,869.6,30,24140,5.4,274,8.6
2025-04-19T23:00,14.9,92,13.6,0,869.6,51,24140,5.2,286,9.7
2025-04-20T00:00,14.5,92,13.2,0,869.2,54,24140,5.2,254,8.6
2025-04-20T01:00,14.5,90,12.8,0,868.5,59,24140,4.7,266,8.6
2025-04-20T02:00,14.3,90,12.7,0,868.3,44,24140,3.6,270,7.9
2025-04-20T03:00,14,91,12.5,0,868.1,36,24140,3.3,276,6.1
2025-04-20T04:00,13.8,91,12.4,0,868,34,24140,3.3,276,5
2025-04-20T05:00,13.1,90,11.5,0,868.9,46,24140,4,275,5.8
2025-04-20T06:00,14.2,88,12.3,0,869.4,39,24140,3.2,243,7.2
2025-04-20T07:00,18,78,14.1,0,871.4,25,24140,1.6,207,7.2
2025-04-20T08:00,20.3,72,15.1,0,872.3,0,24140,2.1,149,8.3
2025-04-20T09:00,22.4,59,14,0,873.1,22,23740,0.7,180,8.3
2025-04-20T10:00,24,51,13.3,0,873,32,24140,0.4,270,7.2
2025-04-20T11:00,25.6,49,14.1,0,872.6,44,24140,1.9,292,10.1
2025-04-20T12:00,26.9,44,13.6,0,872.3,4,24140,1.9,292,10.8
2025-04-20T13:00,27.7,39,12.5,0,872,47,24140,3.4,302,9.7
2025-04-20T14:00,27.9,37,11.9,0,871.3,6,24140,5.5,302,13.7
2025-04-20T15:00,27.6,39,12.4,0,870.4,55,24140,7.4,299,14.8
2025-04-20T16:00,27.1,41,12.7,0,870.1,13,24140,8.2,299,14.4
2025-04-20T17:00,25.5,49,14,0,869.6,28,24140,8.7,277,16.2
2025-04-20T18:00,23.2,58,14.5,0,870.1,9,24140,6.3,283,15.8
2025-04-20T19:00,21.3,66,14.7,0,870.2,0,24140,6.4,286,12.2
2025-04-20T20:00,19.3,75,14.8,0,870.3,0,24140,6.1,267,11.2
2025-04-20T21:00,18,81,14.7,0,870.5,0,24140,6.9,264,11.5
2025-04-20T22:00,17.4,82,14.3,0,870.9,0,24140,6.2,277,11.2
2025-04-20T23:00,17.4,83,14.5,0,870.8,0,24140,5.8,277,10.1
2025-04-21T00:00,16.5,87,14.3,0,870.2,3,24140,5.8,266,9.4
2025-04-21T01:00,16.2,87,14.1,0,870.1,4,24140,6.2,260,10.1
2025-04-21T02:00,16.2,86,13.9,0,869.8,35,24140,5.2,254,10.1
2025-04-21T03:00,16,88,14,0,870,45,24140,4.1,255,9
2025-04-21T04:00,15.9,88,13.9,0,870,47,24140,3.3,264,7.9
2025-04-21T05:00,15.7,83,12.8,0,870.6,33,24140,4.4,261,6.8
2025-04-21T06:00,16.9,80,13.4,0,871.2,11,24140,4.7,266,9
2025-04-21T07:00,21,67,14.6,0,872.8,6,24140,2.4,297,9.7
2025-04-21T08:00,23.1,63,15.7,0,873.9,7,24140,1.3,34,9
2025-04-21T09:00,25.2,58,16.4,0,874.4,59,24140,1.3,124,9.7
2025-04-21T10:00,27,48,15.1,0,874.3,63,24140,0.4,270,9.4
2025-04-21T11:00,28.6,45,15.5,0,874,57,24140,3.3,264,9.7
2025-04-21T12:00,29.5,40,14.5,0,873.6,55,24140,6.5,267,14.4
2025-04-21T13:00,30.1,39,14.6,0,873.3,59,24140,9.6,283,18.7
2025-04-21T14:00,30.1,39,14.6,0,872.7,43,24140,10.8,291,20.2
2025-04-21T15:00,29.6,39,14.2,0,872.3,59,24140,11.3,287,20.2
2025-04-21T16:00,28.6,40,13.7,0,872.4,26,24140,14.5,289,25.2
2025-04-21T17:00,26.7,46,14.1,0,872.3,20,24140,10.9,287,27
2025-04-21T18:00,24.3,57,15.3,0,872.8,3,24140,6.8,267,18.4
2025-04-21T19:00,22.7,62,15.1,0,873.1,5,24140,8.3,265,14.8
2025-04-21T20:00,21.5,69,15.5,0,873.8,0,24140,6.9,264,14.8
2025-04-21T21:00,20.2,76,15.9,0,873.6,0,24140,6.5,267,11.9
2025-04-21T22:00,19.2,82,16.1,0,873.5,0,24140,5.8,292,11.2
2025-04-21T23:00,19.5,84,16.7,0,872.3,0,24140,6.4,286,10.8
2025-04-22T00:00,18.9,86,16.5,0,871.7,0,24140,6.2,277,11.2
2025-04-22T01:00,18.5,88,16.4,0,870.8,0,24140,6.9,279,13
2025-04-22T02:00,18.1,88,16.1,0,870.4,0,24140,5.7,288,13
2025-04-22T03:00,17.4,89,15.5,0,870.4,0,24140,5.6,297,12.6
2025-04-22T04:00,16.9,89,15.1,0,870.4,9,24140,5.7,288,12.6
2025-04-22T05:00,16.7,90,15.1,0,870.8,0,24140,5,291,12.6
2025-04-22T06:00,18.3,85,15.8,0,871.5,10,24140,4.8,283,13
2025-04-22T07:00,22.3,67,15.8,0,873.1,24,24140,2.9,360,11.5
2025-04-22T08:00,24.7,55,15.1,0,874,25,24140,2,45,10.4
2025-04-22T09:00,26.9,50,15.6,0,874.6,16,24140,0.7,360,10.4
2025-04-22T10:00,28.9,47,16.5,0,874.7,37,24140,4,297,10.8
2025-04-22T11:00,29.9,41,15.2,0,874,28,24140,8.6,285,20.2
2025-04-22T12:00,30.9,36,14.1,0,873.6,0,24140,12.6,275,22.3
2025-04-22T13:00,31.2,36,14.3,0,873.1,20,24140,14.6,280,25.6
2025-04-22T14:00,30.9,36,14.1,0,872.4,34,24140,16,278,28.1
2025-04-22T15:00,29.8,37,13.5,0,871.7,62,24140,19.6,287,33.8
2025-04-22T16:00,28.6,41,14,0,871.3,29,24140,19.8,303,36
2025-04-22T17:00,27.1,44,13.8,0,871.3,0,24140,15.7,281,34.2
2025-04-22T18:00,25.2,51,14.3,0,871.7,0,24140,10.1,272,29.9
2025-04-22T19:00,23.9,59,15.4,0,872.4,26,24140,8.5,282,19.8
2025-04-22T20:00,22.8,66,16.1,0,872.6,35,24140,7.1,285,16.2
2025-04-22T21:00,21.8,71,16.3,0,872.8,33,24140,4.3,294,14
2025-04-22T22:00,20.8,75,16.2,0,872.5,68,24140,5.4,307,11.9
2025-04-22T23:00,20.7,68,14.6,0,872,44,24140,3.2,360,12.6
2025-04-23T00:00,20.2,69,14.3,0,871.1,57,24140,2.1,301,9.7
2025-04-23T01:00,19.2,71,13.8,0,870.1,50,24140,3.7,281,10.1
2025-04-23T02:00,18.1,72,12.9,0,869.2,45,24140,4.9,287,11.5
2025-04-23T03:00,17.3,72,12.2,0,868.7,44,24140,6.2,277,12.2
2025-04-23T04:00,16.5,73,11.7,0,868.3,17,24140,6.6,279,12.2
2025-04-23T05:00,16.1,71,10.9,0,868.8,0,24140,5.1,278,12.2
2025-04-23T06:00,17.3,70,11.7,0,869.4,0,24140,5.1,274,10.1
2025-04-23T07:00,21.6,54,11.9,0,870.7,0,24140,3.1,291,10.4
2025-04-23T08:00,24.5,42,10.8,0,871.6,0,24140,0.7,180,9
2025-04-23T09:00,27,39,11.9,0,872.1,0,24140,1.1,198,7.9
2025-04-23T10:00,29.3,33,11.4,0,872.1,0,24140,3.7,259,11.2
2025-04-23T11:00,31.1,27,9.9,0,871.6,0,24140,7,258,16.9
2025-04-23T12:00,31.9,25,9.4,0,871,9,24140,9.4,263,18.4
2025-04-23T13:00,32.1,25,9.6,0,870.3,30,24140,11.4,281,20.9
2025-04-23T14:00,31.6,27,10.3,0,869.4,40,24140,15.2,284,27.7
2025-04-23T15:00,30.6,30,11.1,0,868.8,41,24140,19.6,283,34.9
2025-04-23T16:00,29.2,34,11.7,0,868.5,14,24140,20.9,281,36.7
2025-04-23T17:00,27.5,37,11.5,0,867.5,5,24140,22.1,277,36.7
2025-04-23T18:00,25.7,42,11.8,0,868.1,5,24140,11.9,272,38.2
2025-04-23T19:00,24,48,12.3,0,868.4,0,24140,8.3,272,25.2
2025-04-23T20:00,22.2,55,12.7,0,868.8,15,24140,7.2,276,17.3
2025-04-23T21:00,20.7,62,13.1,0,868.5,27,24140,6.2,280,15.1
2025-04-23T22:00,19.3,69,13.5,0,868.2,25,24140,5.6,285,13.3
2025-04-23T23:00,18,70,12.5,0,867.2,0,24140,5.8,277,12.2
2025-04-24T00:00,17.4,70,11.9,0,866.5,0,24140,6.8,270,12.2
2025-04-24T01:00,17.1,66,10.7,0,865.9,0,24140,6.9,276,12.2
2025-04-24T02:00,16.6,66,10.2,0,865.4,0,24140,6.2,280,12.2
2025-04-24T03:00,16.1,66,9.7,0,865.6,0,24140,6.1,270,10.4
2025-04-24T04:00,15.8,65,9.3,0,865.5,0,24140,5.4,266,10.1
2025-04-24T05:00,15.9,59,7.9,0,866.1,0,24140,4.2,239,8.6
2025-04-24T06:00,16.7,62,9.4,0,866.8,0,24140,4.3,228,7.6
2025-04-24T07:00,21.2,48,9.8,0,868.9,0,24140,2.2,261,7.9
2025-04-24T08:00,24.2,39,9.4,0,870.3,0,24140,1.6,63,6.1
2025-04-24T09:00,26.8,37,10.9,0,871,0,24140,4.2,110,12.2
2025-04-24T10:00,28.9,36,12.4,0,871.1,0,24140,6.2,126,15.1
2025-04-24T11:00,31,30,11.4,0,871.2,18,24140,6.6,171,15.8
2025-04-24T12:00,32.4,26,10.4,0,870.8,28,24140,9.1,189,18.4
2025-04-24T13:00,32.8,24,9.6,0,870.1,42,24140,11.9,194,21.6
2025-04-24T14:00,32,27,10.6,0,869.2,45,24140,17.3,203,31.3
2025-04-24T15:00,31,29,10.9,0,868.5,32,24140,17.3,216,32.4
2025-04-24T16:00,29.7,29,9.8,0,868.5,31,24140,17.2,233,32
2025-04-24T17:00,27.7,32,9.5,0,868.3,0,24140,14.1,238,31
2025-04-24T18:00,25.1,38,9.8,0,869.1,0,24140,7.4,231,24.8
2025-04-24T19:00,22.4,47,10.6,0,869.6,0,24140,6.7,234,16.6
2025-04-24T20:00,20.2,53,10.3,0,870,0,24140,7.5,253,14.8
2025-04-24T21:00,18.8,54,9.3,0,869.8,0,24140,7.6,273,14.8
2025-04-24T22:00,17.8,54,8.4,0,869.7,3,24140,7.2,288,14.4
2025-04-24T23:00,16.5,54,7.2,0,869.4,0,24140,7,291,13.7
2025-04-25T00:00,15.9,51,5.8,0,868.8,0,24140,7,282,14
2025-04-25T01:00,15.6,48,4.6,0,868.2,0,24140,7.6,275,14.4
2025-04-25T02:00,15.2,48,4.3,0,867.9,0,24140,7.4,284,14
2025-04-25T03:00,14.6,50,4.3,0,867.6,0,24140,7.1,285,13.3
2025-04-25T04:00,14.2,50,3.9,0,867.7,0,24140,7.3,281,13.3
2025-04-25T05:00,14.1,49,3.5,0,868.2,0,24140,5.9,284,13
2025-04-25T06:00,15.6,51,5.5,0,869.2,0,24140,6.1,273,11.5
2025-04-25T07:00,20.9,38,6,0,871.2,0,24140,3.3,276,11.9
2025-04-25T08:00,23.7,29,4.6,0,872.3,0,24140,2.3,72,10.4
2025-04-25T09:00,26.3,26,5.2,0,872.7,0,24140,3.9,112,13
2025-04-25T10:00,28.3,26,7,0,872.6,0,24140,3.1,135,13.3
2025-04-25T11:00,30.3,22,6.2,0,872.5,0,24140,5.4,184,11.9
2025-04-25T12:00,31.5,17,3.5,0,871.7,0,24140,6.9,189,15.5
2025-04-25T13:00,32,16,3,0,871.3,4,24140,8.7,210,17.6
2025-04-25T14:00,31.6,18,4.4,0,870.4,33,24140,13.6,238,24.5
2025-04-25T15:00,29.5,23,6.2,0,870.1,88,24140,20.3,258,36.4
2025-04-25T16:00,28.1,28,7.9,0,869.8,31,24140,19.5,258,37.8
2025-04-25T17:00,26.9,28,6.8,0,869.5,35,24140,17.6,259,34.6
2025-04-25T18:00,24.7,31,6.5,0,869.9,32,24140,8.7,263,29.9
2025-04-25T19:00,22.6,37,7.1,0,870.1,60,24140,5.1,274,20.2
2025-04-25T20:00,20.5,45,8.2,0,870.1,65,24140,3.3,283,13.3
2025-04-25T21:00,18.9,52,8.8,0,869.8,49,24140,4.7,293,9.7
2025-04-25T22:00,17.6,56,8.7,0,869.6,34,24140,5.2,286,12.2
2025-04-25T23:00,16.7,54,7.4,0,868.9,0,24140,4.7,293,13
2025-04-26T00:00,15.8,56,7.1,0,868.3,0,24140,5.4,274,10.4
2025-04-26T01:00,14.7,58,6.5,0,867.8,0,24140,7.2,276,12.6
2025-04-26T02:00,14.1,57,5.7,0,867.3,0,24140,7.8,283,13
2025-04-26T03:00,14.2,54,5,0,867.7,0,24140,7.6,278,13
2025-04-26T04:00,14.2,53,4.7,0,867.7,0,24140,7.2,273,12.6
2025-04-26T05:00,13.7,55,4.8,0,868,0,24140,5.8,266,12.2
2025-04-26T06:00,15.6,56,6.9,0,869.3,0,24140,6.2,263,10.1
2025-04-26T07:00,20.9,42,7.5,0,871.3,0,24140,3.7,259,10.8
2025-04-26T08:00,23.9,35,7.5,0,872.4,0,24140,2.1,121,7.6
2025-04-26T09:00,26.6,29,7.1,0,873,0,24140,4.2,110,11.9
2025-04-26T10:00,28.9,24,6.3,0,873.3,0,24140,4.1,135,13
2025-04-26T11:00,31.3,19,4.9,0,873.2,7,24140,6,205,12.6
2025-04-26T12:00,32.3,17,4.1,0,872.5,9,24140,8.9,220,18
2025-04-26T13:00,32.6,16,3.5,0,871.8,50,24140,10,249,19.4
2025-04-26T14:00,31.7,16,2.8,0,870.9,67,24140,16.3,252,29.5
2025-04-26T15:00,29.9,20,4.5,0,870.3,84,24140,18.7,242,33.8
2025-04-26T16:00,28.6,25,6.7,0,870.7,61,24140,17.2,241,37.4
2025-04-26T17:00,27.5,28,7.4,0,870.9,33,24140,14.7,253,30.2
2025-04-26T18:00,25.5,39,10.5,0.1,871.8,35,24140,0.8,333,22.7
2025-04-26T19:00,22.4,47,10.6,0,871.7,24,24140,3.3,77,6.8
2025-04-26T20:00,20.6,55,11.3,0,872,0,24140,2.6,344,6.5
2025-04-26T21:00,18.6,59,10.4,0,871.7,0,24140,4.8,297,9.4
2025-04-26T22:00,16.8,63,9.7,0,871.3,17,24140,6.3,283,11.9
2025-04-26T23:00,17.8,51,7.5,0,870.5,71,24140,4.7,274,12.6
2025-04-27T00:00,17.8,49,7,0,870.5,49,24140,3.6,270,8.6
2025-04-27T01:00,17,50,6.5,0,870,66,24140,5.9,232,10.8
2025-04-27T02:00,16.3,54,6.9,0,870.1,71,24140,5.5,238,10.8
2025-04-27T03:00,16.2,53,6.6,0,870,65,24140,4.1,255,9
2025-04-27T04:00,15.6,52,5.8,0,869.8,30,24140,4.7,261,7.9
2025-04-27T05:00,16.1,51,6,0,869.9,68,24140,5.9,232,9.4
2025-04-27T06:00,17.4,53,7.7,0,871,31,24140,5.9,232,9.7
2025-04-27T07:00,21.8,41,8,0,872.8,0,24140,5.4,233,10.8
2025-04-27T08:00,25.3,32,7.4,0,874.2,0,24140,2.3,141,9.7
2025-04-27T09:00,27.9,25,6.1,0,874.8,0,24140,5,111,13.3
2025-04-27T10:00,29.3,23,6,0,874.5,24,24140,4.3,132,14.8
2025-04-27T11:00,30.5,24,7.7,0,874.4,100,24140,11.4,191,15.8
2025-04-27T12:00,29.8,29,9.9,0.1,873.9,100,24140,20.5,190,36.4
2025-04-27T13:00,29.9,31,11,0.1,873,100,24140,11.6,206,37.1
2025-04-27T14:00,27,42,13,0.5,872.3,100,24140,14.3,208,28.1
2025-04-27T15:00,23.7,57,14.7,1.1,871.8,100,24140,9.6,304,25.2
2025-04-27T16:00,23.6,56,14.3,0,871.6,100,24140,0.4,90,22.7
2025-04-27T17:00,20.8,70,15.1,0,871.5,100,24140,7.4,203,14.8
2025-04-27T18:00,19.9,72,14.7,0,872.5,100,24140,7.1,225,16.9
2025-04-27T19:00,19,80,15.4,0.2,873.1,100,24140,4.1,322,12.2
2025-04-27T20:00,18.2,86,15.8,0.1,872.5,100,24140,3.1,126,7.2
2025-04-27T21:00,17.9,87,15.7,0,872.7,100,24140,2.1,211,6.1
2025-04-27T22:00,17.7,86,15.3,0,872.9,100,24140,4.8,193,10.8
2025-04-27T23:00,16,92,14.7,0,873.9,100,18940,5.1,94,13.3
2025-04-28T00:00,15.5,97,15,0,872.6,100,19640,2.6,196,13
2025-04-28T01:00,14.9,98,14.6,0,871.4,100,19700,2.1,239,10.8
2025-04-28T02:00,14.4,99,14.2,0,870.6,100,20460,4,243,11.5
2025-04-28T03:00,14.1,98,13.8,0,870.3,98,21460,6.1,273,13.3
2025-04-28T04:00,14.6,93,13.5,0,870.5,100,23160,5.7,288,13
2025-04-28T05:00,14.6,93,13.5,0,871.5,92,24140,2.5,262,10.8
2025-04-28T06:00,15.3,92,14,0,871.8,100,24140,3.6,217,5.8
2025-04-28T07:00,17,89,15.1,0,872.5,100,24140,2.6,146,6.5
2025-04-28T08:00,18.4,84,15.7,0,872.8,100,24140,1.4,90,7.6
2025-04-28T09:00,19.3,79,15.6,0,872.7,100,20100,1.4,90,6.5
2025-04-28T10:00,20.9,68,14.7,0,872.9,100,5180,4.4,99,10.4
2025-04-28T11:00,20.5,63,13.2,0,872.9,100,24140,6.4,63,12.2
2025-04-28T12:00,20.9,56,11.8,0,872.4,100,24140,7.7,37,15.5
2025-04-28T13:00,21.8,50,10.9,0,872,100,8960,6.2,69,14.4
2025-04-28T14:00,21.7,53,11.7,0.1,871.6,100,5960,10.8,120,22.3
2025-04-28T15:00,20.7,60,12.7,0.1,870.7,100,4100,6.5,93,22.7
2025-04-28T16:00,20.4,63,13.1,0,870.1,100,4880,4.7,122,13.3
2025-04-28T17:00,19.3,68,13.2,0,870.6,100,13560,4.6,129,12.2
2025-04-28T18:00,17.9,77,13.8,0,870.7,100,23100,2.8,140,11.2
2025-04-28T19:00,16.8,83,13.9,0,870.9,100,24140,1.4,180,5.4
2025-04-28T20:00,16.2,86,13.8,0,871.5,100,24140,2.3,108,4
2025-04-28T21:00,15.7,88,13.7,0,871.7,100,23600,0.8,27,5
2025-04-28T22:00,15.5,89,13.7,0,871.3,100,21360,2.8,220,6.1
2025-04-28T23:00,14.6,93,13.5,0,870.4,100,17740,1.1,180,6.8
2025-04-29T00:00,14.5,94,13.6,0,870.5,100,17160,4.2,340,9
2025-04-29T01:00,14,95,13.2,0,870.5,100,17880,3.8,311,9.7
2025-04-29T02:00,13.5,95,12.7,0,870.3,100,21340,2.6,286,7.9
2025-04-29T03:00,13.3,95,12.5,0,870.2,100,24140,2.9,277,7.6
2025-04-29T04:00,13,95,12.2,0,869.7,100,24140,3.3,276,8.3
2025-04-29T05:00,13.6,92,12.3,0,870.1,100,24140,3.1,324,9
2025-04-29T06:00,14.8,89,13,0,870.7,83,24140,2.2,270,6.1
2025-04-29T07:00,18,75,13.5,0,872.8,75,24140,0.7,180,6.8
2025-04-29T08:00,19.8,62,12.3,0,873.5,87,24140,2.4,117,7.6
2025-04-29T09:00,21.4,57,12.5,0,874,94,24140,5.6,117,12.6
2025-04-29T10:00,22.3,51,11.7,0,873.8,93,24140,5.5,122,13
2025-04-29T11:00,24,45,11.3,0,873.5,18,24140,5,150,14
2025-04-29T12:00,24.7,42,10.9,0,872.9,82,24140,8.2,131,16.6
2025-04-29T13:00,24.5,41,10.4,0,872,100,22980,1.1,108,16.6
2025-04-29T14:00,24.4,41,10.3,0,871.1,100,22440,6.8,205,12.6
2025-04-29T15:00,23.4,46,11.1,0,870.1,100,24140,7.3,189,16.9
2025-04-29T16:00,22.5,53,12.4,0,869.9,100,24140,8.8,161,16.9
2025-04-29T17:00,22.3,52,12,0,870.2,100,24140,6.2,159,16.6
2025-04-29T18:00,19.8,65,13,0,870.5,100,24140,5.9,166,12.2
2025-04-29T19:00,18.6,72,13.4,0,870.8,100,24140,4.8,193,10.4
2025-04-29T20:00,17.3,79,13.6,0,871.5,21,24140,3.7,191,7.9
2025-04-29T21:00,15.8,85,13.3,0,871.6,88,24140,3.8,197,6.5
2025-04-29T22:00,15.3,88,13.3,0,871.9,94,24140,2.6,214,6.5
2025-04-29T23:00,15.6,89,13.8,0,871.6,100,24140,3,284,5.4
2025-04-30T00:00,15.4,91,14,0,871.8,100,24140,0,270,7.2
2025-04-30T01:00,14.4,96,13.8,4.6,872,100,24140,1.6,333,11.5
2025-04-30T02:00,14.2,95,13.4,2,872.4,100,24140,1,135,9.4
2025-04-30T03:00,14.6,90,12.9,0.9,872.5,100,24140,5.7,342,14
2025-04-30T04:00,14.4,91,13,0,872.4,100,24140,4.8,103,11.2
2025-04-30T05:00,14.3,91,12.8,0,872.2,100,24140,2.5,45,8.6
2025-04-30T06:00,14.7,90,13.1,0,872.8,100,24140,3.1,201,6.5
2025-04-30T07:00,16.1,85,13.5,0,874.2,100,22580,1.5,256,10.4
2025-04-30T08:00,16.8,83,13.9,0,874.8,100,24140,4.3,48,10.8
2025-04-30T09:00,17.9,80,14.4,0,874.9,100,19360,0.5,45,10.8
2025-04-30T10:00,20.3,69,14.4,0,875.4,100,22940,0.8,63,7.6
2025-04-30T11:00,23.3,55,13.7,0,874.7,53,23540,5.7,125,13
2025-04-30T12:00,23.9,50,12.8,0,873.8,100,24140,8.3,124,16.9
2025-04-30T13:00,24.5,46,12.1,0,873.6,100,24140,5.2,164,17.3
2025-04-30T14:00,24.6,44,11.6,0,872.8,100,24140,4.7,176,12.2
2025-04-30T15:00,23.5,48,11.8,0,872.9,100,24140,2.5,352,12.6
2025-04-30T16:00,23,50,12,0,872.3,100,24140,3.8,49,7.2
2025-04-30T17:00,22.5,53,12.4,0,872.5,100,19220,5.4,200,7.2
2025-04-30T18:00,20.7,64,13.7,0,872.3,100,24140,4.1,232,8.3
2025-04-30T19:00,19.3,73,14.3,0,872.7,100,24140,6,253,10.1
2025-04-30T20:00,18.4,77,14.3,0,873.2,100,24140,6.7,254,11.2
2025-04-30T21:00,17.2,83,14.3,0.5,874.2,100,24140,1.5,166,11.5
2025-04-30T22:00,15.5,89,13.7,3.5,874.2,100,24140,6.8,342,15.8
2025-04-30T23:00,16.5,89,14.7,0,873.5,100,24140,3.3,139,11.5
2025-05-01T00:00,15.2,92,13.9,3.6,873.4,100,24140,8,36,14
2025-05-01T01:00,15.3,91,13.8,0,872.8,100,24140,5,210,14
2025-05-01T02:00,15.5,86,13.2,1.5,873.1,100,24140,5.2,236,23.4
2025-05-01T03:00,15,90,13.3,0.5,873.8,100,24140,5.9,76,12.6
2025-05-01T04:00,15,90,13.3,0,873.6,100,24140,2.9,7,10.1
2025-05-01T05:00,15,87,12.9,0,874.1,100,20000,2.5,360,5.4
2025-05-01T06:00,15.3,87,13.2,0.4,874.9,100,20640,5.5,328,9.4
2025-05-01T07:00,16.7,79,13.1,0,875.8,100,19820,6.1,360,13.3
2025-05-01T08:00,18.1,73,13.2,0,876.1,100,20220,5,21,13
2025-05-01T09:00,20,66,13.5,0,876.8,70,24140,2.5,45,9.7
2025-05-01T10:00,21.9,57,13,0,876.8,61,20580,3.1,69,8.6
2025-05-01T11:00,23.3,43,10,0,877.2,59,24140,6.4,52,11.9
2025-05-01T12:00,23.9,39,9.1,0,876.1,54,24140,5.2,65,16.6
2025-05-01T13:00,24.2,39,9.4,0,875.3,48,20700,4.8,103,12.6
2025-05-01T14:00,24.5,39,9.6,0,874.2,31,24140,5.9,128,12.6
2025-05-01T15:00,24.4,39,9.5,0,873.4,100,23460,8.1,159,15.1
2025-05-01T16:00,23.7,42,10,0,873.4,100,23340,9.8,188,19.1
2025-05-01T17:00,22,58,13.3,0,873.2,100,24140,6.9,242,18
2025-05-01T18:00,20.6,69,14.7,0,873.7,100,24140,3.4,238,12.2
2025-05-01T19:00,19.6,76,15.3,0,874,98,24140,2.3,219,6.1
2025-05-01T20:00,18.2,82,15.1,0,874.6,100,24140,6.6,81,11.5
2025-05-01T21:00,17.5,81,14.2,0,875,100,24140,5.2,344,12.2
2025-05-01T22:00,16.5,84,13.8,0,874.6,100,24140,4.8,312,9.4
2025-05-01T23:00,16.1,86,13.7,0,874.3,99,24140,3.2,360,9
2025-05-02T00:00,15.6,86,13.3,0,873.6,91,24140,4.7,9,9.7
2025-05-02T01:00,15.4,85,12.9,0,873.2,100,24140,4.6,321,9.7
2025-05-02T02:00,15,87,12.8,0,873.1,100,24140,5.2,295,8.6
2025-05-02T03:00,14.6,87,12.4,0,873.1,100,24140,5.5,281,9.7
2025-05-02T04:00,14.4,87,12.2,0,872.6,100,24140,5.9,284,9.7
2025-05-02T05:00,14.2,86,11.9,0,872.7,74,24140,5.4,290,9.7
2025-05-02T06:00,15.6,82,12.5,0,873.6,75,23500,5.2,282,9
2025-05-02T07:00,17.8,75,13.3,0,874.9,99,24140,3.2,297,8.6
2025-05-02T08:00,19.5,69,13.6,0,875.6,85,24140,1.8,323,6.1
2025-05-02T09:00,21.9,59,13.5,0,876,50,24140,0.8,297,5.4
2025-05-02T10:00,23.7,51,13,0,875.9,34,23180,1.6,243,7.6
2025-05-02T11:00,24.5,46,12.1,0,875.5,31,24140,1.6,207,8.6
2025-05-02T12:00,24.9,43,11.5,0,874.3,37,24140,3.4,212,9.7
2025-05-02T13:00,24.5,45,11.8,0,873.6,99,24140,7.1,255,13
2025-05-02T14:00,23.8,56,14.5,0.2,873.2,80,23560,9.3,257,19.1
2025-05-02T15:00,23.5,59,15,0.1,872.8,70,24140,5.9,223,19.4
2025-05-02T16:00,22.8,61,14.9,0.1,872.1,46,24140,2.3,219,18.7
2025-05-02T17:00,21.8,66,15.1,0.3,872.2,77,24140,1.8,90,15.5
2025-05-02T18:00,19.9,77,15.7,0.1,871.8,49,24140,4.1,75,18.4
2025-05-02T19:00,18.6,85,16,0,871.3,22,24140,2.9,60,9.4
2025-05-02T20:00,18.1,86,15.7,0,871.5,6,24140,1.5,284,7.2
2025-05-02T21:00,17.2,89,15.4,0,871.2,0,24140,3.3,283,6.8
2025-05-02T22:00,16.2,91,14.7,0,871.2,0,24140,3.6,276,7.9
2025-05-02T23:00,16.3,86,13.9,0,871.5,21,24140,1.8,259,7.6
2025-05-03T00:00,15.9,87,13.7,0,871.2,27,24140,1.8,281,4.3
2025-05-03T01:00,15.5,88,13.5,0,870.7,53,24140,2.2,279,5
2025-05-03T02:00,15,89,13.2,0,870.7,82,24140,2.3,321,5.4
2025-05-03T03:00,14.7,88,12.7,0,870.4,69,24140,2.8,310,6.1
2025-05-03T04:00,14.2,88,12.2,0,870.6,73,24140,2.9,300,6.1
2025-05-03T05:00,14.3,88,12.4,0,871.1,83,24140,3.1,291,5.8
2025-05-03T06:00,15.3,88,13.3,0.1,872.1,81,24140,3.1,234,9.4
2025-05-03T07:00,17.5,77,13.4,0,873.2,88,24140,0.4,90,8.3
2025-05-03T08:00,19.1,74,14.3,0,873.5,68,24140,1.8,127,6.8
2025-05-03T09:00,20.6,70,14.9,0,873.7,74,24140,1.8,127,9.7
2025-05-03T10:00,22.3,65,15.4,0,873.6,100,24080,2.3,129,13.7
2025-05-03T11:00,22.6,66,15.9,0,873.2,100,24140,4,180,13.7
2025-05-03T12:00,23.5,62,15.8,0,872.5,100,23420,2.9,180,14.4
2025-05-03T13:00,23.5,60,15.3,0,871.6,100,24140,2.3,51,11.2
2025-05-03T14:00,23,63,15.5,0.1,871.2,100,24140,1.3,124,11.5
2025-05-03T15:00,22.2,68,16,0.2,870.1,100,24140,1.9,158,9
2025-05-03T16:00,20.9,75,16.3,0.5,869.8,100,24140,3.1,45,10.4
2025-05-03T17:00,21.6,72,16.4,0.4,869.2,100,24140,1.4,270,10.1
2025-05-03T18:00,20.4,76,16,0.2,869.2,26,24140,3.8,343,6.1
2025-05-03T19:00,19,82,15.8,0,869.4,14,24140,3.6,323,6.1
2025-05-03T20:00,18,86,15.6,0,870.1,37,24140,2.9,353,6.1
2025-05-03T21:00,17.1,89,15.2,0,870.8,74,24140,2.3,39,4.3
2025-05-03T22:00,16.6,91,15.1,0,870.5,100,24140,1,45,5
2025-05-03T23:00,16.2,91,14.7,0,870.4,40,24140,3.9,326,6.8
2025-05-04T00:00,16,93,14.8,0,870,68,24140,4.3,318,8.3
2025-05-04T01:00,16.2,92,14.9,0,869.7,100,24140,3.1,339,8.6
2025-05-04T02:00,16,92,14.7,0.6,869.4,100,24140,1.1,270,6.1
2025-05-04T03:00,15.8,92,14.5,0.3,869.4,80,24140,4.2,329,8.3
2025-05-04T04:00,15.6,92,14.3,0,869.2,96,24140,2.3,18,8.3
2025-05-04T05:00,15.8,94,14.8,0,869.2,81,24140,3.5,24,6.1
2025-05-04T06:00,16.7,93,15.6,0,870.1,76,24140,1.8,53,6.1
2025-05-04T07:00,19,82,15.9,0,871.4,78,20200,3,104,6.8
2025-05-04T08:00,20.8,73,15.8,0,872.2,100,20320,2.5,135,7.6
2025-05-04T09:00,22.4,65,15.5,0,872.8,100,24140,2.5,172,8.6
2025-05-04T10:00,23.4,62,15.7,0.1,872.6,73,20080,2.5,98,11.9
2025-05-04T11:00,23.4,63,16,0.1,872.8,100,5320,3.3,131,15.1
2025-05-04T12:00,23.1,66,16.4,0.2,872.1,100,4620,3.6,90,13.3
2025-05-04T13:00,23.8,64,16.6,0.2,871.9,100,3940,3.2,63,13.3
2025-05-04T14:00,23.6,65,16.6,0.2,870.8,100,12020,6.5,124,14.4
2025-05-04T15:00,21.6,78,17.6,2.8,870.2,100,20600,5.2,155,15.8
2025-05-04T16:00,20.8,81,17.4,3.5,870.1,100,23600,1.8,307,10.1
2025-05-04T17:00,21.5,77,17.3,0.6,870.3,100,24140,1.3,146,7.6
2025-05-04T18:00,20.3,82,17.1,0,870.4,95,23660,5.3,62,9.4
2025-05-04T19:00,18.9,88,16.8,0,870.2,13,20100,3.7,79,11.2
2025-05-04T20:00,18.4,88,16.4,0,870.5,81,21560,1.3,304,8.6
2025-05-04T21:00,17.6,91,16.1,0,871.1,97,19720,4.1,322,8.3
2025-05-04T22:00,17,92,15.7,0,870.8,40,24140,4.2,329,8.6
2025-05-04T23:00,16.6,92,15.3,0,870.8,41,24140,4,333,7.6
2025-05-05T00:00,16.3,92,15,0,870.3,21,24140,3.1,324,6.8
2025-05-05T01:00,15.7,93,14.5,0,869.9,39,24140,3.5,294,5.4
2025-05-05T02:00,14.9,94,13.9,0,869.1,30,24140,4.7,261,7.9
2025-05-05T03:00,14.7,93,13.6,0,869,12,24140,4.8,243,9
2025-05-05T04:00,14.4,92,13.1,0,868.9,0,20300,2.9,263,7.9
2025-05-05T05:00,14.1,92,12.8,0,870.4,68,24140,2.3,309,6.1
2025-05-05T06:00,15.3,90,13.6,0,871.1,62,24140,0.8,297,5
2025-05-05T07:00,18,85,15.4,0,872.3,63,20360,3.4,72,7.9
2025-05-05T08:00,20,79,16.3,0,873,52,24140,2.4,117,8.3
2025-05-05T09:00,22,68,15.8,0.1,873.4,50,20880,3.9,146,11.5
2025-05-05T10:00,23.4,60,15.2,0,873.6,100,20920,2.9,150,11.9
2025-05-05T11:00,23.8,60,15.5,0,872.7,100,20640,6.4,164,13.3
2025-05-05T12:00,23.6,61,15.6,0.1,871.8,100,23820,6.6,158,16.6
2025-05-05T13:00,23.9,59,15.4,0,871.6,93,24140,7.4,137,15.5
2025-05-05T14:00,23.3,62,15.6,0.1,870.7,100,22720,7,111,16.2
2025-05-05T15:00,22.2,70,16.4,0.6,870.4,100,21400,6.4,128,15.1
2025-05-05T16:00,21,80,17.4,1.8,870.1,100,19540,3.7,119,13.3
2025-05-05T17:00,21.3,76,16.9,1.2,869.6,100,24120,3.4,148,12.2
2025-05-05T18:00,19.9,83,16.9,0.7,869.7,100,23920,1.5,225,9
2025-05-05T19:00,19.5,85,16.9,0.1,870.5,100,24140,1.8,349,6.8
2025-05-05T20:00,18.7,89,16.8,0,870.9,89,24140,4,360,8.6
2025-05-05T21:00,18,90,16.4,0,871.4,63,24140,2.7,337,8.3
2025-05-05T22:00,17.5,90,15.9,0,871.1,70,24140,2.9,277,4.7
2025-05-05T23:00,16.5,92,15.2,0,870.1,36,24140,3,256,5.8
2025-05-06T00:00,15.7,94,14.8,0,869.8,47,24140,2.7,247,6.5
2025-05-06T01:00,15.2,96,14.5,0,869.5,54,24140,3.2,243,5.8
2025-05-06T02:00,15.4,95,14.6,0,869.8,100,24140,4,270,10.4
2025-05-06T03:00,15.6,93,14.5,0,869.7,100,24140,3.7,331,7.2
2025-05-06T04:00,15.5,93,14.3,0,869.6,100,24140,3.6,276,7.6
2025-05-06T05:00,15.4,94,14.5,0,870.1,100,24140,2,315,7.2
2025-05-06T06:00,16.5,92,15.2,0,870.8,100,24140,3.9,214,6.5
2025-05-06T07:00,18.6,87,16.4,0,871.8,100,20200,2.1,149,7.6
2025-05-06T08:00,20.5,80,16.9,0,873.3,100,20060,2.2,99,9
2025-05-06T09:00,22.2,72,16.9,0,874.1,94,20680,3.3,96,18.7
2025-05-06T10:00,23.2,67,16.8,0.1,873.6,100,19860,5.5,79,21.6
2025-05-06T11:00,24.1,59,15.6,0.1,873.3,100,19480,1.9,158,21.2
2025-05-06T12:00,24.4,57,15.3,0,872.4,100,20980,2.3,18,9
2025-05-06T13:00,24.7,56,15.4,0,871.6,100,24140,2.5,352,10.4
2025-05-06T14:00,24.8,57,15.7,0,870.5,100,24140,1,315,10.1
2025-05-06T15:00,23.8,63,16.3,0.2,869.8,100,24140,5,210,11.5
2025-05-06T16:00,22.4,71,16.9,0.6,869.5,100,24140,4.7,189,11.9
2025-05-06T17:00,22.6,66,15.9,0.3,869.7,100,24140,3.6,217,11.2
2025-05-06T18:00,21.4,72,16.1,0.2,869.9,97,24140,1,225,7.9
2025-05-06T19:00,20.3,77,16.2,0.2,870.3,100,24140,2.1,59,4.3
2025-05-06T20:00,18.8,87,16.6,0,870.5,100,24140,2.3,39,5
2025-05-06T21:00,18.3,89,16.5,0,870.9,100,24140,0.8,153,3.6
2025-05-06T22:00,17.8,91,16.3,0.2,870.9,100,24140,1.6,297,4
2025-05-06T23:00,17.2,90,15.6,1,870.6,81,24140,3.3,347,5.4
2025-05-07T00:00,16.7,93,15.5,0,870.2,100,24140,3.5,336,7.6
2025-05-07T01:00,16.7,92,15.4,0,870,100,24140,1.1,288,7.9
2025-05-07T02:00,16.5,91,15,0,869.7,85,24140,1.9,248,5.8
2025-05-07T03:00,15.9,92,14.6,0,869.2,73,13100,3,256,7.2
2025-05-07T04:00,15.3,94,14.4,0,868.8,71,24140,3,256,7.2
2025-05-07T05:00,15.5,93,14.3,0,869.5,48,24140,2.5,270,7.2
2025-05-07T06:00,16.8,91,15.3,0,870.3,56,24140,1.8,259,6.5
2025-05-07T07:00,19.2,81,15.9,0,871.7,72,21420,0,270,7.2
2025-05-07T08:00,21.3,69,15.4,0,872.2,59,23040,0.7,90,7.2
2025-05-07T09:00,23,61,15.1,0,872.6,60,21220,1.3,124,18
2025-05-07T10:00,24.3,56,14.9,0,872.1,63,24140,1,315,18.4
2025-05-07T11:00,25.6,48,13.8,0,872,71,21660,3.4,288,10.4
2025-05-07T12:00,26.2,43,12.7,0,871.3,91,24140,6,303,14
2025-05-07T13:00,26.2,43,12.6,0,870.8,98,24140,11.1,306,20.5
2025-05-07T14:00,25.8,45,13,0,869.9,96,24140,10.4,304,22.7
2025-05-07T15:00,25.8,45,12.9,0,869.1,83,24140,9.7,301,19.4
2025-05-07T16:00,25.4,47,13.3,0,868.6,50,24140,9,299,17.6
2025-05-07T17:00,24.5,51,13.7,0,868.3,3,24140,7.5,287,16.2
2025-05-07T18:00,22.9,59,14.5,0,868.7,0,24140,5.1,274,13.3
2025-05-07T19:00,21.4,67,15,0,868.9,0,24140,5.5,281,11.2
2025-05-07T20:00,20.1,74,15.3,0,869.5,0,24140,5.5,281,10.4
2025-05-07T21:00,19.1,80,15.5,0,870.2,0,24140,5.4,278,9.7
2025-05-07T22:00,18.3,84,15.5,0,870.6,0,24140,4.5,284,9.7
2025-05-07T23:00,17.6,88,15.6,0,870.8,41,24140,5,291,9
2025-05-08T00:00,17.1,89,15.2,0,870.1,49,24140,5.4,270,10.1
2025-05-08T01:00,16.7,90,15,0,869.7,12,24140,6.1,270,11.5
2025-05-08T02:00,16.5,90,14.8,0,869.2,32,24140,5.8,270,12.2
2025-05-08T03:00,16.1,90,14.5,0,868.9,5,24140,5.8,277,11.9
2025-05-08T04:00,15.9,90,14.3,0,868.8,73,24140,5.8,277,11.9
2025-05-08T05:00,15.5,89,13.7,0,868.7,11,24140,5.4,290,12.2
2025-05-08T06:00,17.6,84,14.8,0,870.1,14,24140,5.1,278,11.9
2025-05-08T07:00,21.2,72,15.9,0,872,4,24140,2.3,342,11.9
2025-05-08T08:00,23.3,64,16.1,0,873,14,24140,2.1,329,13.3
2025-05-08T09:00,25.3,52,14.8,0,873.4,43,24140,6.2,306,17.3
2025-05-08T10:00,26.5,47,14.3,0,873.4,100,24140,9.3,298,18.4
2025-05-08T11:00,27.2,44,13.9,0,872.8,3,24140,10,285,18.4
2025-05-08T12:00,28.2,41,13.7,0,872.5,4,24140,9.2,291,19.4
2025-05-08T13:00,28.7,39,13.4,0,872.2,67,24140,10.5,308,20.2
2025-05-08T14:00,28.5,39,13.2,0,871.4,90,24140,11.5,309,22
2025-05-08T15:00,28.3,40,13.4,0,871.2,66,24140,10.8,296,21.2
2025-05-08T16:00,27.5,41,13.1,0,870.6,31,24140,9.5,281,19.4
2025-05-08T17:00,27.1,40,12.4,0,870.1,27,24140,7.7,281,17.6
2025-05-08T18:00,25.2,50,14,0,870.4,34,24140,4.4,279,12.6
2025-05-08T19:00,23,61,15.1,0,870.4,19,24140,5.3,298,10.8
2025-05-08T20:00,21.7,67,15.3,0,870.9,21,24140,5.2,295,11.2
2025-05-08T21:00,20.6,72,15.3,0,871.5,87,24140,5.4,290,10.1
2025-05-08T22:00,19.7,77,15.6,0,871.9,100,24140,5.8,292,9.7
2025-05-08T23:00,19.2,79,15.4,0,872.3,69,24140,6,343,9.7
2025-05-09T00:00,18.9,79,15.1,0,872.1,3,24140,4.6,342,11.9
2025-05-09T01:00,18.5,79,14.8,0,871.8,0,24140,4.9,324,10.4
2025-05-09T02:00,18.1,79,14.4,0,871.5,75,24140,5,300,10.8
2025-05-09T03:00,17.7,79,14,0,871.8,100,24140,5.4,290,11.5
2025-05-09T04:00,17.3,81,14,0,871.4,100,24140,5.4,266,12.2
2025-05-09T05:00,17.4,79,13.7,0,871.7,97,24140,5.7,288,11.9
2025-05-09T06:00,18.6,78,14.7,0,872.2,100,24140,4.7,261,12.2
2025-05-09T07:00,21.8,65,14.9,0,873.8,95,24140,1.1,288,12.2
2025-05-09T08:00,24,57,14.9,0,874.7,32,24140,2.1,31,12.2
2025-05-09T09:00,25.8,53,15.5,0,875,41,24140,2.3,309,14
2025-05-09T10:00,27.5,48,15.5,0,874.8,56,24140,7.6,275,16.2
2025-05-09T11:00,29.5,36,12.8,0,874,20,24140,16.4,279,25.9
2025-05-09T12:00,29.5,33,11.6,0,873.1,46,24140,18.3,285,32.4
2025-05-09T13:00,29.5,32,11.1,0,872.7,95,24140,20.9,294,37.1
2025-05-09T14:00,29.5,33,11.5,0,872.5,85,24140,18.8,302,37.4
2025-05-09T15:00,28.1,39,12.9,0,871.8,82,24140,20.9,294,37.1
2025-05-09T16:00,26.9,45,13.9,0,871.5,32,24140,16.9,290,36.7
2025-05-09T17:00,26.4,47,14.2,0,870.8,0,24140,12.3,285,29.5
2025-05-09T18:00,24.7,56,15.3,0,871,31,24140,6.6,279,22.7
2025-05-09T19:00,23.2,63,15.7,0,871,74,24140,5.4,278,14.4
2025-05-09T20:00,21.8,70,16.1,0,871.3,0,24140,5.4,274,11.5
2025-05-09T21:00,20.5,76,16.1,0,871.4,8,24140,5.1,278,10.8
2025-05-09T22:00,19.3,82,16.2,0,871.3,14,24140,4.9,287,10.1
2025-05-09T23:00,18.4,83,15.5,0,871.7,13,24140,4.3,312,11.2
2025-05-10T00:00,17.8,84,15.1,0,871.2,66,24140,7,305,20.9
2025-05-10T01:00,18.6,77,14.5,0,871.4,34,24140,6.1,320,14.8
2025-05-10T02:00,18.1,78,14.2,0.5,871.6,85,24140,6.3,301,19.8
2025-05-10T03:00,17.4,81,14.1,0,871.2,23,24140,6,295,13
2025-05-10T04:00,17,82,13.9,0,870.7,14,24140,4.7,266,13
2025-05-10T05:00,16.9,80,13.4,0,870.7,8,24140,3.6,264,10.8
2025-05-10T06:00,18.6,76,14.3,0,871.5,6,24140,3.8,253,9.4
2025-05-10T07:00,22.1,57,13.2,0,873.2,0,24140,0.5,315,10.1
2025-05-10T08:00,24.5,50,13.4,0,873.9,0,24140,2.9,30,13
2025-05-10T09:00,26.8,46,14.2,0,874.3,54,24140,1.8,11,13
2025-05-10T10:00,28.2,43,14.4,0,873.9,31,24140,6.8,288,15.5
2025-05-10T11:00,29.4,39,14,0,874.3,30,24140,14.7,281,20.9
2025-05-10T12:00,29.2,38,13.4,0,873.4,61,24140,17.2,280,31
2025-05-10T13:00,29.2,38,13.4,0,873.1,82,24140,15.6,293,32
2025-05-10T14:00,29.2,38,13.4,0,872.4,87,24140,14.4,292,28.4
2025-05-10T15:00,28.1,40,13.2,0.1,871.3,85,24140,15.6,289,28.8
2025-05-10T16:00,27.5,43,13.8,0,870.8,100,24140,12.9,283,29.2
2025-05-10T17:00,26.4,47,14.2,0.1,870.4,45,24140,13.2,281,26.3
2025-05-10T18:00,25,53,14.7,0,870.8,0,24140,5.4,340,22
2025-05-10T19:00,23.2,61,15.2,0,871.1,0,24140,5.8,353,11.9
2025-05-10T20:00,21.9,66,15.3,0,871.3,0,24140,4.8,318,11.9
2025-05-10T21:00,20.7,73,15.7,0,871.2,0,24140,4.9,306,10.8
2025-05-10T22:00,19.7,79,16,0,871.2,0,24140,4.9,287,10.8
2025-05-10T23:00,19.8,76,15.5,0,871.2,3,24140,5.9,308,10.8
2025-05-11T00:00,19.6,76,15.3,0,870.9,9,24140,6.6,311,12.6
2025-05-11T01:00,19.4,74,14.7,0,869.9,11,24140,6.9,309,13.7
2025-05-11T02:00,19.3,75,14.7,0,870.5,42,24140,9,270,16.2
2025-05-11T03:00,19.1,78,15.1,0,869.9,14,24140,3.6,307,15.8
2025-05-11T04:00,18,81,14.7,0,869.3,66,24140,4.2,290,9
2025-05-11T05:00,17.7,79,14,0,869.4,0,24140,2.2,279,10.1
2025-05-11T06:00,18.9,78,15,0,870.6,87,24140,5.1,219,18.4
2025-05-11T07:00,21.3,68,15.1,0.2,872.3,86,24140,2.2,351,13.7
2025-05-11T08:00,23.3,60,15.1,0,872.8,47,24140,5.8,4,15.8
2025-05-11T09:00,25.6,53,15.3,0,873,18,24140,2.1,121,16.2
2025-05-11T10:00,27.3,50,16,0,873.1,64,24140,3.8,197,22
2025-05-11T11:00,28.6,48,16.5,0,872.4,82,24140,6.9,208,17.6
2025-05-11T12:00,28.5,50,17.1,0,871.6,83,24140,10.9,214,20.5
2025-05-11T13:00,28.4,51,17.3,0,870.9,72,24140,9.6,236,22.3
2025-05-11T14:00,27.4,55,17.5,0.2,869.8,100,24140,6.8,252,22.7
2025-05-11T15:00,26.9,59,18.2,0.2,869.4,100,24140,3.2,270,25.2
2025-05-11T16:00,26.2,62,18.3,0.1,868.9,100,24140,2.4,297,11.5
2025-05-11T17:00,24.1,74,19.1,1.3,867.7,100,24140,4.4,99,20.5
2025-05-11T18:00,23.4,76,18.9,0.2,868.6,100,24140,4,10,18
2025-05-11T19:00,22.4,80,18.8,0,868.8,100,24140,5.6,27,15.1
2025-05-11T20:00,21.4,82,18.2,0,869.4,99,24140,3.8,49,13
2025-05-11T21:00,20.8,84,18,0,869.8,100,24140,1.6,27,9.4
2025-05-11T22:00,20.3,85,17.7,0,869.8,100,24140,3.1,291,6.5
2025-05-11T23:00,19.7,83,16.8,0,869.2,0,24140,3.1,306,8.6
2025-05-12T00:00,18.8,86,16.4,0,868.6,0,20800,4,280,8.3
2025-05-12T01:00,17.9,87,15.7,0,867.8,0,21540,5.4,274,10.4
2025-05-12T02:00,17.8,83,14.9,0,867.3,7,24140,6.9,279,13
2025-05-12T03:00,17.9,80,14.4,0,866.6,100,24140,5.9,281,13.7
2025-05-12T04:00,17.5,85,14.9,0,866.3,23,24140,3.3,257,12.2
2025-05-12T05:00,17.5,87,15.3,0,866.9,34,24140,3.2,297,7.6
2025-05-12T06:00,18.7,86,16.3,0,867.6,44,24140,2.7,337,7.9
2025-05-12T07:00,22.1,70,16.4,0,869.4,47,24140,2.1,59,9
2025-05-12T08:00,24.2,62,16.5,0,870,43,24140,3.7,101,11.9
2025-05-12T09:00,25.4,59,16.8,0.1,870.4,64,24140,3.8,131,13.3
2025-05-12T10:00,26.9,55,17.1,0.1,870.4,69,20360,3.8,163,16.6
2025-05-12T11:00,28.6,50,17.2,0,870.2,92,19640,6.2,201,14.8
2025-05-12T12:00,28.7,50,17.2,0,869.7,73,19600,7.4,223,16.9
2025-05-12T13:00,28.8,49,17,0,869.5,82,24140,5.6,207,17.3
2025-05-12T14:00,28.4,49,16.7,0,868.7,89,19140,3.2,180,13.3
2025-05-12T15:00,27.5,55,17.7,0.1,868.5,84,12020,2.9,270,12.2
2025-05-12T16:00,26.3,58,17.4,0.2,867.7,75,24140,4.7,293,16.2
2025-05-12T17:00,25.9,55,16.1,0,867.6,46,24140,5.7,235,12.6
2025-05-12T18:00,24.7,59,16.2,0,867.4,49,19220,4,265,11.5
2025-05-12T19:00,23.3,67,16.8,0,867.8,33,24140,3.4,328,10.1
2025-05-12T20:00,22.2,74,17.3,0,868.2,39,24140,4.3,312,9.7
2025-05-12T21:00,21.4,78,17.4,0,868.7,40,24140,4.8,312,11.2
2025-05-12T22:00,20.7,83,17.7,0,868.8,48,24140,3.7,299,10.4
2025-05-12T23:00,20.2,87,17.9,0,868.4,42,24140,1.9,292,10.8
2025-05-13T00:00,19.4,90,17.7,0,867.8,36,24140,2.6,304,7.9
2025-05-13T01:00,18.8,92,17.5,0,867.6,43,24140,3.2,270,8.6
2025-05-13T02:00,18.2,93,17.1,0,867.2,41,24140,3.3,276,9.7
2025-05-13T03:00,17.9,93,16.7,0,867,41,24140,3.7,299,9.4
2025-05-13T04:00,17.7,93,16.6,0,866.8,44,24140,3.8,287,9.7
2025-05-13T05:00,18.4,90,16.7,0,867.6,36,24140,4.5,299,9
2025-05-13T06:00,20,85,17.4,0,868.8,43,24140,2.9,300,10.1
2025-05-13T07:00,22.4,73,17.3,0,870.4,51,22260,2.5,8,11.2
2025-05-13T08:00,24.6,63,17.1,0,871,33,24140,1.1,18,11.9
2025-05-13T09:00,26.2,54,16.2,0.1,871.4,72,24140,2,225,10.8
2025-05-13T10:00,27.6,49,15.9,0,871.5,79,24140,3.4,238,11.5
2025-05-13T11:00,28.7,44,15.2,0,871,76,24140,3.8,221,12.2
2025-05-13T12:00,28.4,45,15.3,0,870.8,78,19560,6.6,221,16.2
2025-05-13T13:00,28.2,49,16.4,0.1,870,78,24140,6.3,211,17.6
2025-05-13T14:00,27.4,52,16.6,0.2,869.2,91,24140,7.7,217,18.4
2025-05-13T15:00,26.5,56,17,0.3,868.5,90,22480,4,275,18.4
2025-05-13T16:00,26.4,54,16.3,0,868.2,62,24140,3.7,299,13.3
2025-05-13T17:00,25.8,57,16.6,0,867.9,74,24140,5.1,219,9.4
2025-05-13T18:00,24.6,61,16.6,0,868.3,62,24140,2.5,82,10.4
2025-05-13T19:00,22.6,74,17.7,0,868.7,67,24140,4.7,58,15.1
2025-05-13T20:00,21.6,80,18,0,868.8,69,24140,4,27,10.1
2025-05-13T21:00,20.6,84,17.8,0,869,36,24140,3.3,13,9
2025-05-13T22:00,19.9,86,17.5,0,868.9,31,24140,1.6,333,8.6
2025-05-13T23:00,19.4,90,17.7,0,868.3,29,24140,1.9,22,8.3
2025-05-14T00:00,19.1,89,17.2,0,868,33,24140,0.5,315,7.9
2025-05-14T01:00,18.3,92,17,0,867.9,47,24140,5,249,11.2
2025-05-14T02:00,18.6,91,17.1,0,868.2,100,24140,6.5,267,14.8
2025-05-14T03:00,18.4,91,16.9,0.5,867.9,72,24140,5.4,290,19.8
2025-05-14T04:00,18.1,90,16.4,0.1,868,38,24140,6.3,283,19.1
2025-05-14T05:00,18,84,15.2,0,868.6,37,24140,5.5,293,13.3
2025-05-14T06:00,19.7,78,15.7,0,869.6,28,24140,4.3,294,11.5
2025-05-14T07:00,22.3,66,15.6,0,870.8,11,24140,0.8,27,9.7
2025-05-14T08:00,24.8,58,15.9,0,871.9,3,24140,2.3,72,10.8
2025-05-14T09:00,27.1,49,15.4,0,872.3,55,24140,1.8,53,10.8
2025-05-14T10:00,28.8,41,14.3,0,872.6,57,24140,1.5,76,10.4
2025-05-14T11:00,30,37,13.7,0,872.1,41,24140,2.9,187,6.1
2025-05-14T12:00,31.3,33,13.1,0,871.9,66,24140,3.4,252,9.7
2025-05-14T13:00,31.3,30,11.6,0,871.4,87,24140,7.3,261,15.8
2025-05-14T14:00,28.3,45,15.2,0.1,870.6,84,24140,17.2,241,32.4
2025-05-14T15:00,27.8,49,16.1,0.1,870.3,43,24140,9.7,243,31.7
2025-05-14T16:00,26.8,52,16.1,0.2,869.7,59,24140,6.6,261,24.5
2025-05-14T17:00,25.7,59,17.1,0,869.3,71,24140,3.2,243,22.7
2025-05-14T18:00,24.4,64,17.1,0.1,869.6,100,24140,3.8,41,10.8
2025-05-14T19:00,23,73,17.9,0,869.9,100,24140,5.6,27,13.3
2025-05-14T20:00,21.9,79,18.1,0,869.8,83,24140,3.4,18,13.3
2025-05-14T21:00,21.1,82,17.9,0,870,54,24140,1.5,45,10.4
2025-05-14T22:00,21.1,81,17.7,0,870,97,24140,1.3,304,7.9
2025-05-14T23:00,20.5,78,16.5,0,870,6,24140,3.7,331,9
2025-05-15T00:00,19.7,81,16.4,0.2,869.8,54,24140,6.8,270,22.7
2025-05-15T01:00,19.5,79,15.7,0.1,869.6,47,24140,6.4,297,23.4
2025-05-15T02:00,19.3,74,14.6,0,869.2,37,24140,5.3,298,13.7
2025-05-15T03:00,18.8,73,13.9,0,868.8,0,24140,4.7,293,11.2
2025-05-15T04:00,18.3,71,13,0,869,28,24140,6,303,13.7
2025-05-15T05:00,18.8,65,12.1,0,869.3,0,24140,6.6,311,14
2025-05-15T06:00,20.5,62,12.9,0,870.3,0,24140,5,300,14.4
2025-05-15T07:00,23.5,51,12.8,0,871.5,0,24140,2.3,342,11.5
2025-05-15T08:00,26.1,45,13.3,0,872.2,0,24140,1.8,79,10.4
2025-05-15T09:00,28.3,39,13,0,872.4,0,24140,1.1,108,11.2
2025-05-15T10:00,29.9,34,12.3,0,872.2,53,24140,0.8,153,7.9
2025-05-15T11:00,31.5,28,10.8,0,872.8,74,24140,4.1,195,9.4
2025-05-15T12:00,32.1,26,10.2,0,872.1,40,24140,3.6,225,10.8
2025-05-15T13:00,32.3,24,9.1,0,871.5,57,24140,4.3,265,11.5
2025-05-15T14:00,32.1,26,10.2,0,870.8,91,24140,10.5,243,19.8
2025-05-15T15:00,28.9,41,14.3,0.1,870.3,84,24140,18.4,230,34.6
2025-05-15T16:00,28.8,40,13.8,0,870,65,24140,8.8,215,33.8
2025-05-15T17:00,27,48,15.1,0,869.3,21,24140,12.4,240,18.4
2025-05-15T18:00,25.3,56,15.9,0,869.3,37,24140,8.4,239,22
2025-05-15T19:00,24.2,62,16.4,0,869.9,38,24140,4.7,238,18
2025-05-15T20:00,23.1,68,16.8,0,870.7,38,24140,3.1,216,12.2
2025-05-15T21:00,21.9,76,17.5,0,871.1,50,24140,2.5,135,9.4
2025-05-15T22:00,20.8,85,18.2,0.1,871.2,48,24140,1.1,108,14.8
2025-05-15T23:00,21.1,86,18.6,0,870.5,40,24140,0.8,333,5.8
2025-05-16T00:00,20.6,87,18.3,0,870.1,42,24140,4.4,261,10.1
2025-05-16T01:00,20.4,85,17.8,0.9,869.7,100,24140,6,287,22.7
2025-05-16T02:00,20.4,81,17,0.1,869.8,100,24140,7.2,288,25.9
2025-05-16T03:00,20.1,81,16.7,0.3,869.3,34,24140,4,333,27.7
2025-05-16T04:00,19.3,84,16.5,0,869.3,26,24140,3.7,331,11.2
2025-05-16T05:00,19.2,85,16.6,0,869.6,38,24140,3.1,306,12.6
2025-05-16T06:00,20.4,78,16.4,0,870.1,31,24140,2.5,270,9.4
2025-05-16T07:00,22.6,63,15.2,0,871.2,23,24140,2.2,360,11.5
2025-05-16T08:00,24.6,57,15.5,0,871.8,17,24140,2.6,56,13
2025-05-16T09:00,26.7,53,16.3,0,872.6,38,24140,1.8,323,21.2
2025-05-16T10:00,28.3,50,16.9,0,872.3,72,24140,2.4,297,20.9
2025-05-16T11:00,29.4,42,15.2,0,872.2,38,24140,6.1,273,18.4
2025-05-16T12:00,29.5,43,15.6,0.1,871.3,72,24140,8.8,258,18.7
2025-05-16T13:00,29.5,44,16,0.1,871.4,91,24140,8.7,253,19.4
2025-05-16T14:00,28.1,49,16.4,0.4,870.6,75,24140,5.2,196,22.3
2025-05-16T15:00,26.7,53,16.3,0.3,870.3,86,24140,8.3,72,23.4
2025-05-16T16:00,23.6,69,17.6,0.4,869,100,24140,6.9,99,28.4
2025-05-16T17:00,25.3,55,15.6,0.2,869,100,24140,1.5,225,22.3
2025-05-16T18:00,24.6,56,15.3,0,869,100,21240,4.8,318,9.7
2025-05-16T19:00,23,65,16.1,0,869.5,97,24140,5.4,340,10.8
2025-05-16T20:00,21.9,73,16.9,0,869.6,93,24140,3.7,331,9.7
2025-05-16T21:00,21.2,78,17.2,0,870.3,29,24140,2.5,360,7.6
2025-05-16T22:00,20.5,82,17.3,0,870.4,83,15120,3.1,339,5.4
2025-05-16T23:00,19.4,82,16.2,0,869.9,29,24140,2.3,342,5
2025-05-17T00:00,18.7,85,16.1,0,869.3,38,24140,4.1,225,6.5
2025-05-17T01:00,17.6,90,16,0,868.6,28,24140,4.7,279,7.9
2025-05-17T02:00,17.3,89,15.5,0,868.5,30,24140,4.7,302,7.9
2025-05-17T03:00,17.3,87,15.1,0,868.4,100,24140,4.6,315,8.3
2025-05-17T04:00,17.4,87,15.2,0,868.5,100,19000,4.8,283,7.9
2025-05-17T05:00,16.5,87,14.3,0,868.5,100,24140,4.1,322,9
2025-05-17T06:00,18.8,75,14.3,0,869.8,47,24140,3.9,338,7.9
2025-05-17T07:00,21.9,62,14.3,0,871,79,24140,1.8,79,7.2
2025-05-17T08:00,23.9,61,15.9,0,872,100,24140,3.1,126,10.1
2025-05-17T09:00,24.7,57,15.6,0.1,872.3,100,24140,3.6,174,11.5
2025-05-17T10:00,25.6,53,15.3,0.1,871.8,100,24140,4.4,145,11.5
2025-05-17T11:00,28.4,44,15,0.1,871.8,100,24140,6.4,207,13
2025-05-17T12:00,27.5,46,14.9,0.1,871,100,24140,10.2,212,19.4
2025-05-17T13:00,27,47,14.7,0.1,871.3,100,22720,6.8,252,19.4
2025-05-17T14:00,27.3,47,15,0.1,870.9,77,11800,3,256,16.6
2025-05-17T15:00,26.7,48,14.8,0,870.3,100,5040,2.1,59,9.7
2025-05-17T16:00,23.8,63,16.4,0.7,869.9,100,4520,2.1,31,10.8
2025-05-17T17:00,22.6,72,17.3,0.2,868.9,100,19220,4.7,99,10.4
2025-05-17T18:00,21.3,78,17.3,0.6,869,100,22920,1.9,112,10.4
2025-05-17T19:00,19.9,85,17.3,0.2,869,50,24140,3.6,307,6.8
2025-05-17T20:00,19.1,89,17.2,0,869.4,23,10500,4.8,283,8.3
2025-05-17T21:00,18.7,88,16.6,0,869.8,5,24140,4.5,284,8.3
2025-05-17T22:00,18.2,88,16.2,0,869.9,24,24140,2.5,278,7.6
2025-05-17T23:00,17.7,89,15.8,0.1,869.6,81,24140,2.3,342,5.8
2025-05-18T00:00,17.5,92,16.2,1.1,869.5,92,24140,2.3,18,5
2025-05-18T01:00,17.2,94,16.2,1,869,87,24140,3,346,7.2
2025-05-18T02:00,17.2,93,16,0.2,868.9,96,20580,0.5,315,6.1
2025-05-18T03:00,17.1,93,16,0.1,868.9,100,24140,2.5,360,4.3
2025-05-18T04:00,16.9,95,16.1,0,869,96,24140,2.3,51,6.1
2025-05-18T05:00,17.2,94,16.2,0,870.1,77,24140,3,14,4.3
2025-05-18T06:00,18.2,89,16.4,0,870.6,74,24140,0.4,270,5.4
2025-05-18T07:00,20,83,17,0,871.6,56,24140,2.1,59,7.2
2025-05-18T08:00,21.7,78,17.7,0,871.8,43,24140,3.1,126,9.4
2025-05-18T09:00,23.8,67,17.3,0,871.9,77,24140,5.4,132,13.3
2025-05-18T10:00,25.7,55,16,0,872.1,87,24140,6.2,144,14.8
2025-05-18T11:00,26.9,49,15.3,0,871.7,95,19560,9.7,158,18
2025-05-18T12:00,26.1,55,16.4,0,871.7,100,20340,12,159,23
2025-05-18T13:00,24.9,62,17.1,0.3,871.4,100,19720,7.4,133,21.6
2025-05-18T14:00,23.6,70,17.8,0.6,870.7,100,5640,10,128,18.4
2025-05-18T15:00,22.6,76,18.2,0.7,870.1,100,3960,6.9,118,17.6
2025-05-18T16:00,22.3,78,18.2,0.3,869.6,100,3540,3.8,107,12.6
2025-05-18T17:00,22.9,76,18.4,0,869.8,100,14220,3.4,108,8.3
2025-05-18T18:00,22,78,18,0.1,869.5,32,21280,3,194,9.4
2025-05-18T19:00,21.1,83,18.1,0,869.8,46,22860,1.5,194,7.6
2025-05-18T20:00,20.5,85,17.9,0,870.2,42,19960,1.8,169,5.8
2025-05-18T21:00,20,86,17.6,0,870.7,37,8000,1.4,90,5.8
2025-05-18T22:00,19.2,91,17.7,0,870.5,57,24140,3.3,84,7.6
2025-05-18T23:00,18.4,91,16.9,0.1,870.6,79,20240,1.4,90,7.6
2025-05-19T00:00,17.9,93,16.8,0.1,870,77,21700,0.5,45,4
2025-05-19T01:00,17.7,94,16.7,0,869.5,59,19980,1.9,22,5.8
2025-05-19T02:00,17.5,94,16.5,0,869.2,48,20380,1.8,270,5.8
2025-05-19T03:00,16.8,96,16.1,0,868.8,7,23060,3.6,276,7.9
2025-05-19T04:00,16.2,96,15.6,0,868.6,25,24140,3.6,270,7.9
2025-05-19T05:00,16.6,95,15.8,0,869.7,0,24140,2.9,263,8.3
2025-05-19T06:00,18.2,92,16.9,0,870.7,0,20360,2.5,225,7.2
2025-05-19T07:00,20.6,81,17.2,0,872,50,19920,3.9,112,11.2
2025-05-19T08:00,22.5,70,16.8,0,872.4,33,5020,4.9,107,13.3
2025-05-19T09:00,24.3,59,15.8,0,872.7,28,5040,5.2,115,14
2025-05-19T10:00,26.1,50,14.9,0,872.5,7,20100,5.6,117,14
2025-05-19T11:00,27,46,14.4,0,872.7,30,5620,6.8,122,16.6
2025-05-19T12:00,27.7,43,14,0,871.9,56,5060,7.8,124,16.6
2025-05-19T13:00,27.9,41,13.4,0,871.3,82,5220,10.1,145,19.4
2025-05-19T14:00,27.5,44,14.2,0,870.8,98,9620,8.6,180,19.8
2025-05-19T15:00,26.3,56,16.8,0.1,870,80,11400,6.4,196,17.3
2025-05-19T16:00,25.8,60,17.4,0,869.2,80,5440,4,180,13.3
2025-05-19T17:00,24.3,66,17.5,0,868.8,64,19420,5.9,169,9
2025-05-19T18:00,23.2,71,17.7,0.2,868.5,73,24140,4.8,167,10.1
2025-05-19T19:00,22,78,18,0.1,869.2,83,24140,3,166,8.3
2025-05-19T20:00,20.9,83,17.9,0.2,869.7,81,24140,2.9,180,6.1
2025-05-19T21:00,20.3,88,18.2,0.2,870.1,85,24140,2.3,129,5.4
2025-05-19T22:00,19.6,91,18.1,0.2,869.7,87,24140,2.4,117,5
2025-05-19T23:00,19.4,92,18,0.2,870.1,74,5800,1.6,117,5.8
2025-05-20T00:00,18.9,95,18.1,0.2,869,88,19640,2.6,56,5.4
2025-05-20T01:00,18.6,96,18,0,868.8,71,24140,2.3,18,5.8
2025-05-20T02:00,18.2,97,17.7,0,867.9,52,24140,2.3,321,4.3
2025-05-20T03:00,17.7,97,17.2,0,867.6,40,24140,2.3,252,4.7
2025-05-20T04:00,17.2,97,16.7,0,866.9,47,24140,3.5,246,5.8
2025-05-20T05:00,17.9,94,16.9,0,868,40,24140,1.1,198,5.8
2025-05-20T06:00,18.6,93,17.4,0,868.5,46,24140,1.8,143,4
2025-05-20T07:00,20.4,84,17.6,0,869.8,68,4920,2.3,108,6.5
2025-05-20T08:00,21.5,79,17.7,0.2,870.2,100,5600,2.7,67,8.3
2025-05-20T09:00,22.8,72,17.5,0.1,870.4,100,5620,3.3,84,10.4
2025-05-20T10:00,24.2,65,17.2,0,870,92,5220,5.1,86,14
2025-05-20T11:00,25.2,61,17.2,0,870.4,62,19540,7.6,115,15.5
2025-05-20T12:00,24.7,65,17.7,0.3,869.9,100,8840,8.5,126,17.3
2025-05-20T13:00,24.8,65,17.7,0.1,869.8,90,4200,8,117,16.9
2025-05-20T14:00,24.6,67,18,0.4,868.9,96,9520,8.9,130,16.6
2025-05-20T15:00,23.8,75,19.1,1.9,868,90,10060,8.9,137,18.4
2025-05-20T16:00,23.3,76,18.9,0.6,867.3,59,3660,6.8,122,16.2
2025-05-20T17:00,23.4,76,18.9,0.5,867.2,69,23680,4.1,142,12.6
2025-05-20T18:00,22.2,79,18.4,0.1,867.6,61,24140,3.1,126,8.3
2025-05-20T19:00,21.3,84,18.5,0,868.2,51,24140,2.5,98,9
2025-05-20T20:00,20.7,86,18.3,0.1,868.6,64,24140,1.3,56,10.4
2025-05-20T21:00,19.8,89,17.9,0.1,868.9,55,24140,4.2,59,10.8
2025-05-20T22:00,19.1,91,17.6,0,869,46,24140,3.8,49,12.6
2025-05-20T23:00,18.1,91,16.6,0,869.6,79,24140,4.3,24,8.3
2025-05-21T00:00,17.9,91,16.4,0,869,88,24140,1.5,315,6.1
2025-05-21T01:00,17.4,92,16.1,0,868.3,89,24140,4,280,6.5
2025-05-21T02:00,17.3,92,16,0,867.6,100,24140,3.9,248,6.8
2025-05-21T03:00,17,92,15.7,0,867.5,77,24140,3.7,241,7.2
2025-05-21T04:00,16.8,93,15.7,0,867.2,100,24140,0.5,135,5.8
2025-05-21T05:00,16.5,96,15.8,0,868.4,29,24140,2.3,309,2.5
2025-05-21T06:00,18.2,93,17,0,869.2,30,24140,3.3,229,5.8
2025-05-21T07:00,20.3,86,17.9,0,870.4,34,24140,1.9,112,6.5
2025-05-21T08:00,22.2,80,18.6,0,871.1,63,24140,3,104,9.4
2025-05-21T09:00,24.1,68,17.8,0,871.8,100,24140,3.3,96,9.4
2025-05-21T10:00,25.1,61,17,0,872.2,100,24140,2.5,135,9.4
2025-05-21T11:00,26,56,16.5,0.1,872.3,100,19560,2.6,146,11.5
2025-05-21T12:00,26.6,58,17.6,0,872.2,67,19380,3.6,127,10.4
2025-05-21T13:00,26.3,62,18.5,0.1,871.7,100,7760,6.3,149,14
2025-05-21T14:00,24.7,72,19.3,1.1,870.9,69,24140,3.5,156,14
2025-05-21T15:00,24.1,75,19.4,0.9,869.6,70,24140,5,69,13.7
2025-05-21T16:00,23.9,74,19,0.4,868.5,44,24140,3.1,216,11.9
2025-05-21T17:00,24.4,72,19,0,868.1,5,24140,3.2,180,8.3
2025-05-21T18:00,23.5,75,18.8,0,868,0,24140,2.6,196,6.8
2025-05-21T19:00,22.3,82,19.1,0,868.2,5,18960,2.5,188,5.8
2025-05-21T20:00,21.5,83,18.5,0,869.1,91,24140,3.8,221,8.6
2025-05-21T21:00,20.4,87,18.1,0.7,870.1,100,24140,6.1,28,14.8
2025-05-21T22:00,19.1,92,17.7,3.2,870.5,100,3460,3.6,37,14.8
2025-05-21T23:00,18.8,94,17.8,2.2,871,100,24140,3.6,37,12.6
2025-05-22T00:00,18.7,92,17.4,0.3,870.7,100,18980,5.8,22,12.6
2025-05-22T01:00,18.6,91,17.1,0,870.3,100,24140,0.8,117,10.4
2025-05-22T02:00,17.9,94,16.9,0,869.1,58,3180,2.1,239,5.4
2025-05-22T03:00,17.2,97,16.7,0,868.2,27,24140,3.9,236,7.6
2025-05-22T04:00,16.8,96,16.1,0,867.9,100,19180,3.4,302,7.2
2025-05-22T05:00,17.2,95,16.4,0,868.8,100,24140,2.5,315,6.8
2025-05-22T06:00,18.6,94,17.6,0,870,100,24140,3.6,233,6.5
2025-05-22T07:00,20.5,87,18.3,0,871.1,100,4260,3.2,153,8.3
2025-05-22T08:00,22,80,18.4,0,871.6,99,5360,4.8,138,11.5
2025-05-22T09:00,23.1,74,18.2,0,871.9,100,3940,5.1,129,16.2
2025-05-22T10:00,23.8,70,18,0,871.7,100,19600,7.2,127,16.2
2025-05-22T11:00,24.8,61,16.8,0,871.8,98,8560,4.9,144,17.6
2025-05-22T12:00,25.8,58,16.9,0,871.2,64,3640,6,123,19.4
2025-05-22T13:00,25.6,57,16.4,0,870.4,100,17080,8,117,16.6
2025-05-22T14:00,25.9,55,16.2,0,870,100,2900,7.3,123,15.5
2025-05-22T15:00,26,55,16.2,0,869.1,91,4780,7.1,135,14.4
2025-05-22T16:00,25.7,56,16.2,0,868.7,100,3660,8.4,137,15.1
2025-05-22T17:00,24.3,61,16.3,0,867.8,89,13720,6.6,139,16.6
2025-05-22T18:00,23.2,68,17,0,868.7,85,19840,6,147,13.3
2025-05-22T19:00,21.8,76,17.4,0,868.9,52,5960,4.5,151,11.5
2025-05-22T20:00,20.8,82,17.6,0,869.5,42,24140,3.4,162,9.4
2025-05-22T21:00,20.1,86,17.7,0,869.4,46,24140,3.1,201,8.3
2025-05-22T22:00,19.5,89,17.6,0,869.3,42,24140,2.4,243,7.9
2025-05-22T23:00,20,86,17.6,0,869.2,43,24140,2.4,297,7.2
2025-05-23T00:00,19,90,17.3,0,868.2,30,24140,2.9,360,6.5
2025-05-23T01:00,18.6,91,17.1,0,868,0,24140,2.6,326,6.1
2025-05-23T02:00,18.2,92,16.8,0,867.1,0,24140,2.5,315,5
2025-05-23T03:00,17.7,92,16.4,0,866.5,0,4260,3.3,264,5.4
2025-05-23T04:00,17,94,16,0,866.2,100,24140,3.9,248,7.2
2025-05-23T05:00,16.7,93,15.5,0,866.8,100,24140,3.7,259,6.8
2025-05-23T06:00,18.3,90,16.6,0,868.1,100,24140,1.9,248,5.8
2025-05-23T07:00,20.2,84,17.4,0,869.2,100,24140,1.8,79,6.5
2025-05-23T08:00,21.2,83,18.2,0,869.6,100,24140,2.7,113,8.6
2025-05-23T09:00,22.6,77,18.3,0,869.8,100,19480,4.6,108,11.5
2025-05-23T10:00,23.8,69,17.8,0,870,100,5020,5.2,106,12.6
2025-05-23T11:00,26.7,54,16.6,0,869.8,32,19680,8.9,122,15.8
2025-05-23T12:00,27.5,50,16.2,0,869.7,67,24140,9.5,127,18.7
2025-05-23T13:00,27.1,50,15.8,0,869.1,99,24140,10.5,131,20.2
2025-05-23T14:00,26.8,50,15.5,0,868.6,83,19660,8.3,146,19.4
2025-05-23T15:00,26,54,16,0,867.5,78,24140,8.4,133,16.9
2025-05-23T16:00,25.7,55,16,0,867.3,25,24140,7,125,15.1
2025-05-23T17:00,25,59,16.5,0,867.4,48,24140,5.2,146,13
2025-05-23T18:00,24,64,16.8,0,867.8,16,24140,5.2,102,8.6
2025-05-23T19:00,22.4,74,17.6,0,868.2,31,24140,3.9,112,8.6
2025-05-23T20:00,21.5,80,17.9,0,868.2,28,24140,2.5,135,6.8
2025-05-23T21:00,20.6,85,18,0,868.1,8,24140,3.2,207,6.5
2025-05-23T22:00,19.5,90,17.8,0,867.9,0,24140,3.2,243,6.8
2025-05-23T23:00,19,90,17.3,0,868.4,0,24140,2.4,243,6.5
2025-05-24T00:00,18.7,90,17,0,868,0,24140,1.8,259,5
2025-05-24T01:00,18.1,92,16.8,0,867.4,5,24140,3.5,246,7.2
2025-05-24T02:00,17.6,94,16.6,0,867.4,10,24140,3.3,276,7.6
2025-05-24T03:00,17.1,96,16.5,0,867.1,35,24140,3.2,270,7.6
2025-05-24T04:00,16.8,96,16.2,0,867.4,38,24140,3.7,259,7.9
2025-05-24T05:00,17.4,98,17.1,0,868.2,84,24140,3.3,257,7.9
2025-05-24T06:00,19.1,95,18.3,0,869.4,82,24140,0.5,315,7.9
2025-05-24T07:00,21,88,19,0,870.1,87,24140,3.4,108,10.4
2025-05-24T08:00,22.8,76,18.4,0,870.8,74,24140,4.8,103,13.3
2025-05-24T09:00,24.8,64,17.5,0,871.2,55,24140,5.2,102,14.8
2025-05-24T10:00,26.6,55,16.8,0,871.6,57,24140,6,115,15.1
2025-05-24T11:00,26.8,55,17,0,871.8,65,24140,5.6,130,20.2
2025-05-24T12:00,27.5,52,16.7,0,871.2,79,24140,7.1,120,18.4
2025-05-24T13:00,27.2,54,17.1,0.1,870.5,100,19480,10.3,119,19.8
2025-05-24T14:00,27.3,52,16.6,0.1,869.9,100,24140,7.4,137,19.8
2025-05-24T15:00,26.5,53,16.2,0,868.8,100,24140,7.7,152,16.2
2025-05-24T16:00,25.9,56,16.4,0,868.8,100,24140,5.2,146,13.7
2025-05-24T17:00,25.8,59,17.2,0,869,44,24140,6.4,137,10.1
2025-05-24T18:00,24.4,66,17.7,0,869.4,56,18920,4.8,138,10.8
2025-05-24T19:00,22.6,79,18.8,0.1,869.6,70,24140,3.9,112,10.4
2025-05-24T20:00,20.9,90,19.2,0.3,869.8,52,24140,4.5,76,11.2
2025-05-24T21:00,20.2,93,19,0,870.3,37,24140,2,45,7.9
2025-05-24T22:00,19.8,94,18.8,0,870.5,29,24140,2.2,351,6.1
2025-05-24T23:00,19.2,94,18.2,0,870.7,59,24140,3.3,276,6.5
2025-05-25T00:00,18.9,93,17.8,0,870.3,60,24140,4,265,7.6
2025-05-25T01:00,18.8,91,17.3,0,870.1,68,24140,4.8,257,8.3
2025-05-25T02:00,18.9,89,17,0,869.6,60,24140,3.7,281,7.9
2025-05-25T03:00,18.4,89,16.5,0,869.1,85,20760,4,265,6.5
2025-05-25T04:00,18.2,87,16,0,868.7,64,24140,4.9,287,7.9
2025-05-25T05:00,18.9,88,16.8,0,869.5,100,12580,5.1,266,7.9
2025-05-25T06:00,20.4,85,17.8,0,870.3,99,24140,2.9,270,8.3
2025-05-25T07:00,22.4,77,18.2,0,871.4,76,24140,1.1,360,4.7
2025-05-25T08:00,24.2,72,18.9,0,872.3,33,24140,1.1,18,6.8
2025-05-25T09:00,25.8,63,18.2,0,872.3,58,24140,2.3,18,10.8
2025-05-25T10:00,27.4,57,18.1,0,872.1,49,24140,3.2,27,14
2025-05-25T11:00,28,57,18.7,0,872,53,24140,2.9,240,14
2025-05-25T12:00,28.6,54,18.4,0,871.6,73,21640,2.9,210,10.1
2025-05-25T13:00,27.8,58,18.8,0.1,871.2,79,24140,2.9,187,11.5
2025-05-25T14:00,27.3,62,19.4,0.1,870.6,80,24140,4.5,119,10.4
2025-05-25T15:00,25.1,79,21.2,1.9,869.4,100,24140,4.9,144,11.2
2025-05-25T16:00,24.5,81,21,3,868.9,100,24140,3.4,162,9.4
2025-05-25T17:00,24.6,78,20.5,0.6,869.5,93,23780,3.8,41,6.5
2025-05-25T18:00,22.8,83,19.8,1,869.8,84,24140,5.4,37,10.4
2025-05-25T19:00,21.5,88,19.4,0.3,870.1,75,24140,3.3,84,9.7
2025-05-25T20:00,20.8,90,19.1,0.2,870.6,74,24140,0.5,135,5.4
2025-05-25T21:00,19.9,93,18.7,0.5,870.7,39,24140,4.2,250,8.3
2025-05-25T22:00,19.3,95,18.5,0,870.6,40,24140,5.2,282,9
2025-05-25T23:00,19.7,90,18,0,870.3,83,24140,4.7,279,9
2025-05-26T00:00,19.6,88,17.6,0,870.1,84,24140,4.7,279,7.9
2025-05-26T01:00,19.5,87,17.3,0,869.6,100,24140,4.6,252,7.9
2025-05-26T02:00,19.6,85,17,0,869.5,93,9760,3.3,264,7.6
2025-05-26T03:00,19.6,86,17.2,0,869,100,24140,2.5,262,5.4
2025-05-26T04:00,19.4,86,17,0,868.4,93,24140,1.8,259,4
2025-05-26T05:00,19.4,88,17.3,0,869.3,81,24140,1.5,256,3.2
2025-05-26T06:00,20.4,87,18.2,0,869.6,54,24140,1.5,256,3.2
2025-05-26T07:00,22.3,79,18.5,0,870.7,21,24140,3.1,69,6.8
2025-05-26T08:00,23.5,75,18.8,0,870.6,46,24140,3.8,73,9.7
2025-05-26T09:00,24.8,70,19,0,871.1,68,24140,3.9,112,10.8
2025-05-26T10:00,26.4,63,18.8,0,871,81,19800,4.6,135,15.1
2025-05-26T11:00,27.1,61,19,0,871,82,24140,4.3,185,16.2
2025-05-26T12:00,27,63,19.4,0,869.9,79,19960,5.9,166,14.4
2025-05-26T13:00,26.4,66,19.5,0.1,869.1,79,24140,6.9,137,13.3
2025-05-26T14:00,26,69,19.9,0.1,868.4,83,4880,5.6,135,12.6
2025-05-26T15:00,25.5,74,20.5,0.5,867.8,90,19540,5.6,140,12.6
2025-05-26T16:00,24.4,79,20.5,1,867.1,88,24140,5.1,141,11.2
2025-05-26T17:00,24.3,77,20,0.4,867.4,69,24140,2.3,231,9.4
2025-05-26T18:00,23.4,82,20.1,0.5,867.9,68,24140,1.5,76,5.4
2025-05-26T19:00,22.1,89,20.2,1.1,867.9,82,24140,3.5,66,5.8
2025-05-26T20:00,21.1,94,20.1,0.5,868.3,84,12560,3.1,54,5.8
2025-05-26T21:00,20.6,95,19.8,0.1,868.2,70,4520,2.2,9,5.4
2025-05-26T22:00,20.3,94,19.3,0,868.4,50,6260,2.4,297,5.8
2025-05-26T23:00,20.7,93,19.5,0,868.8,72,23420,2.5,262,7.2
2025-05-27T00:00,20.1,94,19.1,0,868.1,54,24140,1.9,248,4.7
2025-05-27T01:00,19.6,96,18.9,0,867.6,57,24140,3.3,264,6.1
2025-05-27T02:00,19.2,97,18.7,0,867.2,65,24140,3.3,257,6.8
2025-05-27T03:00,19,96,18.3,0.7,867.4,59,24140,3.2,270,8.3
2025-05-27T04:00,18.8,96,18.1,0,867.2,63,24140,4,270,7.2
2025-05-27T05:00,18.8,97,18.3,0,867.4,73,24140,2.3,288,7.6
2025-05-27T06:00,19.9,95,19.1,0,867.9,57,24140,1.6,297,5.4
2025-05-27T07:00,21.7,87,19.4,0,868.3,54,24140,1.3,304,5.4
2025-05-27T08:00,23.2,78,19.1,0,868.2,46,24140,1.4,90,5
2025-05-27T09:00,24.5,71,18.9,0,867.9,45,24140,2.7,113,7.9
2025-05-27T10:00,26,63,18.4,0,868,31,20880,3.5,114,9.7
2025-05-27T11:00,27.9,54,17.8,0,868.3,31,24140,2.5,172,10.4
2025-05-27T12:00,29,49,17.2,0,867.9,0,24140,2.2,171,10.1
2025-05-27T13:00,29.2,47,16.8,0,867.5,83,24140,2.4,153,8.6
2025-05-27T14:00,28.9,50,17.5,0,866.7,73,24140,5.6,225,11.2
2025-05-27T15:00,26.7,64,19.3,0.1,866.3,89,24140,7.1,204,13.3
2025-05-27T16:00,25.7,71,20,0.2,865.7,93,24140,4.7,184,13
2025-05-27T17:00,26.2,66,19.3,0.6,866,69,24140,4.5,194,8.6
2025-05-27T18:00,24.4,73,19.3,0,866.1,74,24140,5.1,135,8.6
2025-05-27T19:00,22.8,83,19.8,0.1,866.1,72,24140,3.6,84,8.6
2025-05-27T20:00,21.9,88,19.8,0.1,866.4,70,24140,3.3,77,7.9
2025-05-27T21:00,21.1,91,19.6,0,866.9,47,24140,1.8,37,5
2025-05-27T22:00,20.7,92,19.4,0,867,65,24140,2.6,304,4.7
2025-05-27T23:00,20.6,92,19.2,0,866.9,63,24140,3.3,264,6.1
2025-05-28T00:00,19.9,95,19.1,0,866,50,24140,4.2,250,6.8
2025-05-28T01:00,19.6,95,18.8,0,865.6,45,24140,4.8,243,7.9
2025-05-28T02:00,19.5,94,18.5,0,865.3,31,24140,4.4,279,7.9
2025-05-28T03:00,19.4,94,18.4,0,865.1,30,24140,4.4,261,8.3
2025-05-28T04:00,19.2,94,18.2,0,864.8,37,24140,3.3,257,7.2
2025-05-28T05:00,19.2,92,17.8,0,865.6,25,24140,2.6,304,5.4
2025-05-28T06:00,20.4,91,18.9,0,865.8,44,24140,0.5,315,4
2025-05-28T07:00,22.1,86,19.7,0,866.7,49,24140,3.6,90,7.6
2025-05-28T08:00,23.7,78,19.6,0,867.3,83,24140,4.7,90,10.1
2025-05-28T09:00,25,73,19.8,0,867.7,66,24140,3.6,90,11.5
2025-05-28T10:00,26.3,68,19.9,0.1,867.8,53,19300,2.9,120,9.7
2025-05-28T11:00,27,65,19.8,0,867.6,61,24140,4.7,176,13
2025-05-28T12:00,27.7,61,19.5,0,866.8,80,24140,5.3,208,13.3
2025-05-28T13:00,27.7,61,19.5,0,866.2,84,20960,2.8,220,12.6
2025-05-28T14:00,27.9,59,19.2,0,865.6,80,24140,3.8,139,9
2025-05-28T15:00,27.4,62,19.4,0,864.9,69,19480,2,135,9.4
2025-05-28T16:00,27.1,63,19.4,0,864.4,65,23400,1,45,5.8
2025-05-28T17:00,27,64,19.6,0,864.4,54,24140,3.9,158,3.6
2025-05-28T18:00,25.5,71,19.9,0,864.4,27,22000,4.2,200,9
2025-05-28T19:00,23.8,82,20.5,0.2,864.8,62,24140,3.4,212,9.7
2025-05-28T20:00,22.7,86,20.3,1.1,865.6,67,24140,0.7,90,9.7
2025-05-28T21:00,21.6,91,20.1,1.7,866.4,69,24140,4.9,17,13.3
2025-05-28T22:00,21,92,19.7,1.4,866.1,57,24140,3.3,347,13.3
2025-05-28T23:00,20.8,94,19.8,0,865.9,29,24140,4.7,351,7.9
2025-05-29T00:00,20.5,93,19.3,0,864.9,26,24140,2.8,320,7.9
2025-05-29T01:00,20.1,92,18.7,0,864,22,24140,3.9,304,6.1
2025-05-29T02:00,19.8,90,18.1,0,863.5,13,24140,4.8,283,7.6
2025-05-29T03:00,19.3,90,17.6,0,862.6,0,24140,5.5,259,9.4
2025-05-29T04:00,19,90,17.3,0,863,0,24140,4.3,270,9.4
2025-05-29T05:00,19,91,17.5,0,863,0,24140,5.8,274,7.2
2025-05-29T06:00,21.1,88,19,0,864,0,24140,3.3,283,9
2025-05-29T07:00,23.1,80,19.4,0,864.7,0,24140,2.6,16,7.2
2025-05-29T08:00,24.4,77,20.1,0,865.6,13,24140,2.3,51,8.3
2025-05-29T09:00,26.1,68,19.8,0,865.9,63,24140,2.3,18,8.6
2025-05-29T10:00,27.4,63,19.7,0,866,56,9000,2.2,360,10.8
2025-05-29T11:00,28.4,59,19.6,0,865.5,49,24140,3,256,12.2
2025-05-29T12:00,28.9,57,19.5,0,864.9,78,24140,4.1,225,13
2025-05-29T13:00,28.1,62,20.1,0.1,864.2,79,6300,4.6,219,16.2
2025-05-29T14:00,27.9,64,20.5,0,863.6,71,8140,0.8,243,14
2025-05-29T15:00,27.8,64,20.3,0,862.9,84,8740,2.3,288,11.2
2025-05-29T16:00,27.1,65,20,0,862.7,68,4080,3.3,264,11.5
2025-05-29T17:00,26.1,68,19.8,0,861.9,50,24140,4.8,243,9
2025-05-29T18:00,25.4,70,19.5,0,862.7,49,19340,3.3,257,11.9
2025-05-29T19:00,24.5,75,19.7,0,862.9,41,5120,1.5,284,9.4
2025-05-29T20:00,23.9,78,19.8,0,863.8,55,5700,1.3,56,6.1
2025-05-29T21:00,22.7,85,20.1,0.1,864,76,5700,1.8,127,10.1
2025-05-29T22:00,21.8,91,20.3,0.1,864,81,24140,1.9,68,8.6
2025-05-29T23:00,21.9,87,19.6,0,863,48,23820,2.9,353,8.6
2025-05-30T00:00,21.1,92,19.7,0,862.3,49,24140,2.6,344,8.6
2025-05-30T01:00,21,91,19.5,0,861.7,44,10360,2.8,310,9
2025-05-30T02:00,20.8,92,19.5,0,861.4,58,9220,1.5,315,9
2025-05-30T03:00,20.7,92,19.4,0,861,63,24140,3.4,302,9.4
2025-05-30T04:00,20.7,91,19.2,0,861,74,24140,3.2,297,10.1
2025-05-30T05:00,20.9,91,19.3,0,861.6,68,24140,2.8,310,10.8
2025-05-30T06:00,21.8,90,20.1,0,862,82,24140,1.9,292,8.6
2025-05-30T07:00,23.2,82,20,0,862.9,71,24140,3.9,304,10.4
2025-05-30T08:00,24.6,75,19.8,0,863.5,42,23500,7.1,315,15.1
2025-05-30T09:00,26,68,19.6,0,864,62,5700,8.2,322,17.3
2025-05-30T10:00,27.2,62,19.3,0,864,55,20160,8.3,304,18.7
2025-05-30T11:00,27.9,60,19.4,0,863.4,34,19540,10.1,274,18.7
2025-05-30T12:00,29.1,54,18.8,0,863.1,39,11720,9.8,278,20.9
2025-05-30T13:00,29.4,52,18.5,0,862.9,44,7640,9.4,288,21.2
2025-05-30T14:00,29.3,51,18.1,0,862.5,60,24140,9,272,19.8
2025-05-30T15:00,28.2,55,18.3,0,862.1,90,24140,7.6,251,18.7
2025-05-30T16:00,27,61,18.9,0.1,861.7,81,24140,5.5,259,16.6
2025-05-30T17:00,26.8,62,18.9,0,862,50,23340,3.6,225,15.1
2025-05-30T18:00,25.8,66,19,0,862.4,39,22540,1.1,198,10.4
2025-05-30T19:00,24.6,73,19.5,0,862.9,64,24140,1.9,68,4.7
2025-05-30T20:00,23.2,84,20.3,0,863.4,45,24140,2.5,98,5.4
2025-05-30T21:00,22.2,90,20.5,0,863.8,38,24140,2.8,130,10.1
2025-05-30T22:00,21.6,93,20.4,0.2,864.3,60,24140,1.6,117,9.4
2025-05-30T23:00,21.6,90,19.9,0.7,865,76,24140,1.1,162,6.8
2025-05-31T00:00,21.2,91,19.6,0.2,864.5,75,24140,3.3,49,6.1
2025-05-31T01:00,20.5,94,19.5,0.9,864,89,24140,3,346,8.3
2025-05-31T02:00,20.3,94,19.3,0.8,863.8,88,24140,0.8,333,6.5
2025-05-31T03:00,19.7,96,19.1,0.6,863.9,66,24140,2.6,74,6.8
2025-05-31T04:00,19.3,98,19,0,863.6,80,24140,2.4,27,4.3
2025-05-31T05:00,19.6,97,19.1,0,864.2,65,24140,3.1,315,4.3
2025-05-31T06:00,20.8,93,19.6,0,864.8,83,24140,1.1,342,5.4
2025-05-31T07:00,22.5,84,19.6,0,865.8,84,24140,1.1,198,5
2025-05-31T08:00,24,78,19.9,0,866.3,97,24140,1,45,5
2025-05-31T09:00,24.8,75,20.1,0.1,866.7,100,24140,2,45,8.3
2025-05-31T10:00,25.7,69,19.6,0,866.3,97,24140,2.5,82,7.6
2025-05-31T11:00,26.9,64,19.5,0,866.2,91,24140,1.1,180,10.4
2025-05-31T12:00,27.8,58,18.8,0,865.8,95,24140,1,45,9.7
2025-05-31T13:00,28.3,54,18.1,0.1,865.7,77,24140,0,270,6.5
2025-05-31T14:00,28.2,57,18.8,0.1,864.9,67,24140,2.6,214,11.9
2025-05-31T15:00,27.5,62,19.5,0.1,864.3,67,23140,4.9,253,15.1
2025-05-31T16:00,26.5,67,19.9,0.2,863.8,61,24140,4.8,283,15.5
2025-05-31T17:00,27,66,20.1,0,864.2,77,24140,2.5,225,15.5
2025-05-31T18:00,26,66,19.1,0,865,84,24140,2.7,337,7.6
2025-05-31T19:00,24.3,75,19.6,0.1,865.6,51,24140,3.3,6,8.3
2025-05-31T20:00,22.8,84,20,0.1,865.6,64,24140,3.3,347,11.2
2025-05-31T21:00,21.9,88,19.8,0.1,866.1,79,24140,3.1,324,10.8
2025-05-31T22:00,21.5,90,19.8,0,865.9,34,24140,1.9,292,6.5
2025-05-31T23:00,21.8,88,19.7,0,866.8,42,19040,0.4,270,8.6
2025-06-01T00:00,20.6,93,19.4,0,865.7,36,24140,4.3,275,9.7
2025-06-01T01:00,20.6,93,19.4,0,865,61,19520,4.8,333,12.2
2025-06-01T02:00,20.1,93,18.9,0,864.4,30,24140,6.3,246,12.2
2025-06-01T03:00,20.1,91,18.6,0,864,100,24140,5.6,297,12.2
2025-06-01T04:00,19.9,90,18.2,0,863.6,78,24140,6,287,13
2025-06-01T05:00,19.8,87,17.6,0,864,47,24140,5.8,300,13
2025-06-01T06:00,21.3,85,18.6,0,864.7,61,24140,4.5,256,12.6
2025-06-01T07:00,23.3,76,18.8,0,865.7,62,24140,1.3,326,10.4
2025-06-01T08:00,24.8,71,19.2,0,866.2,37,24140,2.5,45,9.4
2025-06-01T09:00,26.6,61,18.4,0,866.4,69,24140,2.8,310,11.5
2025-06-01T10:00,28.1,52,17.3,0,866.4,82,24140,2.5,360,12.6
2025-06-01T11:00,29.1,48,17,0,866.4,69,24140,1.9,248,10.1
2025-06-01T12:00,29.2,43,15.4,0,865.9,98,24140,4.6,288,11.2
2025-06-01T13:00,28.3,44,14.9,0,865.9,100,24140,9.9,260,17.3
2025-06-01T14:00,27.1,54,17,0,865.4,88,24140,9.7,266,20.9
2025-06-01T15:00,26.9,59,18.2,0.1,865.4,64,23400,4.7,279,17.6
2025-06-01T16:00,24.7,69,18.6,0.6,864.3,100,24140,7.1,285,13.7
2025-06-01T17:00,25.5,67,18.9,1,863.9,76,24140,3.3,264,14.4
2025-06-01T18:00,23.8,73,18.6,0,864.5,71,24140,2.3,39,12.6
2025-06-01T19:00,22.4,83,19.4,0,865.2,56,24140,5,90,9.7
2025-06-01T20:00,21.3,87,19,0.1,866.1,76,24140,2.6,34,15.8
2025-06-01T21:00,20.4,89,18.5,0.5,866.4,75,24140,2.8,320,15.1
2025-06-01T22:00,20.4,88,18.3,0.1,866.3,91,24140,1.8,281,13.3
2025-06-01T23:00,20.3,85,17.7,0,865.8,48,24140,1.8,307,9
2025-06-02T00:00,19.5,89,17.6,0,865.1,46,24140,4.3,265,10.8
2025-06-02T01:00,19,89,17.2,0,864.3,38,24140,6,295,13.3
2025-06-02T02:00,19.5,79,15.7,0,864,12,24140,5.6,320,16.9
2025-06-02T03:00,19,79,15.3,0,864,0,24140,7.7,259,15.8
2025-06-02T04:00,18.9,79,15.2,0,864,5,24140,7,291,16.2
2025-06-02T05:00,18.5,82,15.3,0,863.8,0,24140,5.6,320,15.5
2025-06-02T06:00,20.4,81,17,0,864.8,0,24140,4.9,324,13.7
2025-06-02T07:00,22.7,70,17,0,866,46,24140,4.7,356,13.3
2025-06-02T08:00,24.2,65,17.2,0,866.3,71,24140,2.9,7,12.6
2025-06-02T09:00,26,56,16.6,0,867.1,95,24140,4.3,318,16.2
2025-06-02T10:00,26.7,51,15.7,0,867.1,100,24140,6.3,336,16.6
2025-06-02T11:00,27.1,46,14.5,0,866.8,100,24140,4.9,324,13.3
2025-06-02T12:00,28.4,43,14.6,0,866.7,87,24140,3.4,288,11.9
2025-06-02T13:00,28.6,41,14,0,866.2,86,24140,9.2,296,18.4
2025-06-02T14:00,28.1,43,14.4,0,865.4,81,24140,11.2,291,22
2025-06-02T15:00,27.7,44,14.3,0,865.1,100,24140,4.5,299,20.5
2025-06-02T16:00,27.3,44,14,0,864.9,77,24140,6.3,294,11.5
2025-06-02T17:00,26.7,43,13.1,0,865.1,63,24140,7.1,225,12.2
2025-06-02T18:00,25.5,52,14.9,0,865.6,66,24140,1.3,214,11.2
2025-06-02T19:00,23.9,58,15.1,0,865.8,89,24140,4,10,8.3
2025-06-02T20:00,22.2,65,15.3,0,866.2,94,24140,6.4,333,11.9
2025-06-02T21:00,21.5,68,15.3,0,866.5,89,24140,5.6,310,13
2025-06-02T22:00,20.8,76,16.4,0.4,866.9,100,24140,7.3,303,15.5
2025-06-02T23:00,20.2,82,17,0.3,866.4,86,24140,1.1,270,13.3
2025-06-03T00:00,20,83,17,0,866,87,24140,0.5,135,4.3
2025-06-03T01:00,20,83,17,0,865.8,86,24140,1.1,108,4.3
2025-06-03T02:00,19.8,83,16.8,0,865.5,71,24140,3.3,174,8.3
2025-06-03T03:00,19.2,87,17,0,865.1,54,24140,2.8,140,9
2025-06-03T04:00,19,88,16.9,0,864.9,75,24140,2.7,157,7.2
2025-06-03T05:00,18.8,89,17,0,865.1,71,24140,2.3,219,6.5
2025-06-03T06:00,19.8,84,17,0,865.7,72,24140,2.5,225,8.3
2025-06-03T07:00,21.2,72,16,0,866.9,100,24140,3.6,270,10.8
2025-06-03T08:00,22.1,66,15.5,0,867.3,91,24140,5.5,302,13.7
2025-06-03T09:00,22.3,63,14.9,0,867.6,100,24140,7.3,290,18.7
2025-06-03T10:00,21.8,65,14.9,0.1,867.9,100,24140,10.1,274,23
2025-06-03T11:00,22.5,61,14.6,0.3,868.2,99,24140,10.4,270,25.2
2025-06-03T12:00,22,67,15.6,0.1,867.7,100,24140,8.6,285,24.1
2025-06-03T13:00,22.3,68,16.1,0.1,867.7,92,24140,9.4,277,24.1
2025-06-03T14:00,22.6,65,15.7,0,866.8,99,24140,5.4,250,21.6
2025-06-03T15:00,23,60,14.8,0,866.7,100,24140,8.8,279,20.5
2025-06-03T16:00,22.3,64,15.1,0,866.4,93,24140,9.9,289,23.4
2025-06-03T17:00,21.8,68,15.6,0,866.4,93,24140,7.1,300,22.3
2025-06-03T18:00,21.2,73,16.1,0,866.7,97,24140,6.4,286,16.6
2025-06-03T19:00,20.7,77,16.5,0,866.9,98,24140,4.8,297,14.4
2025-06-03T20:00,20.3,80,16.8,0,867.2,92,24140,3.6,323,10.8
2025-06-03T21:00,19.8,84,17,0,867.5,75,24140,3.7,299,7.6
2025-06-03T22:00,19.5,86,17.1,0,867.5,100,24140,3.8,287,9.4
2025-06-03T23:00,19.4,82,16.2,0,867.4,100,24140,5.9,227,8.6
2025-06-04T00:00,19.2,83,16.3,0.2,867.7,100,24140,5.4,290,12.2
2025-06-04T01:00,18.3,86,15.9,0.8,867.4,100,24140,4.8,297,14.4
2025-06-04T02:00,17.7,89,15.8,0.6,867,100,23920,3.9,248,12.6
2025-06-04T03:00,17.4,91,15.9,0.2,866.8,100,22680,3.1,216,10.1
2025-06-04T04:00,17.4,91,15.9,0,866.3,100,20980,2.9,97,7.9
2025-06-04T05:00,17.4,92,16.1,0,866.7,98,24140,5.2,124,10.1
2025-06-04T06:00,17.9,88,15.9,0,867.4,100,24140,5.9,101,14
2025-06-04T07:00,18.8,83,15.8,0,868.3,99,24140,5.8,86,15.1
2025-06-04T08:00,20.2,77,16,0,868.9,92,24140,5.1,86,16.2
2025-06-04T09:00,21.6,67,15.2,0,869.8,100,21640,3.9,112,13.7
2025-06-04T10:00,21.6,66,14.9,0,869.8,100,13360,4.6,45,13
2025-06-04T11:00,23.5,54,13.7,0,870.5,90,22040,2.3,309,19.4
2025-06-04T12:00,23.7,57,14.7,0,870.1,98,20340,4.1,322,14.8
2025-06-04T13:00,22.7,72,17.4,0.9,869.7,96,20600,7,325,20.2
2025-06-04T14:00,21.8,78,17.8,6.1,868.6,91,19740,5.3,332,18.4
2025-06-04T15:00,21.7,77,17.5,4.5,868.4,93,19500,2.9,353,13
2025-06-04T16:00,21.3,79,17.5,3.6,867.9,99,19660,3.1,54,11.2
2025-06-04T17:00,20.7,81,17.3,2.9,868.3,87,7460,3.4,342,11.5
2025-06-04T18:00,19.5,85,16.9,1.2,868.5,84,20200,3.8,311,15.8
2025-06-04T19:00,18.6,91,17.1,0.6,869.1,82,18580,6,303,17.6
2025-06-04T20:00,18.2,94,17.2,0,869.7,83,18620,2.1,329,13.7
2025-06-04T21:00,18.3,93,17.1,0,870.1,48,18680,2.9,120,7.9
2025-06-04T22:00,18.2,91,16.7,0,870.5,55,6200,2.6,124,9
2025-06-04T23:00,17.4,91,15.9,0,870.1,52,21120,3.7,79,7.6
2025-06-05T00:00,17.4,90,15.7,0,870,87,24140,2.9,83,8.6
2025-06-05T01:00,17.2,90,15.5,0,869.8,90,24140,3.4,108,6.8
2025-06-05T02:00,17,91,15.5,0,869.4,80,24140,3.4,122,7.2
2025-06-05T03:00,16.7,92,15.4,0,869.4,68,24140,3.9,124,7.9
2025-06-05T04:00,16.7,92,15.4,0,869.6,47,24140,4.7,94,9.4
2025-06-05T05:00,16.8,94,15.8,0,870.4,96,24140,4,90,9.4
2025-06-05T06:00,17.8,92,16.5,0,871,85,24140,2.6,106,7.9
2025-06-05T07:00,19.1,83,16.1,0,872.1,84,19820,0,270,7.2
2025-06-05T08:00,20.1,75,15.5,0,872.1,89,6080,3.6,315,9.7
2025-06-05T09:00,21.1,71,15.7,0,872.8,96,5960,6.1,298,16.2
2025-06-05T10:00,21.9,69,16,0.1,872.6,100,19720,7.7,311,19.4
2025-06-05T11:00,23.5,59,15,0.2,872.2,86,24140,5,300,19.8
2025-06-05T12:00,23.9,62,16.1,0.1,871.9,89,19580,7.6,295,21.6
2025-06-05T13:00,23.3,68,17.1,0.6,871.6,100,19520,8.5,282,23.4
2025-06-05T14:00,22.3,74,17.5,1,871,97,19880,7.9,294,24.1
2025-06-05T15:00,21.8,78,17.8,3.9,870.6,100,19960,6.1,315,21.2
2025-06-05T16:00,21,81,17.6,4.8,870.1,98,19860,5.1,315,16.9
2025-06-05T17:00,20.8,82,17.6,1.4,870.7,69,24140,5.8,300,13.7
2025-06-05T18:00,19.9,85,17.3,1,870.8,69,24140,1.9,292,11.9
2025-06-05T19:00,19.4,87,17.2,0.2,871.3,35,24140,2.4,27,7.2
2025-06-05T20:00,18.9,90,17.2,0,871,19,24140,3.2,63,6.1
2025-06-05T21:00,18.5,90,16.8,0,871.5,0,24140,3.3,103,6.5
2025-06-05T22:00,18,91,16.5,0,871.2,0,24140,3.9,124,7.6
2025-06-05T23:00,18.1,93,16.9,0,871.6,17,24140,3.9,214,7.9
2025-06-06T00:00,17.9,92,16.6,0,871.2,76,24140,1.8,180,7.2
2025-06-06T01:00,17.7,93,16.6,0.2,870.9,42,24140,0.4,90,3.6
2025-06-06T02:00,17.8,91,16.3,0,870.8,79,24140,1.1,90,4
2025-06-06T03:00,17.7,92,16.4,0,870.3,93,24140,2.3,141,4.3
2025-06-06T04:00,17.3,94,16.3,0,869.8,79,24140,2.6,164,5.8
2025-06-06T05:00,17.1,97,16.6,0,870.7,92,24140,2.3,252,6.1
2025-06-06T06:00,17.8,95,17,0,871.3,78,24140,2.2,261,7.2
2025-06-06T07:00,18.6,89,16.8,0.5,871.9,84,22320,4.6,288,12.2
2025-06-06T08:00,20.1,77,15.9,0.1,872.3,61,5620,6.1,298,15.8
2025-06-06T09:00,21.3,70,15.6,0,872.5,49,9880,7.2,288,18.4
2025-06-06T10:00,22.8,63,15.4,0,872.5,69,19780,8.2,299,20.2
2025-06-06T11:00,23.1,61,15.2,0,872.7,71,19800,7.1,294,22
2025-06-06T12:00,23.4,59,15,0.2,872.3,79,24140,7.6,278,19.1
2025-06-06T13:00,24.1,60,15.8,0.1,871.8,85,19760,8.4,290,20.9
2025-06-06T14:00,23.8,63,16.4,0.2,871.4,97,19940,10.8,296,26.3
2025-06-06T15:00,23.1,65,16.1,0.5,870.6,83,19800,9.7,292,25.9
2025-06-06T16:00,22.9,64,15.7,0,870,74,19840,6.5,276,23
2025-06-06T17:00,22.2,71,16.7,0,870.6,72,21160,6.5,289,16.2
2025-06-06T18:00,21.2,74,16.4,0.1,870.8,65,24140,5.4,274,15.8
2025-06-06T19:00,20.4,80,16.8,0,871.2,48,24140,4.8,283,13.3
2025-06-06T20:00,19.7,85,17.1,0,871.1,39,24140,2.9,277,10.1
2025-06-06T21:00,19.2,89,17.3,0,871.3,16,24140,1.8,217,6.5
2025-06-06T22:00,18.9,90,17.2,0,871,0,24140,2,135,4.3
2025-06-06T23:00,18.7,86,16.3,0,871.1,0,24140,2.6,106,5
2025-06-07T00:00,18.2,86,15.8,0,870.5,0,24140,3.4,108,7.2
2025-06-07T01:00,17.8,86,15.4,0,870.2,5,24140,2.6,124,6.8
2025-06-07T02:00,17.4,89,15.5,0,870.1,5,24140,2.1,149,5
2025-06-07T03:00,17.2,89,15.3,0,869.7,0,24140,2.3,129,4.3
2025-06-07T04:00,17,90,15.3,0,869.5,0,24140,3.3,139,6.1
2025-06-07T05:00,16.6,87,14.4,0,870.2,0,24140,3.9,124,6.8
2025-06-07T06:00,18.2,82,15.1,0,871.2,0,24140,3.4,122,8.6
2025-06-07T07:00,20.9,68,14.7,0,872.3,0,24140,0.8,117,7.2
2025-06-07T08:00,22.3,64,15.2,0,872.6,52,24140,2.9,277,9.4
2025-06-07T09:00,23.5,60,15.3,0,872.5,72,24140,5,270,14
2025-06-07T10:00,24.5,55,14.8,0,872.1,86,24140,6.6,279,16.6
2025-06-07T11:00,25.3,50,14.1,0,872.4,80,24140,6.2,277,19.1
2025-06-07T12:00,26.1,47,13.9,0,871.9,95,24140,8,280,20.2
2025-06-07T13:00,25.8,49,14.3,0,871.3,100,24140,9.8,298,24.8
2025-06-07T14:00,25.5,51,14.6,0,870.5,93,24140,10.3,306,25.6
2025-06-07T15:00,25.1,52,14.6,0,869.8,77,24140,9.5,307,25.9
2025-06-07T16:00,25.2,51,14.3,0,869.4,73,24140,9,299,23
2025-06-07T17:00,24.3,54,14.4,0,870.1,78,24140,8.7,294,22
2025-06-07T18:00,23.4,60,15.2,0,869.9,61,24140,6.5,304,19.8
2025-06-07T19:00,22.3,68,16.1,0,870,68,24140,5.3,298,14
2025-06-07T20:00,21.3,75,16.7,0,870.2,26,24140,3.9,292,10.8
2025-06-07T21:00,20.6,80,17,0,870.7,0,24140,1.1,288,7.6
2025-06-07T22:00,20.5,79,16.7,0,870.8,0,24140,0.8,63,1.8
2025-06-07T23:00,19.6,86,17.2,0,870.3,24,24140,4,80,3.6
2025-06-08T00:00,19.2,86,16.8,0,870.1,11,24140,4.7,99,10.1
2025-06-08T01:00,19,86,16.6,0,869.7,28,24140,4.5,119,10.1
2025-06-08T02:00,18.6,87,16.4,0,869.4,5,24140,4.1,128,9.4
2025-06-08T03:00,18.1,88,16.1,0,869.1,12,24140,4.3,132,9
2025-06-08T04:00,17.8,89,15.9,0,868.6,10,24140,3.8,139,9
2025-06-08T05:00,17.4,90,15.7,0,869.4,29,24140,3.9,158,8.6
2025-06-08T06:00,19.1,86,16.7,0,869.8,30,24140,2.9,173,9
2025-06-08T07:00,21.4,75,16.8,0,870.9,41,24140,4.3,270,11.5
2025-06-08T08:00,22.5,69,16.5,0,871.1,63,24140,7.1,285,17.6
2025-06-08T09:00,23.4,65,16.4,0,871.2,77,24140,8.2,285,19.8
2025-06-08T10:00,24.6,60,16.3,0,871,59,24140,8,288,19.8
2025-06-08T11:00,25.5,57,16.4,0,871.3,70,24140,7.2,276,20.5
2025-06-08T12:00,26.6,52,16,0,870.8,62,24140,8,275,19.8
2025-06-08T13:00,27.4,50,16.1,0,870.5,63,24140,9.1,288,22.3
2025-06-08T14:00,27.6,49,15.9,0,870,81,24140,10.2,288,24.8
2025-06-08T15:00,27.2,52,16.5,0,869.3,77,24140,11.5,284,28.1
2025-06-08T16:00,26.6,54,16.5,0,868.6,87,24140,11.4,288,27.7
2025-06-08T17:00,25.5,59,16.9,0,868.8,85,24140,9.3,286,27
2025-06-08T18:00,24.4,65,17.4,0,869.1,68,24140,7.4,284,22.3
2025-06-08T19:00,23.4,72,18.1,0,869.8,44,24140,5.6,285,15.8
2025-06-08T20:00,22.8,77,18.5,0,869.9,36,24140,4.3,275,11.9
2025-06-08T21:00,22.3,80,18.7,0,870.1,23,24140,2.5,262,8.6
2025-06-08T22:00,21.9,82,18.7,0,869.8,4,24140,1.3,236,5.4
2025-06-08T23:00,21.7,84,18.8,0,870,56,24140,1.5,135,2.5
2025-06-09T00:00,21.4,86,18.9,0,869.8,53,24140,3.1,135,6.1
2025-06-09T01:00,21.1,87,18.8,0,869.7,29,24140,4.3,132,8.6
2025-06-09T02:00,20.7,86,18.3,0,869,40,24140,5,120,10.1
2025-06-09T03:00,20.4,87,18.1,0,868.8,38,24140,4,117,10.1
2025-06-09T04:00,19.9,89,18.1,0,868.4,45,24140,3.9,124,8.3
2025-06-09T05:00,19.5,90,17.8,0,869.2,62,24140,2.4,153,7.9
2025-06-09T06:00,20.8,87,18.6,0,869.8,61,24140,2.2,180,6.8
2025-06-09T07:00,22.4,77,18.2,0,870.9,73,24140,4.7,274,12.2
2025-06-09T08:00,23.5,72,18.1,0,870.9,72,24140,6.6,283,16.6
2025-06-09T09:00,24.6,67,18.1,0,871,79,24140,8.6,285,20.9
2025-06-09T10:00,25.7,63,18.1,0,870.8,56,24140,8.7,287,21.6
2025-06-09T11:00,27,59,18.3,0,870.8,75,24140,7.3,279,21.6
2025-06-09T12:00,28,54,17.8,0,870.2,73,24140,7.7,281,19.4
2025-06-09T13:00,28.6,51,17.5,0,869.9,85,24140,9.3,286,22.3
2025-06-09T14:00,28.6,50,17.1,0,868.8,83,24140,10.5,286,25.6
2025-06-09T15:00,28.2,52,17.4,0,868.1,89,24140,11.2,285,26.6
2025-06-09T16:00,27.9,53,17.5,0,867.4,92,24140,10.7,284,27
2025-06-09T17:00,26,64,18.7,0,867.6,70,24140,6.6,315,25.6
2025-06-09T18:00,25.4,67,18.8,0,867.7,87,24140,6.4,297,16.9
2025-06-09T19:00,24.5,73,19.3,0,868.4,63,24140,5,270,14.4
2025-06-09T20:00,23.9,77,19.6,0,868.7,32,24140,3.1,225,10.4
2025-06-09T21:00,23.6,78,19.6,0,869.7,56,24140,2.9,150,6.1
2025-06-09T22:00,23.1,82,19.8,0.1,869.3,71,24140,3.3,131,7.2
2025-06-09T23:00,22.7,85,20.1,0,869.8,83,24140,1.9,112,7.2
2025-06-10T00:00,22.5,86,20,0,869,66,24140,3.1,111,6.5
2025-06-10T01:00,21.8,88,19.7,0.2,869,80,24140,2.3,72,6.5
2025-06-10T02:00,21.4,89,19.5,0.1,868.8,30,24140,3.3,77,6.8
2025-06-10T03:00,21.1,91,19.5,0,868.4,22,24140,1.5,45,6.8
2025-06-10T04:00,20.9,91,19.3,0,868,100,24140,1.8,90,3.2
2025-06-10T05:00,20.8,91,19.3,0,868.7,29,24140,2.5,180,3.2
2025-06-10T06:00,22,86,19.5,0,869.2,24,24140,1.3,214,5.8
2025-06-10T07:00,23.2,80,19.6,0,870.1,53,24140,4.4,279,11.5
2025-06-10T08:00,24.4,74,19.5,0,870.1,58,24140,5.6,285,14.4
2025-06-10T09:00,25.8,66,19,0,870.2,70,24140,6,287,15.8
2025-06-10T10:00,27.4,59,18.7,0,870.2,59,24140,6.3,294,16.9
2025-06-10T11:00,28.8,54,18.5,0,870.5,69,24140,5.2,286,17.6
2025-06-10T12:00,29.9,49,18,0,870.1,78,24140,5.2,286,15.1
2025-06-10T13:00,29.3,51,18.1,0.2,869.8,78,24140,6.8,295,18.4
2025-06-10T14:00,29.3,55,19.3,0.1,869.3,55,24140,7.8,292,19.8
2025-06-10T15:00,28.7,59,19.9,0.2,868.8,87,24140,8.8,289,21.2
2025-06-10T16:00,27.8,62,19.9,0.3,867.9,100,24140,6.8,273,21.6
2025-06-10T17:00,25.6,72,20.2,0.2,868.1,100,24140,4.9,253,16.9
2025-06-10T18:00,25.2,73,20,0.1,868.5,65,24140,1.9,248,11.2
2025-06-10T19:00,24.7,77,20.4,0.1,869.1,58,24140,1.8,259,5.4
2025-06-10T20:00,24,80,20.4,0.1,869.6,42,24140,1.1,252,5
2025-06-10T21:00,23.6,82,20.3,0,870,57,24140,2.2,180,5.4
2025-06-10T22:00,23.3,84,20.4,0,870.1,49,24140,2.3,129,4.7
2025-06-10T23:00,21.8,90,20.1,0,870.1,40,24140,2.1,59,4.3
2025-06-11T00:00,21.7,93,20.5,0,869.5,53,24140,1.6,27,5.4
2025-06-11T01:00,21.6,93,20.4,0,869.3,42,24140,1.1,90,4.3
2025-06-11T02:00,21.7,91,20.1,0,868.8,49,24140,1.1,72,3.6
2025-06-11T03:00,21.9,87,19.6,0,868.8,60,24140,0.5,45,2.9
2025-06-11T04:00,21.9,82,18.7,0,868.7,68,24140,1.1,288,2.5
2025-06-11T05:00,21.1,87,18.9,0,869.9,68,24140,3.6,276,3.2
2025-06-11T06:00,21.2,89,19.3,0,870.1,61,24140,4,275,10.1
2025-06-11T07:00,22.6,84,19.7,0,870.6,78,24140,6.4,286,15.5
2025-06-11T08:00,24,78,19.9,0,870.8,68,24140,7.1,285,16.9
2025-06-11T09:00,25.3,71,19.7,0,871,65,24140,7.9,286,18.7
2025-06-11T10:00,26.5,65,19.4,0,871.2,77,24140,7.6,295,18.7
2025-06-11T11:00,27.6,61,19.4,0,870.9,64,24140,7.2,288,19.4
2025-06-11T12:00,28.2,56,18.6,0,870.8,67,24140,8.7,265,20.9
2025-06-11T13:00,28.7,52,17.8,0,870.6,73,24140,10.1,253,24.1
2025-06-11T14:00,28.1,56,18.5,0.1,870.2,82,24140,11.6,263,27
2025-06-11T15:00,26.7,65,19.6,0.4,869.5,89,24140,7.6,273,26.3
2025-06-11T16:00,25.5,75,20.7,0.4,868.9,100,24140,3.3,311,18
2025-06-11T17:00,23.2,79,19.3,1.6,868.7,91,24140,3.1,315,11.9
2025-06-11T18:00,23,80,19.3,0,869,72,24140,2.8,310,11.2
2025-06-11T19:00,22.6,83,19.6,0,869.3,61,24140,2.2,270,11.5
2025-06-11T20:00,22.4,84,19.6,0,869.9,42,24140,2.4,153,6.1
2025-06-11T21:00,21.9,87,19.7,0,870.2,29,24140,4.5,119,9
2025-06-11T22:00,21.5,88,19.4,0,870.3,0,24140,4.8,103,9.4
2025-06-11T23:00,21.1,91,19.6,0,869.7,0,24140,3.8,107,9.4
2025-06-12T00:00,20.8,92,19.5,0,869.3,0,24140,3.8,107,8.6
2025-06-12T01:00,20.6,93,19.4,0,869,4,24140,3.8,107,8.6
2025-06-12T02:00,20.4,92,19.1,0,868.7,0,24140,3.6,127,8.6
2025-06-12T03:00,20.2,93,19,0,868.4,7,24140,3.8,131,8.6
2025-06-12T04:00,19.9,93,18.8,0,868.1,12,24140,4.1,128,8.6
2025-06-12T05:00,19.9,95,19.1,0,869,38,24140,2.2,180,8.3
2025-06-12T06:00,21.6,90,19.9,0,869.8,4,24140,1.8,180,6.8
2025-06-12T07:00,23.2,80,19.6,0,870.6,17,24140,3.2,297,9
2025-06-12T08:00,24.5,72,19.1,0,870.8,66,24140,4.7,274,11.9
2025-06-12T09:00,25.8,65,18.7,0,870.8,56,24140,3.4,302,11.9
2025-06-12T10:00,27.2,59,18.5,0,870.7,61,20940,4.8,297,13.7
2025-06-12T11:00,27.3,59,18.6,0,871.3,92,19060,7.3,281,18.7
2025-06-12T12:00,27.7,64,20.2,0,870.8,84,19540,8.3,275,20.2
2025-06-12T13:00,26.4,71,20.7,0.5,870.5,100,5200,9.4,272,24.1
2025-06-12T14:00,25.7,76,21.2,0.7,869.6,100,24140,8.4,295,21.6
2025-06-12T15:00,24.7,80,21,1.2,869.1,100,13240,5.6,297,19.1
2025-06-12T16:00,24,83,21,0.7,868.5,100,20900,4.6,309,13.3
2025-06-12T17:00,23.6,83,20.5,0.8,868.8,100,24140,1.6,333,10.8
2025-06-12T18:00,23.2,83,20.2,0,869.1,100,24140,1.3,56,5.8
2025-06-12T19:00,22.8,86,20.4,0,869.7,100,24140,2.6,56,5.4
2025-06-12T20:00,22.2,89,20.3,0,869.8,100,22880,3.7,79,7.2
2025-06-12T21:00,21.7,90,20,0,870,72,24140,5.1,94,10.4
2025-06-12T22:00,21.4,90,19.7,0,869.9,51,24140,5.5,101,11.2
2025-06-12T23:00,21.2,92,19.9,0,870.1,1,24140,4,90,10.8
2025-06-13T00:00,21.2,91,19.6,0,869.8,0,24140,3.6,96,8.6
2025-06-13T01:00,20.7,93,19.5,0,869.7,0,24140,4,100,7.9
2025-06-13T02:00,20.4,93,19.2,0,869.5,21,24140,4,117,7.9
2025-06-13T03:00,20.4,93,19.2,0,869,40,24140,5.5,101,11.2
2025-06-13T04:00,20.4,91,18.9,0,868.6,25,24140,5.5,101,11.9
2025-06-13T05:00,20.6,93,19.4,0,869.5,100,24140,3.9,112,11.5
2025-06-13T06:00,21.6,88,19.5,0,870.2,100,24140,3.6,96,9
2025-06-13T07:00,23,81,19.6,0,871.3,100,20520,3.6,90,10.4
2025-06-13T08:00,24.1,75,19.4,0.2,871.6,100,19620,1.1,90,10.4
2025-06-13T09:00,25.4,70,19.5,0,871.8,100,24140,1.8,323,11.9
2025-06-13T10:00,25.5,73,20.3,0.2,871.5,100,19320,6.5,304,19.4
2025-06-13T11:00,25.6,75,20.9,2.2,871.8,100,19500,6.5,289,20.9
2025-06-13T12:00,24.9,80,21.2,4,870.9,100,19560,7.9,294,19.4
2025-06-13T13:00,24.5,81,21,1.8,870.7,100,24140,8.1,302,21.6
2025-06-13T14:00,24.4,81,20.9,0.6,869.9,100,24140,7.7,311,19.8
2025-06-13T15:00,24.5,80,20.8,0.7,869.4,100,19680,6.5,304,18.4
2025-06-13T16:00,24.2,80,20.5,0.7,869,100,19960,5.6,297,16.2
2025-06-13T17:00,23.1,83,20.1,0.4,869,100,19960,1.5,284,13.7
2025-06-13T18:00,23.1,83,20.1,0,868.9,100,24140,1.1,180,4.7
2025-06-13T19:00,22.8,86,20.4,0,868.9,100,24140,2.3,141,5
2025-06-13T20:00,22.3,89,20.4,0,869,100,24140,3.3,139,6.5
2025-06-13T21:00,21.8,92,20.4,0,868.7,100,24140,4.2,121,8.6
2025-06-13T22:00,21.3,93,20.1,0,868.4,37,24140,4.6,108,9.4
2025-06-13T23:00,20.5,95,19.7,0,868.6,46,24140,3.5,114,9.7
2025-06-14T00:00,20.4,95,19.5,0,868.4,23,24140,4.2,110,9.4
2025-06-14T01:00,20.1,94,19.1,0,868.3,19,24140,4.6,108,10.1
2025-06-14T02:00,20,92,18.6,0,867.9,8,24140,3.9,112,10.1
2025-06-14T03:00,19.7,92,18.4,0,867.7,5,24140,3.4,122,9
2025-06-14T04:00,19.5,92,18.1,0,867.4,18,24140,3.3,131,7.9
2025-06-14T05:00,19.3,95,18.5,0,868,46,24140,3.6,186,7.6
2025-06-14T06:00,20.8,91,19.3,0,868.4,10,24140,1.8,180,8.6
2025-06-14T07:00,22.4,83,19.3,0,869.2,11,24140,1.8,270,7.2
2025-06-14T08:00,23.8,73,18.7,0,869.5,56,24140,4.3,270,12.6
2025-06-14T09:00,25.2,64,17.9,0,870,52,24140,5.9,281,16.2
2025-06-14T10:00,26.3,58,17.4,0,869.5,58,24140,6.5,289,18
2025-06-14T11:00,27.7,53,17.2,0,869.9,71,23720,6,287,18.4
2025-06-14T12:00,28.1,52,17.3,0,869.2,83,24140,8,297,20.2
2025-06-14T13:00,28.5,50,17,0,868.6,77,24140,10.3,295,25.9
2025-06-14T14:00,28.1,51,17,0,867.8,100,24140,10.1,270,26.3
2025-06-14T15:00,27.3,56,17.7,0,866.9,100,24080,10,255,25.9
2025-06-14T16:00,25.3,74,20.4,0.1,866.7,100,24140,7,258,24.8
2025-06-14T17:00,25.2,76,20.7,1.4,866.8,100,24140,5,240,17.3
2025-06-14T18:00,24.2,80,20.5,0,866.8,100,24140,2.6,236,12.2
2025-06-14T19:00,23.5,82,20.2,0.1,867.1,100,24140,2.5,82,6.5
2025-06-14T20:00,22.8,85,20.1,0,867.3,100,24140,5.1,94,10.4
2025-06-14T21:00,22.2,86,19.7,0,868,75,24140,5.4,94,11.9
2025-06-14T22:00,21.8,87,19.5,0,868.4,40,24140,6.1,90,13
2025-06-14T23:00,21.7,87,19.5,0,867.9,41,24000,3.2,117,13
2025-06-15T00:00,21.3,89,19.4,0,867.4,35,20520,3.9,112,8.6
2025-06-15T01:00,21,89,19.1,0,866.7,42,23060,4.3,90,10.1
2025-06-15T02:00,20.6,89,18.7,0,866.3,44,19400,4.8,103,13.3
2025-06-15T03:00,20.4,89,18.5,0.1,866.3,95,24140,5.9,101,13.3
2025-06-15T04:00,20.4,89,18.5,0,866.2,82,24140,4.7,94,12.6
2025-06-15T05:00,20.3,89,18.4,0,867.4,96,24140,4.3,85,12.2
2025-06-15T06:00,20.9,85,18.3,0,867.6,85,20720,4,85,10.8
2025-06-15T07:00,22.1,82,18.9,0,868.5,56,6140,2.9,83,10.4
2025-06-15T08:00,23.7,74,18.8,0,869,93,5140,0.8,207,9
2025-06-15T09:00,24.6,70,18.8,0.1,868.8,100,7120,2.7,293,10.1
2025-06-15T10:00,25.4,68,19,0,868.6,100,6820,2.5,278,9.7
2025-06-15T11:00,26.2,65,19.1,0,868.5,100,5160,4.1,232,13
2025-06-15T12:00,26.4,67,19.8,0,868,100,5420,6.1,270,15.1
2025-06-15T13:00,24.8,79,20.9,1.3,867.6,100,19580,5.9,313,16.6
2025-06-15T14:00,24.5,82,21.2,4.5,867,100,4920,5.4,323,14.8
2025-06-15T15:00,24.4,82,21.1,3.1,866.1,100,19660,2.6,304,13.3
2025-06-15T16:00,24.3,82,21,1.4,865.5,100,6280,2.3,342,9
2025-06-15T17:00,23.6,86,21.1,2.1,866,100,9720,3.4,302,9.4
2025-06-15T18:00,22.6,89,20.7,0.6,866.2,100,10480,1,315,9.7
2025-06-15T19:00,21.9,89,20,0.2,866.5,94,10360,3.4,72,8.6
2025-06-15T20:00,21.8,89,19.9,0,867.2,46,9340,5,90,10.8
2025-06-15T21:00,21.6,88,19.5,0,867.9,87,20400,6.2,83,13
2025-06-15T22:00,21.5,87,19.2,0,867.9,82,4660,5.4,86,13.3
2025-06-15T23:00,21,90,19.3,0,868.4,88,5160,4.5,76,11.5
2025-06-16T00:00,20.8,91,19.3,0,867.5,88,6020,4.2,70,9.7
2025-06-16T01:00,20.6,92,19.2,0,866.9,86,4260,4.7,94,9.4
2025-06-16T02:00,20.4,92,19.1,0,866.3,99,3720,4,95,9.7
2025-06-16T03:00,20.1,93,18.9,0,865.7,100,2860,3.4,108,8.3
2025-06-16T04:00,19.9,94,18.9,0,865.3,100,10580,3,104,6.8
2025-06-16T05:00,19.7,95,18.8,0,865.9,100,20380,1.5,135,6.5
2025-06-16T06:00,20.8,92,19.4,0,866.8,100,20660,1.1,180,4.7
2025-06-16T07:00,22,84,19.1,0,867.8,80,24140,1.4,270,5.4
2025-06-16T08:00,22.9,78,18.9,0,868.1,82,24140,1.5,284,6.1
2025-06-16T09:00,24.2,73,19,0,868.4,78,24140,2.6,326,10.4
2025-06-16T10:00,25.2,72,19.8,0,868.6,86,24140,4.1,308,14.8
2025-06-16T11:00,26.1,68,19.7,0.1,868.9,86,24140,6.5,276,16.9
2025-06-16T12:00,25.6,73,20.4,0.7,868,100,24140,8.3,288,21.2
2025-06-16T13:00,25.6,74,20.6,0.7,867.3,100,24140,7.6,301,20.5
2025-06-16T14:00,25.3,76,20.8,0.9,866.6,100,24140,7.2,297,22
2025-06-16T15:00,24.8,79,20.9,4,866.1,100,24140,6.4,297,18.7
2025-06-16T16:00,24.1,82,20.8,3.2,865.1,100,24140,5.9,281,16.2
2025-06-16T17:00,22.9,85,20.2,1.5,865,100,24140,3.8,287,14
2025-06-16T18:00,22.6,85,19.9,0.1,864.9,100,24140,1.4,180,9.4
2025-06-16T19:00,22.6,85,19.9,0,866.1,100,22220,2.9,120,7.9
2025-06-16T20:00,22.1,87,19.9,0.3,867.2,100,10740,2.5,90,7.9
2025-06-16T21:00,21.9,87,19.7,0.7,867.9,100,11860,2.5,98,7.9
2025-06-16T22:00,21.8,87,19.5,1.1,868.2,100,9700,2.3,129,7.2
2025-06-16T23:00,21.4,90,19.7,0.7,868.5,100,6760,1.5,135,7.2
2025-06-17T00:00,21.1,90,19.4,1.3,868,95,9100,2.3,108,5.4
2025-06-17T01:00,20.9,90,19.2,0.7,867.3,91,6080,3.3,96,7.6
2025-06-17T02:00,20.6,92,19.2,0,866.6,60,8400,3.2,90,7.9
2025-06-17T03:00,20.2,94,19.2,0,865.9,44,9140,3.3,96,7.2
2025-06-17T04:00,19.9,95,19.1,0,865.7,41,15120,2.5,90,6.8
2025-06-17T05:00,20.1,95,19.2,0,866.4,45,24140,0.5,135,5.8
2025-06-17T06:00,20.6,93,19.4,0,866.9,59,24140,0.4,180,3.6
2025-06-17T07:00,21.8,86,19.3,0,867.5,72,24140,0.7,270,5
2025-06-17T08:00,23,78,18.9,0.1,868,80,24140,1.8,307,7.2
2025-06-17T09:00,24,73,18.9,0,868.6,84,24140,4.2,301,11.9
2025-06-17T10:00,24.7,75,19.9,0,868.6,82,24140,6.6,292,18.7
2025-06-17T11:00,24.2,79,20.3,0.4,867.9,89,12460,7.9,286,21.6
2025-06-17T12:00,24.8,77,20.5,0.2,867.6,89,11040,9,286,21.6
2025-06-17T13:00,25.6,73,20.4,0.1,867.1,92,20180,9.3,286,22.7
2025-06-17T14:00,25.3,76,20.7,0.8,866.7,100,11080,9.6,283,23.8
2025-06-17T15:00,24.6,78,20.5,1,865.8,100,5440,8.4,295,22.7
2025-06-17T16:00,24.1,80,20.5,0.6,865.2,100,7660,6.4,297,20.2
2025-06-17T17:00,23.7,83,20.7,0.5,865.2,100,19220,6.5,276,15.8
2025-06-17T18:00,22.7,89,20.8,1.7,865.4,100,7000,5.4,290,17.6
2025-06-17T19:00,22.2,92,20.8,1.4,866.2,100,20100,3.8,287,15.5
2025-06-17T20:00,21.8,94,20.8,1.8,866.9,100,24140,3,284,11.5
2025-06-17T21:00,21.5,95,20.6,1.8,867.3,100,24140,2.6,286,8.6
2025-06-17T22:00,21.1,96,20.5,2.1,867.1,100,24140,3.2,297,8.3
2025-06-17T23:00,20.7,96,20.1,1.5,866.7,100,24140,2.4,297,8.6
2025-06-18T00:00,20.5,96,19.9,1.1,866.2,99,24140,3,284,9.4
2025-06-18T01:00,20.3,96,19.6,0.6,865.6,100,24140,1.5,256,8.6
2025-06-18T02:00,20.2,97,19.7,0,865.2,97,24140,1.8,281,6.1
2025-06-18T03:00,20,98,19.6,0,864.6,85,24140,2.9,270,7.6
2025-06-18T04:00,19.9,98,19.5,0,864.1,89,24140,4.1,285,10.1
2025-06-18T05:00,19.8,99,19.7,0,864.4,92,24140,5.4,274,11.2
2025-06-18T06:00,20.5,95,19.6,0,865,88,24140,5.9,284,15.1
2025-06-18T07:00,21.3,91,19.7,0,865.9,81,24140,5.6,285,14.8
2025-06-18T08:00,22.7,82,19.4,0,866.3,81,24140,6.5,289,15.8
2025-06-18T09:00,23.9,75,19.2,0,866.6,78,11420,6.7,286,16.9
2025-06-18T10:00,24.5,72,19.1,0.1,866.5,86,7080,7,282,18
2025-06-18T11:00,25.8,64,18.5,0,866.7,70,6640,7.3,281,17.6
2025-06-18T12:00,26.1,64,18.7,0,866.1,93,6060,8.8,289,20.9
2025-06-18T13:00,25.5,73,20.3,0.3,865.5,90,19500,9.7,297,23.4
2025-06-18T14:00,24.9,76,20.3,0.9,864.8,89,19580,10.5,292,25.6
2025-06-18T15:00,24.4,77,20.1,0.3,864.2,100,19620,7.9,294,25.2
2025-06-18T16:00,24,78,19.9,0.1,863.9,100,19700,6.8,295,19.4
2025-06-18T17:00,23.2,84,20.4,0.2,863.8,97,24140,5.5,281,18.4
2025-06-18T18:00,22.5,87,20.2,0.6,864.3,99,11440,4.7,274,14.4
2025-06-18T19:00,21.9,91,20.4,0.9,864.8,95,9160,3.7,281,13
2025-06-18T20:00,21.5,94,20.5,1,865.2,100,24140,3.2,333,10.1
2025-06-18T21:00,21.3,94,20.3,0.9,865.5,100,24140,2.9,360,8.6
2025-06-18T22:00,21.3,94,20.3,0.6,865.5,98,24140,1.1,162,6.5
2025-06-18T23:00,21,94,20,0.1,865.6,78,24140,1.5,225,6.1
2025-06-19T00:00,20.9,94,19.9,0,864.8,79,24140,1.5,225,4.7
2025-06-19T01:00,20.6,96,20,0.1,864,85,24140,1.8,233,10.1
2025-06-19T02:00,20.3,97,19.8,0,863.5,87,24140,1.5,256,10.4
2025-06-19T03:00,20.1,98,19.8,0,863,87,24140,2.1,239,6.5
2025-06-19T04:00,20,99,19.8,0,863.1,89,24140,1,225,6.8
2025-06-19T05:00,20,99,19.8,0,863.5,89,24140,3,284,4
2025-06-19T06:00,20.5,96,19.8,0,864,86,24140,2.3,288,7.2
2025-06-19T07:00,22,87,19.8,0,865.1,71,24140,3.7,299,9.7
2025-06-19T08:00,23.7,77,19.4,0,865.7,84,24140,3.5,294,10.1
2025-06-19T09:00,25,70,19.2,0,866.3,85,12200,2.5,278,10.1
2025-06-19T10:00,26,65,18.9,0,866.7,87,20940,2.4,297,9.4
2025-06-19T11:00,27.1,61,18.9,0,866.1,95,11540,4.7,247,10.4
2025-06-19T12:00,27.4,61,19.2,0,865.4,93,260,5.2,245,13.3
2025-06-19T13:00,26.3,67,19.7,0.2,865.1,100,180,6.6,209,15.8
2025-06-19T14:00,25,77,20.7,1.2,864.8,100,200,4.8,207,14.8
2025-06-19T15:00,24.4,80,20.7,3,864.6,100,540,3.9,202,12.2
2025-06-19T16:00,23.8,83,20.8,1.6,864.4,100,980,4.4,215,10.4
2025-06-19T17:00,23.6,85,20.9,3.5,864.7,100,2060,4.3,222,10.4
2025-06-19T18:00,23.1,86,20.6,2.1,864.9,100,2000,3.1,201,9.4
2025-06-19T19:00,22.7,87,20.4,1.9,865.5,100,13720,1.8,191,7.6
2025-06-19T20:00,22.4,88,20.3,2.3,866.2,100,14180,2.2,180,6.1
2025-06-19T21:00,22.1,89,20.2,2.4,866.7,100,6060,1.5,284,5.8
2025-06-19T22:00,21.7,93,20.5,4.1,866.8,100,6640,3.2,297,8.6
2025-06-19T23:00,21.2,93,20,4.4,866.9,100,10780,2.3,309,8.6
2025-06-20T00:00,20.9,95,20,2.9,866.1,100,8820,1.9,338,6.8
2025-06-20T01:00,20.6,96,20,1.6,865.7,100,5760,3.8,319,9.4
2025-06-20T02:00,20.5,97,20,1.2,865.3,100,2800,4,297,11.2
2025-06-20T03:00,20.5,97,20,1.2,865.1,100,1300,3.7,259,10.1
2025-06-20T04:00,20.4,97,19.9,0.9,864.7,100,1120,2.9,277,9
2025-06-20T05:00,20.2,97,19.7,0.9,865.5,100,1160,2.9,270,6.5
2025-06-20T06:00,20.5,95,19.6,1,866,100,9460,0,270,6.1
2025-06-20T07:00,21,93,19.8,0.9,867,100,19280,1.5,76,5
2025-06-20T08:00,21.8,90,20.1,0.5,867.1,98,9400,3.1,45,9.7
2025-06-20T09:00,23,83,20,0,867.3,97,11040,3.2,27,9
2025-06-20T10:00,24.1,78,20,0,867,98,9720,3.6,315,9.4
2025-06-20T11:00,24.1,82,20.8,0.1,867.1,91,19300,6,287,13.7
2025-06-20T12:00,24.9,79,21,0.7,866.6,100,11240,7.6,273,17.3
2025-06-20T13:00,24.8,79,20.9,1.1,866.5,100,19320,9,268,20.2
2025-06-20T14:00,24.5,81,21,5.7,866.2,100,4800,8.3,265,21.2
2025-06-20T15:00,23.4,86,20.9,4.7,865.5,100,6680,7.4,256,22.7
2025-06-20T16:00,22.8,89,20.9,3.4,865.3,100,6240,5.7,252,17.3
2025-06-20T17:00,22.7,90,21,3.1,865.7,100,19820,2.6,254,12.6
2025-06-20T18:00,22.2,91,20.6,2.5,865.8,100,540,0,270,7.9
2025-06-20T19:00,22,91,20.4,2.5,866.4,100,340,1.1,72,5
2025-06-20T20:00,21.9,90,20.2,2,867.1,100,280,1.1,90,5.8
2025-06-20T21:00,21.9,90,20.2,0.8,867.7,100,420,0.7,90,6.8
2025-06-20T22:00,21.7,90,20,0.5,867.8,100,560,2.2,360,7.9
2025-06-20T23:00,20.9,94,19.9,0.8,867.4,100,240,3.1,324,8.3
2025-06-21T00:00,20.7,96,20,0.8,866.9,100,360,3.3,319,7.6
2025-06-21T01:00,20.5,97,20,1.3,866.6,100,740,2.5,315,8.3
2025-06-21T02:00,20.4,97,19.9,1.2,866.3,100,1260,1.9,248,5.8
2025-06-21T03:00,20.4,96,19.8,0,865.8,99,10720,1.9,202,6.5
2025-06-21T04:00,20.5,96,19.9,0,865.4,98,23420,3.1,144,6.8
2025-06-21T05:00,20.6,96,20,0,865.7,79,24140,2.8,140,9.4
2025-06-21T06:00,21.4,92,20.1,0,866.4,74,24140,4.3,95,10.1
2025-06-21T07:00,22.8,86,20.4,0,867.4,72,22380,3.2,117,11.2
2025-06-21T08:00,24.3,77,20,0,868,80,7420,0.7,270,9
2025-06-21T09:00,25,77,20.7,0,868.5,79,8600,3.9,326,18.7
2025-06-21T10:00,25.2,79,21.3,0.8,868.2,100,24140,4.1,322,20.5
2025-06-21T11:00,26,74,21,0.4,868.7,100,22400,2.5,270,19.4
2025-06-21T12:00,26.1,75,21.3,0.4,868.1,100,24140,2.2,279,16.9
2025-06-21T13:00,25.8,77,21.4,1.5,867.7,100,24140,1.5,315,15.1
2025-06-21T14:00,25.3,79,21.4,2,866.9,100,24140,1.6,297,11.9
2025-06-21T15:00,24.6,82,21.3,2.1,866.2,100,24140,2.3,252,11.2
2025-06-21T16:00,23.9,85,21.2,1.7,865.9,100,24140,1.1,270,10.1
2025-06-21T17:00,23.9,83,20.8,0.9,866.5,100,24140,1.6,297,7.6
2025-06-21T18:00,23.1,85,20.4,0.4,866.5,100,24140,2.2,9,7.2
2025-06-21T19:00,22.6,89,20.7,0,866.5,51,24140,1.1,360,6.8
2025-06-21T20:00,22.2,91,20.7,0,867,65,15100,3.3,84,7.2
2025-06-21T21:00,22.2,90,20.5,0,867.6,80,14320,4.3,95,10.1
2025-06-21T22:00,22.1,89,20.2,0,867.8,100,2700,4.7,90,12.2
2025-06-21T23:00,21.5,90,19.8,0,868.3,100,980,5.4,86,10.8
2025-06-22T00:00,21.2,91,19.6,0,867.3,64,800,5.2,102,11.5
2025-06-22T01:00,21,93,19.8,0,866.7,67,1060,4.3,95,11.2
2025-06-22T02:00,20.9,94,19.9,0,866.5,59,7120,3.4,108,9.7
2025-06-22T03:00,20.8,94,19.8,0,866.3,65,24140,4.3,95,9.4
2025-06-22T04:00,20.7,93,19.5,0,866.5,62,24140,4.7,99,10.4
2025-06-22T05:00,20.6,94,19.6,0,866.7,51,24140,4.2,110,10.8
2025-06-22T06:00,21.4,89,19.5,0,867.5,58,24140,5.4,98,13
2025-06-22T07:00,22.6,83,19.5,0,868.1,50,24140,5.2,102,13.7
2025-06-22T08:00,23.9,77,19.6,0,868.2,80,20280,3.1,126,13.3
2025-06-22T09:00,25.4,69,19.3,0,868.5,96,17220,1.5,104,10.1
2025-06-22T10:00,26.7,63,19.1,0,868.2,97,16220,0.7,90,7.9
2025-06-22T11:00,26.5,65,19.4,0.1,868.7,100,8740,4.9,253,14.8
2025-06-22T12:00,26.1,73,20.9,0.6,867.9,100,21100,6.1,267,16.6
2025-06-22T13:00,25.2,79,21.3,3.7,867.2,100,24140,4.7,266,18
2025-06-22T14:00,24.7,82,21.4,3.5,866.8,100,23400,6.2,263,18
2025-06-22T15:00,23.7,86,21.2,2.2,866,100,24140,5.5,259,17.6
2025-06-22T16:00,23.3,87,21,1.2,865.4,100,24140,5.1,266,14
2025-06-22T17:00,22.9,91,21.4,1.3,865.4,100,24140,3.2,270,13.7
2025-06-22T18:00,22.4,90,20.7,0.6,865.2,100,24140,1.9,202,8.6
2025-06-22T19:00,22.4,90,20.6,0,866.1,84,24140,0.7,90,6.8
2025-06-22T20:00,22.3,90,20.5,0,866.6,71,24140,3.1,69,8.3
2025-06-22T21:00,22,91,20.5,0,867,78,24140,3.2,90,10.8
2025-06-22T22:00,22.1,90,20.4,0,866.9,70,24140,3.7,101,10.4
2025-06-22T23:00,21.8,89,19.9,0.1,867.2,62,22060,4.6,108,13
2025-06-23T00:00,21.6,90,19.9,0,866.3,59,23160,4.3,85,10.8
2025-06-23T01:00,21.3,91,19.8,0.1,865.7,77,24140,4,95,13.3
2025-06-23T02:00,21.1,91,19.5,0.6,865.2,68,24140,3,104,13
2025-06-23T03:00,20.9,92,19.6,0.1,865.3,80,24140,2.5,98,10.1
2025-06-23T04:00,20.8,92,19.4,0.5,865.2,81,19560,2.2,99,9.7
2025-06-23T05:00,20.9,93,19.7,0,865.7,73,19740,4,100,9
2025-06-23T06:00,21.2,92,19.9,0,865.9,51,19740,4.3,114,10.8
2025-06-23T07:00,22.6,84,19.8,0,866.5,54,19400,4.7,99,12.6
2025-06-23T08:00,24.1,76,19.6,0,866.7,71,19820,2.2,99,11.5
2025-06-23T09:00,25.3,74,20.4,0,867,59,19560,0.5,135,10.8
2025-06-23T10:00,26.1,68,19.8,0,866.5,86,5060,1.1,252,12.2
2025-06-23T11:00,25.2,74,20.3,0.3,866.4,92,5700,4.3,270,16.6
2025-06-23T12:00,24.9,78,20.8,1,865.8,94,5640,5.8,263,16.6
2025-06-23T13:00,24.7,79,20.8,1.1,865.2,98,5640,7.2,252,18
2025-06-23T14:00,23.7,84,20.8,2.7,864.5,100,5720,7,249,19.4
2025-06-23T15:00,23.1,86,20.6,2.6,863.5,100,5500,5.5,247,16.9
2025-06-23T16:00,23.1,86,20.6,1,863.4,91,6500,4.3,246,13.3
2025-06-23T17:00,23,88,20.9,1.6,863.4,92,8840,4,265,11.9
2025-06-23T18:00,22.4,90,20.6,0.9,863.9,92,24140,1.1,270,9.4
2025-06-23T19:00,21.9,91,20.4,0.8,864.1,91,24140,0,270,4
2025-06-23T20:00,21.7,91,20.2,0.9,864.8,90,24140,1.6,117,4.3
2025-06-23T21:00,21.6,90,19.9,0.8,865.5,90,24140,2.2,99,6.5
2025-06-23T22:00,21.4,90,19.7,0.4,865.4,90,24140,2.5,82,7.2
2025-06-23T23:00,21.2,90,19.5,0.4,865.6,83,24140,3.5,66,7.9
2025-06-24T00:00,21.1,91,19.5,0,864.9,82,24140,3.5,66,8.3
2025-06-24T01:00,20.9,91,19.4,0,864.1,81,12220,2.5,90,7.9
2025-06-24T02:00,20.7,91,19.2,0,863.6,73,24140,2.4,117,6.5
2025-06-24T03:00,20.5,93,19.3,0,863.3,76,24140,2.2,99,5.8
2025-06-24T04:00,20.4,93,19.2,0,863.3,71,24140,2.6,106,5.8
2025-06-24T05:00,20.8,91,19.2,0,863.7,70,24140,4.5,104,6.8
2025-06-24T06:00,21.2,88,19.2,0,864.5,56,24140,4.8,103,11.9
2025-06-24T07:00,22.4,83,19.3,0,865.3,72,24140,3.8,107,12.6
2025-06-24T08:00,23.6,77,19.3,0,865.5,72,9300,1.8,101,10.1
2025-06-24T09:00,24.9,70,19,0,865.3,79,9360,0.4,90,7.6
2025-06-24T10:00,26.2,63,18.6,0,865.2,86,9680,1,225,6.5
2025-06-24T11:00,27.2,59,18.5,0,865.6,94,19840,4.7,238,10.8
2025-06-24T12:00,27,63,19.3,0.1,865.5,92,22640,7,258,17.6
2025-06-24T13:00,25.1,76,20.5,1,865.1,100,20260,8,265,20.2
2025-06-24T14:00,24.3,81,20.8,1.9,865,100,20100,8.6,268,20.9
2025-06-24T15:00,23.3,85,20.7,1.9,864.4,100,23420,5.9,281,20.5
2025-06-24T16:00,22.8,87,20.5,0.5,864,90,24140,3.9,304,14.4
2025-06-24T17:00,22.8,87,20.5,0.3,863.9,90,24140,1.1,360,9.7
2025-06-24T18:00,22.7,87,20.4,0.1,864.3,86,24140,1.8,53,5.4
2025-06-24T19:00,22.5,87,20.2,0.2,864.7,89,24140,2.5,82,7.2
2025-06-24T20:00,22.5,87,20.2,0,865.7,96,23480,4.2,110,10.1
2025-06-24T21:00,22.4,86,20,0,866.7,94,2060,5.2,106,13.7
2025-06-24T22:00,22.1,87,19.9,0,867.3,96,660,5.2,102,14.4
2025-06-24T23:00,21.4,89,19.5,0,867.9,100,980,3.9,68,13.3
2025-06-25T00:00,21.2,90,19.5,0.1,866.9,100,2440,4.5,76,15.1
2025-06-25T01:00,21.1,91,19.5,0.1,866.8,97,13580,3,104,14
2025-06-25T02:00,21.1,91,19.5,0,866.5,99,24060,1.1,90,8.3
2025-06-25T03:00,21,92,19.6,0,866.6,95,23500,1.5,135,5
2025-06-25T04:00,21,91,19.5,0,866.3,100,19200,1.8,90,5.4
2025-06-25T05:00,20.6,94,19.6,0,866.2,84,24140,2.6,146,8.6
2025-06-25T06:00,21.3,89,19.4,0,866.8,83,24140,3.9,112,11.2
2025-06-25T07:00,22.2,84,19.4,0,867.9,80,24140,2.4,117,11.2
2025-06-25T08:00,23.4,76,18.9,0,868.3,79,21540,1.6,117,9
2025-06-25T09:00,24.6,70,18.7,0,868.7,89,21140,1.1,162,7.9
2025-06-25T10:00,25.6,64,18.3,0,868.4,96,20260,0.8,207,8.3
2025-06-25T11:00,26.9,58,18,0,868.9,92,22480,0.5,225,7.2
2025-06-25T12:00,26.7,59,18,0,868.3,92,15940,1.8,281,8.3
2025-06-25T13:00,26.7,64,19.3,0,868.4,85,22000,4.5,299,16.6
2025-06-25T14:00,25.2,78,21.1,1.3,867.5,89,22640,6.6,315,22.3
2025-06-25T15:00,24.6,82,21.3,2.2,867,88,23120,5.5,293,22
2025-06-25T16:00,23.7,85,21,1.6,866.6,100,21440,4.5,299,19.8
2025-06-25T17:00,23.1,89,21.2,1.9,866.7,100,24140,2.9,300,15.5
2025-06-25T18:00,22.6,90,20.8,1.9,867,93,24140,0.7,360,9.4
2025-06-25T19:00,22.5,89,20.6,1.8,867.7,91,24140,0.8,117,4.7
2025-06-25T20:00,22.3,89,20.4,1.8,868.9,81,24140,2.3,51,7.6
2025-06-25T21:00,22,90,20.3,0.3,869.6,70,24140,3.1,54,9
2025-06-25T22:00,21.7,91,20.2,0,869.5,65,24140,2.9,83,7.2
2025-06-25T23:00,21.4,91,19.8,0,869.7,41,24140,2.5,90,6.8
2025-06-26T00:00,21,93,19.8,0,868.9,14,24140,3.4,122,7.6
2025-06-26T01:00,20.8,94,19.8,0,868.4,12,24140,3.1,126,7.6
2025-06-26T02:00,20.4,95,19.6,0,868,21,24140,2.2,99,6.8
2025-06-26T03:00,20.3,95,19.5,0,867.9,41,24140,1.9,112,4.7
2025-06-26T04:00,20.1,96,19.5,0,867.7,50,24140,3,104,6.5
2025-06-26T05:00,20,97,19.5,0,868,50,24140,1.5,166,7.9
2025-06-26T06:00,21.1,93,19.9,0,868.9,60,24140,0.7,90,4
2025-06-26T07:00,22.3,85,19.7,0,869.9,62,24140,0.7,90,5.8
2025-06-26T08:00,23.6,77,19.4,0,870.4,84,19400,1.1,18,5.8
2025-06-26T09:00,24.9,72,19.5,0,870.3,93,4740,2.8,50,10.1
2025-06-26T10:00,25.9,68,19.6,0,870.2,77,19540,1.6,63,10.1
2025-06-26T11:00,26.4,65,19.3,0,870.4,88,23400,2.5,270,16.2
2025-06-26T12:00,26.4,68,20,0.2,870.1,73,19240,4.4,279,16.2
2025-06-26T13:00,25.9,75,21.1,0.4,869.9,100,19240,5.2,304,19.8
2025-06-26T14:00,24.8,81,21.3,1.5,869.2,100,21860,3.8,311,20.2
2025-06-26T15:00,24.2,82,21,0.9,868.1,100,21080,4.3,312,18
2025-06-26T16:00,23.8,83,20.7,0.8,867.6,100,24140,4,297,15.8
2025-06-26T17:00,22.6,89,20.7,0.7,868,100,24140,3.4,328,13.3
2025-06-26T18:00,22.3,89,20.4,0.4,867.8,100,24140,1.4,360,10.1
2025-06-26T19:00,22.2,90,20.5,0,867.9,86,24140,3.6,96,8.3
2025-06-26T20:00,22,90,20.3,0,868.6,62,24140,5,90,10.8
2025-06-26T21:00,21.9,90,20.2,0,869.3,75,24140,4.7,90,11.2
2025-06-26T22:00,21.7,91,20.2,0.2,869.2,64,24140,3.6,90,10.4
2025-06-26T23:00,21.2,91,19.7,0,869.1,69,24140,3.3,84,7.6
2025-06-27T00:00,20.9,93,19.7,0,868.3,33,24140,3.1,126,6.8
2025-06-27T01:00,20.5,95,19.7,0,867.9,31,24140,3.1,126,6.8
2025-06-27T02:00,20.3,95,19.4,0,867.3,15,24140,1.9,112,6.1
2025-06-27T03:00,20.1,96,19.5,0,867.2,31,24140,1.1,108,4
2025-06-27T04:00,19.9,96,19.3,0,866.9,56,22840,0.8,63,2.2
2025-06-27T05:00,19.7,98,19.4,0,867.3,76,24140,2.5,278,3.6
2025-06-27T06:00,20.5,95,19.7,0,867.4,82,24140,1.9,292,5.8
2025-06-27T07:00,21.9,87,19.7,0,868.5,74,24140,3.2,297,9
2025-06-27T08:00,23.4,79,19.6,0,868.9,82,24140,2,315,8.6
2025-06-27T09:00,24.8,73,19.6,0,869,90,11860,1.3,34,7.2
2025-06-27T10:00,25.9,69,19.8,0,869.1,75,9100,1.8,349,11.2
2025-06-27T11:00,25.8,69,19.7,0.3,869.1,90,8960,4.7,270,18
2025-06-27T12:00,26.1,70,20.2,0.2,868.8,77,8340,5.8,263,15.1
2025-06-27T13:00,25.3,77,21,0.7,868.2,100,16860,7.2,270,18
2025-06-27T14:00,24.4,81,20.9,0.9,867.5,100,22260,5.2,286,18.4
2025-06-27T15:00,24,83,21,0.8,867.1,100,21940,5.8,277,15.1
2025-06-27T16:00,23.7,84,20.9,0.8,866.7,100,24140,4,297,13.7
2025-06-27T17:00,22.9,88,20.8,1.1,867.2,100,24140,3.4,302,10.1
2025-06-27T18:00,22.1,91,20.5,0.8,866.5,100,24140,1.9,338,8.6
2025-06-27T19:00,21.9,90,20.2,0.2,867.1,79,19860,2.9,90,6.8
2025-06-27T20:00,21.9,89,20,0,868.1,77,24140,3.8,107,8.6
2025-06-27T21:00,21.7,90,20,0.5,868.9,81,24140,4,85,8.6
2025-06-27T22:00,21.4,91,19.9,0.9,868.8,88,24140,2.7,67,8.3
2025-06-27T23:00,21.4,91,19.8,0.9,868.9,100,24140,4.6,72,6.1
2025-06-28T00:00,21.2,91,19.7,0,868,53,24140,3.2,63,8.6
2025-06-28T01:00,21,92,19.6,0,867.3,38,18240,2.1,121,6.5
2025-06-28T02:00,20.7,94,19.7,0,866.5,26,24140,2.5,172,5
2025-06-28T03:00,20.4,94,19.4,0,866.4,35,24140,0.8,117,5
2025-06-28T04:00,20.4,94,19.4,0,866.2,48,24140,0,270,1.8
2025-06-28T05:00,20,98,19.7,0,865.9,64,24140,2.5,270,2.5
2025-06-28T06:00,20.5,95,19.7,0,865.9,79,24140,3.4,252,9
2025-06-28T07:00,21.8,88,19.7,0,866.4,64,24140,3.6,264,9.4
2025-06-28T08:00,23,82,19.8,0,866.9,76,7740,4,265,11.5
2025-06-28T09:00,24.2,77,19.9,0.1,867.5,68,5980,2.1,301,10.8
2025-06-28T10:00,24.9,77,20.6,0,867.3,100,20540,5.5,293,14.8
2025-06-28T11:00,24.4,79,20.5,1.1,867.2,100,1460,6.6,279,19.1
2025-06-28T12:00,24.3,81,20.8,1,866.4,100,14440,6.9,276,18.4
2025-06-28T13:00,24.4,81,20.9,1.4,866.2,100,13340,6.1,267,18
2025-06-28T14:00,23.9,84,21,5,865.3,100,11840,7.6,265,18.4
2025-06-28T15:00,23.3,87,21,5.4,864.8,100,24140,7.6,267,19.8
2025-06-28T16:00,22.7,89,20.8,4,864.1,100,24140,6.3,283,18.7
2025-06-28T17:00,22.9,89,21,3.3,864.6,100,24140,4,270,15.5
2025-06-28T18:00,22.5,90,20.8,1.8,865,100,24140,3.4,252,11.9
2025-06-28T19:00,21.8,92,20.5,0.9,865.7,100,24140,2.5,262,10.4
2025-06-28T20:00,21.3,92,20,0.3,866,100,24140,0.8,243,8.6
2025-06-28T21:00,21.1,93,19.9,0,866.2,99,24140,0.5,315,4.7
2025-06-28T22:00,20.8,94,19.8,0.1,866,91,24140,1.1,252,5.8
2025-06-28T23:00,20.6,94,19.6,0.2,865.6,94,24140,1.8,281,5
2025-06-29T00:00,20.5,94,19.5,0,865.2,80,24140,1.1,270,5.8
2025-06-29T01:00,20.2,96,19.5,0,864.4,83,24140,1.6,297,4.7
2025-06-29T02:00,20,97,19.5,0,864,92,24140,2.5,225,6.5
2025-06-29T03:00,19.8,97,19.3,0,863.6,98,24140,0.5,225,6.5
2025-06-29T04:00,19.9,96,19.2,0,863.5,88,24140,2.3,162,5
2025-06-29T05:00,20,96,19.3,0,863.2,89,24140,1.3,236,5
2025-06-29T06:00,20.8,92,19.5,0,864,84,24140,1.6,153,5.4
2025-06-29T07:00,21.7,88,19.6,0.1,864.6,83,24140,0.7,360,7.2
2025-06-29T08:00,22.5,86,20.1,0.2,865.1,82,7360,2.7,247,10.4
2025-06-29T09:00,23.7,81,20.3,0.1,865.3,89,5020,3.4,252,10.8
2025-06-29T10:00,24.4,78,20.3,0.2,865.7,100,7120,4,260,11.5
2025-06-29T11:00,24.4,81,20.9,5.1,865.1,100,6300,6.3,239,18
2025-06-29T12:00,24.2,83,21.1,4.5,865,100,1800,5.8,248,17.3
2025-06-29T13:00,23.8,85,21.1,5.4,864.5,100,440,6.2,260,16.2
2025-06-29T14:00,23.3,87,21,5.6,864.1,100,1000,6.3,257,16.2
2025-06-29T15:00,22.7,89,20.8,4.6,863.4,100,8100,6.6,261,15.8
2025-06-29T16:00,22.3,91,20.8,4,862.7,100,7360,6.6,279,16.2
2025-06-29T17:00,21.9,91,20.3,2.5,864,100,12480,4,265,16.2
2025-06-29T18:00,21.6,93,20.4,1.9,864,100,9600,3.1,306,10.1
2025-06-29T19:00,21.2,94,20.2,1.7,864.5,100,5800,1.5,315,7.6
2025-06-29T20:00,21.2,94,20.2,0.7,865.1,100,6860,1.5,76,5.4
2025-06-29T21:00,21.3,92,20,0.2,865.4,100,5720,3.4,122,7.9
2025-06-29T22:00,20.9,93,19.7,0,865.3,100,7780,3.4,122,7.9
2025-06-29T23:00,20.7,95,19.8,0,865.2,100,10900,2.9,90,7.9
2025-06-30T00:00,20.5,96,19.8,0,864.6,100,7220,2.6,106,6.1
2025-06-30T01:00,20.1,97,19.6,0,864,100,8360,2,135,5.8
2025-06-30T02:00,19.9,97,19.4,0,863.8,100,19320,1,135,4.3
2025-06-30T03:00,19.7,97,19.2,0,863.5,91,24000,0.5,135,2.2
2025-06-30T04:00,19.7,96,19,0,863.4,79,24140,1.4,90,2.9
2025-06-30T05:00,20,94,19,0,863.8,75,24140,0.8,297,5.4
2025-06-30T06:00,20.5,93,19.3,0,864.4,74,24140,0.5,45,3.2
2025-06-30T07:00,21.7,87,19.5,0,865.5,77,24140,0.4,270,3.6
2025-06-30T08:00,22.4,85,19.8,0.1,866,89,19480,2.3,288,7.6
2025-06-30T09:00,23.7,79,19.8,0.1,866.5,89,19640,2.3,321,10.1
2025-06-30T10:00,25,73,19.8,0,866.6,94,19740,3.7,281,12.6
2025-06-30T11:00,25.3,72,19.9,0.1,866.5,100,5080,5.1,262,16.2
2025-06-30T12:00,25.6,72,20.1,0.1,866.2,84,5680,6.8,270,17.3
2025-06-30T13:00,25.3,75,20.5,0.7,866,100,6880,7.2,264,18.7
2025-06-30T14:00,24.6,79,20.7,3.1,865.3,100,24140,7.6,267,19.1
2025-06-30T15:00,24,83,20.9,4.4,864.4,100,24140,7.4,284,19.4
2025-06-30T16:00,23.6,83,20.6,2,863.7,100,24140,6.8,270,17.6
2025-06-30T17:00,23.4,86,20.9,0.9,864.3,100,8320,4.3,275,16.6
2025-06-30T18:00,22.6,89,20.7,1.5,864.4,98,19520,3.2,270,10.4
2025-06-30T19:00,21.9,91,20.3,1.3,865.4,88,24140,1.9,248,9
2025-06-30T20:00,21.7,90,20,0.7,865.9,92,24140,2.4,153,5.8
2025-06-30T21:00,21.7,90,20,0.3,866.3,85,24140,4,100,8.6
2025-06-30T22:00,21.5,90,19.8,0,866,76,24140,4.3,85,9.4
2025-06-30T23:00,20.9,92,19.6,0,866.3,67,8820,4,90,9
2025-07-01T00:00,20.5,94,19.5,0,865.5,52,24140,4,95,8.3
2025-07-01T01:00,20.2,95,19.4,0,865.1,69,24140,3.3,96,8.3
2025-07-01T02:00,20.2,94,19.2,0,864.8,56,11260,2.3,129,6.8
2025-07-01T03:00,19.8,95,18.9,0,864.5,51,24140,2,135,4.7
2025-07-01T04:00,19.6,95,18.7,0,864.3,69,24140,2.1,121,4.7
2025-07-01T05:00,19.5,95,18.7,0,864.4,61,24140,1.8,217,4.7
2025-07-01T06:00,20.6,91,19.1,0,865.1,78,24140,0.7,270,3.6
2025-07-01T07:00,22,84,19.1,0,866.1,87,24140,3.3,311,9.4
2025-07-01T08:00,23.3,78,19.3,0,866.7,90,24140,4.2,301,11.2
2025-07-01T09:00,24.6,72,19.2,0,867.1,86,24140,3.9,292,11.9
2025-07-01T10:00,25.6,70,19.7,0,867,74,20240,3.6,307,18
2025-07-01T11:00,25.6,71,19.9,0,867.2,88,20140,5.4,278,19.1
2025-07-01T12:00,26.1,72,20.7,0.3,867,96,6620,6.8,270,17.3
2025-07-01T13:00,25.9,73,20.7,0.4,867,100,6140,8,278,19.4
2025-07-01T14:00,25.4,78,21.3,2.4,866.3,100,18720,8,278,19.1
2025-07-01T15:00,24.7,81,21.2,6.6,865.3,100,19880,7.9,273,19.4
2025-07-01T16:00,23.7,86,21.2,7.4,864.7,100,24140,6.1,270,17.6
2025-07-01T17:00,23,89,21.1,3.1,864.6,100,20720,1.8,281,14.8
2025-07-01T18:00,22.8,90,21.1,1,865,100,24140,0.7,360,7.6
2025-07-01T19:00,22.5,90,20.8,1,865.4,100,2860,1.5,45,8.3
2025-07-01T20:00,22.5,89,20.6,0.5,866.3,100,2560,2.2,90,9.4
2025-07-01T21:00,22.4,88,20.3,0.4,866.8,100,11980,3.1,69,11.5
2025-07-01T22:00,22,89,20.1,0.1,866.6,100,2080,3.3,103,11.2
2025-07-01T23:00,21.7,89,19.8,0,866.7,92,1060,5.1,98,12.2
2025-07-02T00:00,21.5,89,19.6,0,866.4,85,3100,5.1,98,14.8
2025-07-02T01:00,21.1,91,19.5,0,865.9,88,24140,4.8,103,11.5
2025-07-02T02:00,20.7,93,19.5,0,865.7,88,3100,3.3,96,10.1
2025-07-02T03:00,20.3,95,19.5,0,865.2,74,3600,2.2,90,7.6
2025-07-02T04:00,20,95,19.2,0,865,73,7560,1.4,90,5.4
2025-07-02T05:00,19.9,96,19.2,0,865.2,30,24140,2.1,121,4
2025-07-02T06:00,21,92,19.7,0,865.7,40,24140,0.4,90,4.7
2025-07-02T07:00,22.3,85,19.6,0,866.5,48,24140,2.3,309,7.6
2025-07-02T08:00,23.6,78,19.5,0,866.7,68,24140,2.9,300,9.4
2025-07-02T09:00,25,70,19.2,0,867.1,65,20100,1.5,284,9
2025-07-02T10:00,26.5,62,18.6,0,867.1,81,7580,1.6,297,7.9
2025-07-02T11:00,27.3,59,18.6,0,867.8,80,17860,3.3,257,7.9
2025-07-02T12:00,27.8,59,19,0,867.5,78,3780,6.3,257,16.6
2025-07-02T13:00,26.2,74,21.2,0.7,867,100,3680,8,262,20.5
2025-07-02T14:00,25.7,78,21.6,5.1,866.4,100,880,7.5,253,19.8
2025-07-02T15:00,24.5,83,21.4,9.3,865.7,100,2160,6,245,18.4
2025-07-02T16:00,23.9,85,21.2,6.9,865.3,100,24140,5.3,242,14
2025-07-02T17:00,23.1,88,21,4.1,865.4,100,10760,2.4,243,12.6
2025-07-02T18:00,22.8,88,20.7,0.9,866,100,22580,1.3,326,7.6
2025-07-02T19:00,22.4,90,20.7,0.8,866.8,100,24140,3.3,41,11.2
2025-07-02T20:00,22.2,90,20.5,0.5,867.4,100,24140,4.3,66,12.2
2025-07-02T21:00,22.2,89,20.3,0.1,867.6,100,24140,3.6,96,12.2
2025-07-02T22:00,22,90,20.3,0.2,867.8,99,19940,2.5,98,12.2
2025-07-02T23:00,21.8,89,19.9,0.6,868.2,100,840,4.7,81,11.2
2025-07-03T00:00,21.5,91,19.9,0,867.5,90,420,3.6,84,9
2025-07-03T01:00,21.3,92,19.9,0,867,96,10980,2.5,90,7.9
2025-07-03T02:00,21.1,93,19.9,0,866.9,100,24140,1.6,117,5.8
2025-07-03T03:00,21.1,93,19.9,0,866.7,100,1220,1.4,90,4
2025-07-03T04:00,20.7,95,19.9,0,866.6,100,3520,1.1,342,3.6
2025-07-03T05:00,20.7,94,19.7,0,866.2,83,4260,1.6,297,3.2
2025-07-03T06:00,21.1,94,20.1,0,866.5,68,21220,1.5,284,5.4
2025-07-03T07:00,22.3,87,20,0,867.2,56,21340,2.9,277,7.6
2025-07-03T08:00,23.8,78,19.8,0,867.6,67,24140,2.9,277,9.4
2025-07-03T09:00,25,72,19.6,0,868.1,77,19680,3.2,270,11.2
2025-07-03T10:00,26,69,19.8,0,868.4,77,19860,3.3,276,15.8
2025-07-03T11:00,26,73,20.8,0,868.4,86,8460,5.4,274,18
2025-07-03T12:00,25.5,77,21.1,1.1,867.2,100,8780,7.2,267,19.4
2025-07-03T13:00,24.9,81,21.4,2.8,867.2,100,21460,7.2,273,21.2
2025-07-03T14:00,24.3,85,21.6,6.9,866.8,100,19940,7.3,281,20.2
2025-07-03T15:00,23.2,89,21.3,5.6,866.1,100,24140,6.2,291,18.4
2025-07-03T16:00,22.8,91,21.2,2.6,866.1,100,24140,4.5,284,15.1
2025-07-03T17:00,22.7,91,21.2,2.2,866.1,100,12780,2.3,288,10.8
2025-07-03T18:00,22.5,91,20.9,2,866.7,100,21480,0.8,297,6.1
2025-07-03T19:00,22.4,89,20.5,1.4,866.9,100,23800,2,135,5.8
2025-07-03T20:00,22.3,88,20.2,1.1,867.6,100,24060,3.2,117,9
2025-07-03T21:00,22,88,19.9,0.7,868.2,100,24140,4.3,95,11.9
2025-07-03T22:00,21.9,88,19.8,0,868.5,100,6240,4.7,86,10.1
2025-07-03T23:00,21.6,88,19.5,0,868.1,100,1220,5.1,86,11.5
2025-07-04T00:00,21.4,89,19.5,0,867.2,93,2300,4.6,72,10.8
2025-07-04T01:00,21.2,89,19.3,0,866.4,87,24140,3.3,84,10.1
2025-07-04T02:00,21,89,19.1,0,865.7,76,2080,2.5,90,7.2
2025-07-04T03:00,20.8,91,19.3,0,865.9,49,660,1,135,5.8
2025-07-04T04:00,20.4,92,19.1,0,865.7,63,540,2.6,146,5.8
2025-07-04T05:00,20.1,95,19.3,0,865.9,48,760,1.8,233,6.8
2025-07-04T06:00,20.7,93,19.5,0,866.3,64,13040,1.4,180,4.7
2025-07-04T07:00,22,87,19.8,0,867,79,24140,2.5,278,7.6
2025-07-04T08:00,23.3,79,19.5,0,867.5,96,19900,2.2,261,8.6
2025-07-04T09:00,24.2,76,19.7,0.1,867.9,100,19520,1.5,14,9.7
2025-07-04T10:00,25,75,20.2,0.1,868,100,19620,1.6,333,12.6
2025-07-04T11:00,25.8,74,20.8,0.1,868,100,8100,5,270,14.4
2025-07-04T12:00,25.2,77,20.9,1.9,866.9,100,6020,8.6,248,20.9
2025-07-04T13:00,24.2,83,21.1,2.8,866.8,100,5760,8.4,263,21.6
2025-07-04T14:00,23.3,88,21.2,3.6,865.9,100,17720,7.2,270,20.2
2025-07-04T15:00,22.5,91,20.9,2.4,865.9,100,1360,7,282,18.4
2025-07-04T16:00,22,92,20.7,2.2,865.2,100,680,4.5,284,16.2
2025-07-04T17:00,22.1,91,20.5,1,865.8,100,7340,2.9,300,10.8
2025-07-04T18:00,21.6,92,20.2,0.3,865.7,100,14620,4,360,10.8
2025-07-04T19:00,21.6,91,20,0.1,866.2,100,12600,3.3,41,10.8
2025-07-04T20:00,21.7,91,20.1,0,866.5,100,9280,2.6,106,9
2025-07-04T21:00,21.7,90,20,0.1,867,100,5160,3.8,107,8.6
2025-07-04T22:00,21.5,89,19.6,1.1,867.3,100,12080,3.2,90,9.4
2025-07-04T23:00,21.2,90,19.5,0.3,867.7,100,14960,4,63,6.5
2025-07-05T00:00,21.2,89,19.3,0.3,867.3,100,22700,3.1,36,8.6
2025-07-05T01:00,20.9,92,19.6,0.2,866.5,95,24140,1.6,333,6.5
2025-07-05T02:00,20.7,93,19.5,0,865.9,100,24140,3.4,252,7.2
2025-07-05T03:00,20.3,93,19.1,0,865.1,100,24140,2.1,239,9.7
2025-07-05T04:00,20,96,19.4,0,864.6,100,24140,1.9,202,5
2025-07-05T05:00,19.7,99,19.5,0,864.5,68,24140,1.5,194,4
2025-07-05T06:00,20.4,95,19.6,0,865.1,77,24140,1.5,194,4.7
2025-07-05T07:00,22.1,86,19.7,0,866.1,62,12660,0.8,243,4.7
2025-07-05T08:00,23.6,78,19.5,0,866.8,72,11120,2.6,286,8.3
2025-07-05T09:00,24.6,73,19.4,0,867.1,91,10120,3.1,291,9.7
2025-07-05T10:00,25.4,69,19.3,0,867.1,88,24140,4,280,11.2
2025-07-05T11:00,25.6,69,19.5,0.1,867,100,20940,6.9,261,16.9
2025-07-05T12:00,25.1,75,20.4,0,866.8,100,10280,8.6,268,21.6
2025-07-05T13:00,24.8,78,20.7,0.1,866.4,100,21880,8.3,268,20.9
2025-07-05T14:00,23.7,81,20.3,0.6,865.6,100,19780,7.2,264,20.5
2025-07-05T15:00,22.7,86,20.3,1.6,864.7,100,20080,5.2,286,16.9
2025-07-05T16:00,22.4,88,20.3,0.7,864.1,100,21280,3.9,326,13.3
2025-07-05T17:00,22.8,86,20.4,0.1,864.3,83,24140,2.2,9,10.8
2025-07-05T18:00,22.6,85,20,0.2,864.9,86,24140,1.9,22,6.8
2025-07-05T19:00,22.2,87,20,0.1,865.3,83,24140,2.7,23,9
2025-07-05T20:00,21.7,92,20.3,0.1,865.8,84,24140,2,315,7.6
2025-07-05T21:00,21.3,93,20.1,0.2,866.6,86,24140,0.8,297,5.8
2025-07-05T22:00,21.1,92,19.7,1.1,866.8,89,24140,2.9,83,7.6
2025-07-05T23:00,21.1,91,19.5,0.8,867,92,24140,0.4,360,7.6
2025-07-06T00:00,20.7,93,19.5,0,866.1,84,24140,1.3,326,4
2025-07-06T01:00,20.2,96,19.6,0,865.2,47,24140,3.1,249,7.2
2025-07-06T02:00,19.8,98,19.4,0,864.6,46,24140,2.1,239,7.6
2025-07-06T03:00,19.6,98,19.2,0,864.3,53,24140,2.2,171,5.8
2025-07-06T04:00,19.4,97,18.9,0,864.2,40,22400,1.9,112,4.7
2025-07-06T05:00,19.6,98,19.2,0,864.8,50,24140,2.5,135,5.8
2025-07-06T06:00,20.5,94,19.5,0,865.3,45,24140,1.4,90,5
2025-07-06T07:00,21.9,87,19.7,0,866.5,59,14480,0.7,270,5
2025-07-06T08:00,23.1,80,19.5,0,866.6,56,7080,2.5,278,7.9
2025-07-06T09:00,24.4,74,19.4,0,866.8,72,8380,3.4,288,9.7
2025-07-06T10:00,25.6,68,19.3,0,866.4,92,10240,4.1,285,11.5
2025-07-06T11:00,26.5,64,19.2,0,866.8,79,22660,6.6,261,16.6
2025-07-06T12:00,26.4,66,19.6,0,866.2,69,23080,10,257,23
2025-07-06T13:00,25.1,76,20.6,0.1,866.1,90,7760,9,275,24.8
2025-07-06T14:00,24.5,80,20.8,0.3,865.7,89,14780,8.3,288,21.2
2025-07-06T15:00,24.2,79,20.3,0.3,864.9,76,20400,6.2,277,19.4
2025-07-06T16:00,24,80,20.3,0.3,864.8,80,19780,4.5,284,15.1
2025-07-06T17:00,22.9,86,20.4,0.2,864.5,94,23540,4.2,329,11.2
2025-07-06T18:00,22.3,86,19.9,0.2,865,85,24140,2.7,23,9.7
2025-07-06T19:00,22,88,19.9,0,865.3,51,24140,2.5,45,7.2
2025-07-06T20:00,21.6,90,19.9,0,866.3,70,24140,3.6,84,7.9
2025-07-06T21:00,21.1,90,19.4,0,866.8,63,20660,5.1,86,10.4
2025-07-06T22:00,20.7,88,18.6,0.4,866.8,83,7420,6.2,80,14
2025-07-06T23:00,20.4,90,18.7,1.5,867,62,3320,4.4,81,14
2025-07-07T00:00,20.1,92,18.8,0,866,46,19300,4,100,9
2025-07-07T01:00,19.9,93,18.7,0,865.6,28,24140,3.3,131,8.3
2025-07-07T02:00,19.6,95,18.7,0,864.9,0,24140,2.5,188,6.8
2025-07-07T03:00,19.3,96,18.6,0,864.5,34,24140,2.2,171,6.1
2025-07-07T04:00,19.2,95,18.4,0,864,17,24140,1.8,143,4.7
2025-07-07T05:00,19.1,97,18.6,0,864.5,43,24140,2.3,231,5
2025-07-07T06:00,20.1,93,18.9,0,865.1,40,24140,1.9,248,6.5
2025-07-07T07:00,21.7,88,19.6,0,866.3,70,24140,4,275,10.8
2025-07-07T08:00,23.3,80,19.6,0,866.5,71,24140,4.6,288,12.2
2025-07-07T09:00,24.6,73,19.4,0,866.7,70,24140,4.5,284,12.2
2025-07-07T10:00,25.6,69,19.5,0,866.8,63,16380,5.6,297,14.4
2025-07-07T11:00,25.3,76,20.8,0.1,867.1,77,23020,7.8,292,22.7
2025-07-07T12:00,25.3,76,20.8,0.3,866.4,82,19920,8.9,297,21.6
2025-07-07T13:00,25.3,77,20.9,0.5,866.2,89,19580,9.7,292,24.5
2025-07-07T14:00,24.9,79,21,0.6,865.5,75,24140,9,293,24.5
2025-07-07T15:00,24.6,79,20.7,0.3,865.2,73,24140,7.8,292,21.2
2025-07-07T16:00,24.3,78,20.2,0.1,864.5,77,24140,6.6,279,19.8
2025-07-07T17:00,23.1,84,20.3,0.1,864.4,81,23280,5.5,293,17.6
2025-07-07T18:00,22.6,86,20.2,0.2,864.5,79,24140,3.6,264,16.2
2025-07-07T19:00,22.2,89,20.3,0.1,865.2,40,24140,2.3,219,13.7
2025-07-07T20:00,22.1,89,20.2,0,866.2,31,24140,2.5,135,11.2
2025-07-07T21:00,21.8,90,20.1,0,867.1,41,24140,3.8,107,7.6
2025-07-07T22:00,21.4,91,19.9,0,866.9,39,24140,3.8,107,7.9
2025-07-07T23:00,21.4,93,20.2,0,866.7,83,24140,1.5,194,7.9
2025-07-08T00:00,21.3,92,19.9,0.1,865.9,82,24140,2.3,252,11.5
2025-07-08T01:00,20.9,93,19.7,0.2,865.8,81,24140,1.6,243,11.9
2025-07-08T02:00,20.6,95,19.8,0.1,865.7,82,24140,1.6,207,12.2
2025-07-08T03:00,20.4,95,19.6,0.1,865.4,67,24140,0.8,297,11.5
2025-07-08T04:00,20.3,95,19.4,0,864.8,60,24140,1.1,252,4.7
2025-07-08T05:00,20.2,97,19.7,0,864,65,24140,3.1,216,6.8
2025-07-08T06:00,20.8,94,19.8,0,864.6,75,24140,3.2,207,9.7
2025-07-08T07:00,22,86,19.6,0,865.9,92,22600,3.2,243,9.7
2025-07-08T08:00,23.1,82,19.8,0,866.5,92,17800,3.6,270,13.3
2025-07-08T09:00,23.8,81,20.4,0.1,867.4,91,20320,4.9,287,14
2025-07-08T10:00,23.7,82,20.4,0.2,867,89,24140,6.6,299,16.2
2025-07-08T11:00,23.9,82,20.6,0.3,867.6,88,19280,8.1,283,16.9
2025-07-08T12:00,24.8,78,20.7,0.1,866.7,89,19300,9.2,281,23.4
2025-07-08T13:00,23.7,81,20.3,0.4,866,91,19420,9.4,302,23.4
2025-07-08T14:00,23.7,81,20.3,0.2,865.6,87,19380,7.1,294,22.3
2025-07-08T15:00,23.5,83,20.5,0.3,865.4,91,19260,7,291,18
2025-07-08T16:00,23.1,84,20.3,0.4,864.9,91,3220,4.7,270,16.2
2025-07-08T17:00,22.2,87,19.9,0.6,865.1,100,11140,1.3,304,11.2
2025-07-08T18:00,21.8,87,19.6,0.9,865.3,100,11020,3.1,69,7.6
2025-07-08T19:00,21.7,87,19.5,0,866.2,100,8400,4.3,90,10.1
2025-07-08T20:00,21.3,88,19.2,1.3,867,100,14440,6.1,93,14
2025-07-08T21:00,21,89,19.1,1.8,867.6,100,10600,6.1,90,14.4
2025-07-08T22:00,20.9,90,19.2,1.4,867.6,100,19080,5.4,90,13.7
2025-07-08T23:00,20.9,93,19.7,1.3,867.6,100,15280,3.6,45,11.9
2025-07-09T00:00,20.7,93,19.5,0.9,867,100,6220,3.8,49,12.2
2025-07-09T01:00,20.6,92,19.3,1.1,866.8,100,760,3.5,66,11.2
2025-07-09T02:00,20.5,92,19.1,1.1,866,100,680,3.3,84,10.1
2025-07-09T03:00,20.2,93,19.1,1,866.1,100,2240,1.8,360,8.6
2025-07-09T04:00,19.9,95,19,1.3,865.9,100,11000,3.3,311,9.4
2025-07-09T05:00,19.9,94,18.9,1.5,866.7,100,10000,4,297,13.3
2025-07-09T06:00,20,94,19,0.2,867,100,12020,5,300,13
2025-07-09T07:00,20.3,93,19.1,0,867.5,100,14280,4.2,290,14.4
2025-07-09T08:00,21.5,87,19.3,0,867.7,96,8020,0.8,297,13.3
2025-07-09T09:00,23.1,81,19.7,0,868.3,100,4920,2.9,270,8.6
2025-07-09T10:00,23.2,82,19.9,1.9,868,100,22900,6.9,298,17.3
2025-07-09T11:00,22.6,86,20.2,4.2,868.5,100,14040,7.9,300,21.2
2025-07-09T12:00,22.6,87,20.3,3.3,868,100,760,8.3,304,20.5
2025-07-09T13:00,23,85,20.4,1.3,867.9,100,500,8.6,303,20.5
2025-07-09T14:00,23.1,84,20.2,1.5,867.1,100,640,7.2,297,20.5
2025-07-09T15:00,22.9,83,19.9,0.3,866.8,100,4080,7.2,288,18
2025-07-09T16:00,22.6,85,19.9,0.7,866.2,100,11340,6.7,286,18
2025-07-09T17:00,22.2,89,20.3,1.7,866.8,100,11040,6.8,288,17.6
2025-07-09T18:00,21.4,93,20.2,2.9,866.8,100,920,6.4,297,19.1
2025-07-09T19:00,20.9,95,20,1.8,867.4,100,340,4.4,305,17.3
2025-07-09T20:00,20.6,96,19.9,1.3,867.9,100,640,3.2,297,14.8
2025-07-09T21:00,20.4,96,19.8,1.1,868.2,100,1200,0.5,225,11.2
2025-07-09T22:00,20.5,95,19.6,0.6,868.3,100,140,2.3,141,8.6
2025-07-09T23:00,20.1,95,19.3,0.2,868.7,97,120,1.5,45,9.7
2025-07-10T00:00,20.2,95,19.3,0,868.2,100,320,0.4,360,3.6
2025-07-10T01:00,19.8,96,19.2,0,867.5,93,740,1.3,326,4.7
2025-07-10T02:00,19.5,98,19.1,0,866.5,88,620,1,315,5
2025-07-10T03:00,19.2,99,19.1,0,866.1,82,520,0.4,360,3.6
2025-07-10T04:00,19,100,19,0,865.8,83,960,0.4,180,2.2
2025-07-10T05:00,18.8,100,18.8,0,867,98,2000,2.6,286,3.6
2025-07-10T06:00,19.4,98,19,0,867.4,87,1120,2.3,252,7.2
2025-07-10T07:00,21,88,18.9,0,868.5,83,2820,2.5,262,8.3
2025-07-10T08:00,22.6,79,18.8,0,869.3,88,1720,2.6,286,8.6
2025-07-10T09:00,24.1,72,18.7,0,869.7,90,11520,2.9,277,9.4
2025-07-10T10:00,24.9,68,18.6,0,869.6,76,4200,4.3,275,12.6
2025-07-10T11:00,24.5,73,19.3,0,869.7,76,19520,6.6,279,14.8
2025-07-10T12:00,25.2,73,20,0.1,869.3,85,19680,7.6,295,18
2025-07-10T13:00,24.9,75,20.2,0.2,868.5,89,1480,9.7,312,22
2025-07-10T14:00,24.5,78,20.4,0.5,868.1,91,640,8.7,308,23
2025-07-10T15:00,23.9,80,20.3,0.8,867.4,93,15600,8.3,304,21.2
2025-07-10T16:00,23.3,81,19.8,0.8,867.3,100,20620,8,306,19.8
2025-07-10T17:00,22.5,81,19.1,0.3,867.3,98,15860,5.7,325,18
2025-07-10T18:00,22.4,80,18.8,0,867.4,100,24140,4.6,288,14
2025-07-10T19:00,21.8,86,19.4,0,867.5,61,24140,3.1,249,10.4
2025-07-10T20:00,21.5,89,19.6,0,868.1,68,24140,2.9,210,7.2
2025-07-10T21:00,21.3,90,19.6,0,868.8,82,24140,1,225,6.1
2025-07-10T22:00,20.9,94,19.9,0,868.8,92,24140,3.2,297,6.5
2025-07-10T23:00,20.7,96,20.1,0,868.8,88,6880,2.3,288,6.8
2025-07-11T00:00,20.5,98,20.2,0,868,94,24140,3.2,297,7.6
2025-07-11T01:00,20.5,98,20.1,0,867.5,90,24140,3.6,276,8.6
2025-07-11T02:00,20.4,97,19.9,0,866.8,87,24140,3.6,276,9
2025-07-11T03:00,20.3,97,19.8,0,866.6,84,24140,2.3,252,7.9
2025-07-11T04:00,20.2,97,19.7,0,866.2,89,24140,2,225,5.4
2025-07-11T05:00,19.8,97,19.3,0,866.8,86,24140,1.6,207,4.7
2025-07-11T06:00,20.3,94,19.3,0,867.2,82,24140,1.4,180,4.7
2025-07-11T07:00,21.3,88,19.2,0,868,76,24140,0.7,180,4
2025-07-11T08:00,22.9,79,19,0,868.6,79,20340,0.5,135,4.3
2025-07-11T09:00,24.4,70,18.6,0,869.1,78,5980,1.1,108,6.8
2025-07-11T10:00,25.7,62,17.8,0,869.3,95,19780,1.8,281,7.6
2025-07-11T11:00,25.8,63,18.2,0,869.3,96,3820,6.2,280,13.3
2025-07-11T12:00,25.5,73,20.3,0.2,868.9,92,3140,9.1,279,20.9
2025-07-11T13:00,24.4,80,20.7,1.4,867.9,100,5420,9.2,291,22.3
2025-07-11T14:00,24.1,81,20.6,1,867.5,100,9220,6.8,295,21.2
2025-07-11T15:00,24.1,79,20.2,0.7,866.8,100,18760,4.3,265,14.8
2025-07-11T16:00,24.1,79,20.2,0.1,866.4,100,18460,4.7,247,11.5
2025-07-11T17:00,23.2,84,20.4,0.3,867.2,100,22080,1.4,270,12.2
2025-07-11T18:00,22.5,86,20,0.6,867,100,24140,1.5,14,7.9
2025-07-11T19:00,22.1,87,19.8,0.3,867.2,85,24140,3.1,45,9.7
2025-07-11T20:00,21.9,88,19.8,0,867.8,68,24140,2.9,60,7.6
2025-07-11T21:00,21.6,90,19.9,0,868.6,68,24140,3.4,72,7.6
2025-07-11T22:00,21.4,90,19.7,0,868.6,70,24140,4,85,8.6
2025-07-11T23:00,21,94,20,0,868.8,49,24140,3.7,101,9
2025-07-12T00:00,20.7,94,19.7,0,868.2,40,24140,4,100,8.6
2025-07-12T01:00,20.5,94,19.5,0,867.9,43,24140,4,95,9.4
2025-07-12T02:00,20.3,95,19.4,0,867.5,26,24140,3.6,96,9
2025-07-12T03:00,20,95,19.1,0,867.3,28,24140,2.5,98,7.9
2025-07-12T04:00,19.7,96,19.1,0,867,33,24140,2.2,81,5.8
2025-07-12T05:00,19.7,97,19.2,0,867.3,52,24140,3.2,117,5.8
2025-07-12T06:00,20.7,95,19.9,0,867.7,53,24140,1.8,90,6.5
2025-07-12T07:00,22.3,85,19.6,0,868.7,60,24140,1.1,72,7.2
2025-07-12T08:00,23.7,77,19.4,0,869.1,63,24140,1.9,292,7.2
2025-07-12T09:00,24.9,72,19.5,0,869.5,66,24140,3.3,283,10.4
2025-07-12T10:00,26.2,65,19.1,0,869.5,79,24140,2.5,262,11.2
2025-07-12T11:00,27.1,61,19,0,869.8,47,24140,2.6,254,14.4
2025-07-12T12:00,27.9,60,19.4,0,869.6,73,23840,4.1,285,13.7
2025-07-12T13:00,27,70,21.1,0.2,869.1,90,24140,6.3,283,18.7
2025-07-12T14:00,26.1,76,21.6,0.4,868.6,92,23880,6,303,19.4
2025-07-12T15:00,25.4,80,21.7,1.2,867.5,100,24140,4,333,18.4
2025-07-12T16:00,25.2,80,21.5,0.8,867.2,100,24140,3.3,6,15.5
2025-07-12T17:00,24.5,82,21.2,0.3,867.6,100,24140,3.3,319,11.5
2025-07-12T18:00,23.7,85,21,0.9,867.8,100,24140,2.6,326,10.4
2025-07-12T19:00,23.2,87,20.9,1.2,867.8,100,24140,1.9,22,8.3
2025-07-12T20:00,22.9,87,20.6,0.4,868.7,100,24140,1.1,108,7.6
2025-07-12T21:00,22.7,87,20.4,0,869.4,99,24140,3.3,96,7.6
2025-07-12T22:00,22.3,88,20.2,0,869.6,66,24140,4.7,99,10.4
2025-07-12T23:00,21.9,89,20,0,869.9,100,24140,5.7,108,12.2
2025-07-13T00:00,21.8,91,20.2,0,869.3,61,24140,4.9,107,12.2
2025-07-13T01:00,21.4,93,20.2,0,868.9,55,24140,5.2,102,11.9
2025-07-13T02:00,21.1,94,20.1,0,868.4,47,24140,4.3,95,11.5
2025-07-13T03:00,20.9,95,20,0,868.2,42,24140,3.6,84,9.4
2025-07-13T04:00,20.8,95,20,0,868,57,24140,2.5,90,8.3
2025-07-13T05:00,20.7,96,20,0,868.5,73,24140,2.1,121,5.8
2025-07-13T06:00,21.5,90,19.8,0,869,63,24140,0.4,270,5.8
2025-07-13T07:00,22.5,85,19.8,0,869.6,60,24140,1.6,297,5.8
2025-07-13T08:00,23.9,77,19.6,0,870.1,72,20460,1.1,342,6.1
2025-07-13T09:00,25.2,70,19.4,0,870.1,64,24140,1.5,14,7.2
2025-07-13T10:00,26.4,65,19.3,0.1,869.8,83,24140,1.1,360,8.6
2025-07-13T11:00,27.1,61,19,0,869.8,75,21980,2.9,240,14.8
2025-07-13T12:00,27.3,64,19.9,0,869.5,86,24140,4.6,252,17.3
2025-07-13T13:00,26.6,75,21.8,0.9,869.6,100,20200,4.7,261,19.4
2025-07-13T14:00,25.8,79,21.9,7.5,868.7,100,24140,3.2,270,15.8
2025-07-13T15:00,25.1,82,21.8,5.9,868.4,100,24140,3.1,315,17.6
2025-07-13T16:00,24.2,86,21.7,4.4,867.6,100,24140,4.7,4,19.8
2025-07-13T17:00,24.2,82,20.9,0.4,867.5,100,20320,4.2,31,18.7
2025-07-13T18:00,23.7,82,20.5,0.1,867.7,100,19760,4.4,55,18
2025-07-13T19:00,23.4,83,20.4,0,868.6,100,24140,3.3,84,10.8
2025-07-13T20:00,23,85,20.3,0,869.6,90,9180,3.2,90,7.9
2025-07-13T21:00,22.7,86,20.2,0,870.1,96,24140,4.7,90,10.4
2025-07-13T22:00,22.3,86,19.9,0,870.1,90,24140,3.6,90,10.4
2025-07-13T23:00,21.3,85,18.6,0,870.4,100,9200,3.7,79,8.3
2025-07-14T00:00,21.1,86,18.7,0,869.6,100,3720,1.4,90,6.5
2025-07-14T01:00,21,85,18.4,0,868.9,98,3500,1.3,124,4
2025-07-14T02:00,20.8,87,18.5,0,867.7,100,18740,2.1,149,4.7
2025-07-14T03:00,20.3,89,18.4,0,867.3,52,24140,2.2,99,4.7
2025-07-14T04:00,19.9,91,18.4,0,866.7,63,24140,2.6,106,5
2025-07-14T05:00,19.5,98,19.2,0,867.6,79,24140,2.1,301,6.1
2025-07-14T06:00,20.2,95,19.4,0,867.9,81,24140,1.8,307,5
2025-07-14T07:00,21.9,89,20,0,869,99,24140,3.1,306,8.3
2025-07-14T08:00,23.5,80,19.8,0,869.3,100,24140,3.2,297,9.4
2025-07-14T09:00,24.9,72,19.5,0,869.4,100,24140,3,284,9.4
2025-07-14T10:00,26.2,64,18.9,0,869.3,98,19400,5.2,286,13
2025-07-14T11:00,27,62,19.1,0,869.7,97,24140,6.5,273,16.9
2025-07-14T12:00,26.4,66,19.6,0.1,869.2,94,24140,8.4,263,19.1
2025-07-14T13:00,26.1,72,20.6,0.2,868.7,100,6340,8.3,288,19.8
2025-07-14T14:00,25.3,79,21.4,3.7,868,100,10900,9.4,288,22.3
2025-07-14T15:00,24.1,84,21.2,6.7,867.1,100,11120,9,286,22.7
2025-07-14T16:00,23.1,88,21,4,866.5,100,11260,8,297,20.9
2025-07-14T17:00,22.8,90,21.1,1,866.9,100,18940,4.8,283,17.3
2025-07-14T18:00,22.3,91,20.8,0.6,867.6,100,4480,4,297,11.5
2025-07-14T19:00,21.7,93,20.5,0.8,868.2,100,5660,4.6,315,12.6
2025-07-14T20:00,21.4,95,20.5,1,868.9,100,24140,1.8,360,11.9
2025-07-14T21:00,21.4,94,20.4,0.1,869.2,98,10380,1.6,117,6.5
2025-07-14T22:00,21.3,94,20.3,0,869.1,100,11300,1.6,117,4.7
2025-07-14T23:00,20.8,97,20.3,0,868.9,100,11740,2.3,231,3.6
2025-07-15T00:00,20.6,97,20.1,0,868,100,8320,1.3,214,5
2025-07-15T01:00,20.5,98,20.1,0,867.1,100,14020,0.8,297,4
2025-07-15T02:00,20.3,98,19.9,0,866.4,100,3480,2.2,270,7.6
2025-07-15T03:00,20,99,19.9,0,866.2,100,22220,3.8,253,9.4
2025-07-15T04:00,20.1,99,20,0,865.8,100,2600,3.6,264,9.7
2025-07-15T05:00,20,99,19.8,0,866.6,100,12380,4,270,10.1
2025-07-15T06:00,20.4,96,19.8,0,866.9,100,24140,3.6,276,10.1
2025-07-15T07:00,21.6,90,19.9,0,867.8,95,24140,3,284,9.7
2025-07-15T08:00,22.5,85,19.8,0,868.3,91,5220,4.3,294,12.6
2025-07-15T09:00,22.8,84,20,0.1,868.4,100,20500,5.5,293,14
2025-07-15T10:00,23.5,83,20.5,0.1,868.3,100,24140,6.4,297,15.8
2025-07-15T11:00,24.6,77,20.3,0.3,868.4,80,19980,5.4,278,17.6
2025-07-15T12:00,24.9,77,20.6,0.2,867.8,83,6380,7.1,285,16.2
2025-07-15T13:00,24.8,78,20.7,1.8,867.3,100,19380,9,272,20.2
2025-07-15T14:00,24.3,82,21,7.5,866.9,100,8080,8,265,21.2
2025-07-15T15:00,23.7,85,21,7.5,866.1,100,6640,7.9,273,20.2
2025-07-15T16:00,22.7,89,20.8,3.9,865.9,100,5460,7.2,270,18
2025-07-15T17:00,22.7,89,20.8,2.6,865.9,100,1480,5.1,274,15.8
2025-07-15T18:00,22.2,91,20.6,1.8,866.2,100,14840,4.3,265,11.2
2025-07-15T19:00,21.7,92,20.3,2.1,866.6,100,4440,4.1,218,10.1
2025-07-15T20:00,21.5,91,20,1.1,867.1,92,2500,2.2,171,10.1
2025-07-15T21:00,21.5,90,19.8,0.7,867.8,88,24140,1.1,90,6.1
2025-07-15T22:00,21.4,90,19.7,0.8,868.2,96,17780,1.4,90,7.6
2025-07-15T23:00,21.3,89,19.4,0.8,868.1,100,4100,6.1,87,7.9
2025-07-16T00:00,21,90,19.3,0,867.6,100,6680,4.5,76,11.5
2025-07-16T01:00,20.8,92,19.4,0,866.8,100,12380,2.5,45,10.4
2025-07-16T02:00,20.5,94,19.5,0,866.8,100,3420,2.1,31,6.5
2025-07-16T03:00,20.3,95,19.5,0,866.5,100,24140,1.5,45,5.4
2025-07-16T04:00,20.1,96,19.5,0,866.4,100,24140,1.9,68,4.7
2025-07-16T05:00,19.9,98,19.5,0,866.9,97,24140,1.9,22,5.8
2025-07-16T06:00,20.5,94,19.5,0,867.4,95,24140,3.1,69,7.9
2025-07-16T07:00,21.6,88,19.5,0,868.1,88,24140,4.7,67,11.9
2025-07-16T08:00,23,79,19.2,0,868.5,95,24140,5.5,58,13.7
2025-07-16T09:00,24,73,18.9,0,869,91,24140,4.7,67,13.7
2025-07-16T10:00,24.7,70,18.8,0,868.9,95,24140,4.1,45,24.5
2025-07-16T11:00,26.2,63,18.6,0.1,869,75,10380,2.3,129,13
2025-07-16T12:00,27,57,17.8,0,868.4,74,12120,3.8,163,12.2
2025-07-16T13:00,27,56,17.5,0,868.2,95,7980,4.2,160,11.9
2025-07-16T14:00,27,55,17.2,0,867.7,100,9980,5.1,141,13.7
2025-07-16T15:00,26.7,56,17.2,0,867.4,100,7880,4.2,149,13.3
2025-07-16T16:00,25.7,59,17.1,0,866.8,100,20380,4.2,160,11.5
2025-07-16T17:00,25.3,60,17,0,867.2,83,2220,5.2,146,11.9
2025-07-16T18:00,24.1,65,17.1,0,867.6,94,5220,4,117,13
2025-07-16T19:00,23.4,71,17.8,0,868.3,97,14620,3.2,90,11.2
2025-07-16T20:00,22.8,76,18.3,0,868.8,96,24140,3.3,84,10.4
2025-07-16T21:00,22.3,80,18.7,0,869.4,93,24140,4,100,10.8
2025-07-16T22:00,21.9,83,18.9,0,869.3,100,24140,5,111,12.6
2025-07-16T23:00,21.4,85,18.7,0,869.8,98,24140,6.6,103,14
2025-07-17T00:00,21.1,86,18.7,0,869.5,100,24140,6.3,103,14.8
2025-07-17T01:00,21,87,18.7,0,869.2,94,24140,6.2,97,14.8
2025-07-17T02:00,20.8,87,18.5,0,868.7,90,24140,5.8,97,14.8
2025-07-17T03:00,20.6,87,18.4,0,868.5,95,23600,5.5,101,14.4
2025-07-17T04:00,20.5,88,18.5,0,868.2,94,24140,5.9,101,14
2025-07-17T05:00,20.2,90,18.5,0,869.2,92,24140,5.4,94,14
2025-07-17T06:00,20.9,86,18.5,0,869.7,83,24140,6.6,99,15.8
2025-07-17T07:00,21.9,80,18.3,0,870.8,96,24140,6.4,106,16.6
2025-07-17T08:00,22.5,77,18.3,0,871,96,12020,5.5,101,16.2
2025-07-17T09:00,23.1,74,18.2,0,871,91,24140,4.7,99,14.8
2025-07-17T10:00,24.4,69,18.3,0,871.1,88,20280,4.3,85,13.7
2025-07-17T11:00,26.1,60,17.7,0,871.5,87,20240,2.6,106,14.4
2025-07-17T12:00,27.4,54,17.2,0,871.1,89,11480,1.1,108,13
2025-07-17T13:00,27.7,49,16,0,870.2,95,20000,1.1,288,7.6
2025-07-17T14:00,26.9,53,16.5,0,869.5,92,24140,0.5,315,7.9
2025-07-17T15:00,26.8,56,17.3,0,869,90,24140,2.9,300,9
2025-07-17T16:00,25.7,68,19.3,0,868.6,80,24140,4.1,285,11.9
2025-07-17T17:00,24.8,73,19.6,0.1,868.7,40,24140,4.5,284,18.7
2025-07-17T18:00,23.5,82,20.3,0,868.7,20,22340,4.2,290,10.8
2025-07-17T19:00,22.2,90,20.5,0.1,869.5,73,24140,3.4,302,16.6
2025-07-17T20:00,21.6,93,20.4,0,870.2,72,24140,2.8,320,14.4
2025-07-17T21:00,21.3,96,20.6,0,870.9,78,24140,1.8,323,7.9
2025-07-17T22:00,21.1,96,20.5,0,870.9,86,24140,0.7,360,6.1
2025-07-17T23:00,21.1,94,20.1,0,870.6,70,24140,2.2,81,5
2025-07-18T00:00,20.9,94,19.9,0,869.8,61,24140,1.8,79,5
2025-07-18T01:00,20.6,93,19.4,0,869.1,47,24140,2.2,99,5.8
2025-07-18T02:00,20.4,92,19.1,0,868.9,36,24140,1.3,56,5
2025-07-18T03:00,20.3,92,18.9,0,869,41,24140,1.3,34,2.9
2025-07-18T04:00,20.3,91,18.8,0,869.1,43,24140,0.8,27,2.9
2025-07-18T05:00,20.3,90,18.6,0,869.7,41,24140,0.4,90,1.8
2025-07-18T06:00,20.8,89,18.9,0,870,32,24140,0.5,225,3.2
2025-07-18T07:00,21.9,83,18.9,0,870.9,45,24140,2.5,278,7.2
2025-07-18T08:00,22.8,77,18.6,0,871,62,24140,4.8,283,11.9
2025-07-18T09:00,24.2,72,18.8,0,871.1,43,24140,4.7,274,13
2025-07-18T10:00,25.3,68,19,0,870.7,55,24140,6.1,273,15.8
2025-07-18T11:00,25.9,65,18.8,0,871.1,74,24140,5.1,278,17.3
2025-07-18T12:00,27,61,18.9,0,870.6,84,24140,7,282,16.9
2025-07-18T13:00,27.1,61,19,0,870.5,93,24140,8.3,288,19.8
2025-07-18T14:00,25.7,74,20.7,0.4,869.5,91,21460,8.3,288,21.6
2025-07-18T15:00,25.6,76,21,0.5,868.8,94,24140,7.3,290,19.8
2025-07-18T16:00,24.4,81,20.9,2.4,867.7,100,24140,7.8,292,19.1
2025-07-18T17:00,23.5,82,20.2,0.7,867.4,77,24140,6.1,298,17.6
2025-07-18T18:00,23,86,20.5,0,867.4,51,24140,5.8,292,14
2025-07-18T19:00,22.3,91,20.7,0,867.5,48,24140,4.5,284,13
2025-07-18T20:00,21.8,95,21,0,868.1,53,24140,2.7,293,9.4
2025-07-18T21:00,21.5,97,21,0,868.3,65,24140,2.8,320,5.8
2025-07-18T22:00,21.3,98,21,0,868.4,75,24140,3.3,311,6.8
2025-07-18T23:00,21.5,97,21,0,868.2,61,24140,4,265,8.6
2025-07-19T00:00,21.3,97,20.8,0,867.7,68,24140,3.6,276,9
2025-07-19T01:00,21.1,97,20.6,0,867.3,71,24140,3,284,7.9
2025-07-19T02:00,21,98,20.6,0,866.5,70,24140,3.6,276,9
2025-07-19T03:00,20.9,98,20.6,0,866.2,74,24140,3.7,259,9
2025-07-19T04:00,20.9,98,20.5,0,865.6,90,24140,2.5,262,9
2025-07-19T05:00,20.8,97,20.3,0,866.2,86,24140,3.3,257,6.8
2025-07-19T06:00,21.2,96,20.5,0,866.7,71,24140,3.7,241,9.7
2025-07-19T07:00,22.3,90,20.5,0,866.9,67,24140,4,265,10.1
2025-07-19T08:00,23.6,83,20.6,0,867.1,70,24080,6.1,273,14
2025-07-19T09:00,24.7,77,20.4,0,867,65,22940,7.8,283,18
2025-07-19T10:00,25.7,73,20.5,0,867.2,74,23320,9.4,288,21.2
2025-07-19T11:00,26.8,68,20.4,0,867.8,59,24140,8.4,280,22
2025-07-19T12:00,27.8,63,20.1,0,867.1,62,24140,10.2,288,22.7
2025-07-19T13:00,28.1,61,19.9,0,866.5,92,24140,11.4,294,25.9
2025-07-19T14:00,26.9,67,20.3,0.1,865.7,88,24140,12.9,283,28.8
2025-07-19T15:00,25.5,74,20.5,0.1,864.7,85,7360,11.2,291,28.8
2025-07-19T16:00,24.7,78,20.6,0.1,864.3,96,5460,9.8,287,25.2
2025-07-19T17:00,24.7,81,21.2,0.2,864.4,100,24140,10.4,290,23
2025-07-19T18:00,23.4,86,20.9,0.3,864.9,100,20280,7.1,285,21.6
2025-07-19T19:00,22.8,90,21,0.2,865,100,24140,5.6,297,16.2
2025-07-19T20:00,22.4,92,21,0,865.4,100,24140,4,297,12.6
2025-07-19T21:00,21.9,95,21.1,0.1,865.9,100,24140,3.3,311,9.4
2025-07-19T22:00,21.7,97,21.2,0.2,865.9,100,24140,2.3,309,7.9
2025-07-19T23:00,21.6,96,20.9,0.3,865.7,100,24140,3.9,292,8.6
2025-07-20T00:00,21.4,97,20.9,1.2,865,100,24140,4.5,284,11.5
2025-07-20T01:00,21.2,98,20.9,1.3,864.9,100,24140,4.7,302,12.6
2025-07-20T02:00,21.2,97,20.7,0.3,864.5,100,24140,4.1,308,12.2
2025-07-20T03:00,21,97,20.5,0.8,864.1,100,24140,3.4,288,11.9
2025-07-20T04:00,21,97,20.5,0.2,863.8,100,24140,2.3,252,10.8
2025-07-20T05:00,20.6,99,20.5,0.2,864.7,100,24140,5.1,278,13.3
2025-07-20T06:00,20.8,98,20.4,0.2,864.8,100,24140,6.1,270,20.2
2025-07-20T07:00,21,96,20.4,0.7,865.3,100,6440,4.3,246,20.2
2025-07-20T08:00,21.3,95,20.4,0.9,865.7,100,10040,2.8,220,16.9
2025-07-20T09:00,21.8,92,20.5,0.7,866.2,100,8320,3.4,198,14.4
2025-07-20T10:00,21.9,91,20.4,0.9,866,100,24140,5.4,200,14.4
2025-07-20T11:00,22,88,19.9,11.3,866.8,100,24140,4.4,171,17.6
2025-07-20T12:00,21.6,91,20,2.2,866.6,100,24140,6.1,130,14.8
2025-07-20T13:00,21.2,92,19.9,6.7,866.7,100,24140,7.4,76,19.1
2025-07-20T14:00,21.1,92,19.8,6.9,866.1,100,24140,6.7,54,20.5
2025-07-20T15:00,21.4,90,19.7,2.5,866.1,100,24140,6.6,61,16.9
2025-07-20T16:00,21.5,90,19.8,0.8,865.5,100,24140,5.6,333,15.8
2025-07-20T17:00,21.3,91,19.8,0.1,865.7,100,24140,5.2,335,16.6
2025-07-20T18:00,20.9,94,19.9,0,865.5,100,24140,6.3,294,13.7
2025-07-20T19:00,20.5,96,19.8,0,865.9,100,24140,2.7,293,13.7
2025-07-20T20:00,20.4,96,19.8,0,866.6,100,24140,2,135,6.1
2025-07-20T21:00,20.3,96,19.7,0,867.2,100,24140,2.9,83,6.1
2025-07-20T22:00,20.3,95,19.5,0,867.3,100,24140,4.7,90,9.7
2025-07-20T23:00,20.2,95,19.4,0,867.3,100,24140,4.7,90,9.7
2025-07-21T00:00,20.1,95,19.3,0,866.9,100,24140,4,95,9
2025-07-21T01:00,20,95,19.1,0,866.3,100,24140,4.4,99,9.4
2025-07-21T02:00,19.9,95,19,0,866.3,100,24140,4,95,9.4
2025-07-21T03:00,19.6,96,19,0,866.1,92,24140,3.6,90,7.9
2025-07-21T04:00,19.4,97,18.9,0,866.2,85,24140,2.5,90,7.9
2025-07-21T05:00,19.1,98,18.8,0,866.4,81,24140,0.5,45,5.8
2025-07-21T06:00,20.1,96,19.4,0,867.1,85,24140,0.4,90,4
2025-07-21T07:00,21.5,87,19.3,0,868.4,88,24140,3.1,315,8.3
2025-07-21T08:00,22.9,80,19.3,0,869,87,24140,3.8,311,10.4
2025-07-21T09:00,24.3,72,18.9,0,869.6,91,24140,2,315,10.4
2025-07-21T10:00,25.7,65,18.6,0,869.4,94,24140,2.3,309,8.6
2025-07-21T11:00,26.3,60,17.9,0,869.7,99,24140,1.9,292,10.8
2025-07-21T12:00,27.2,57,17.9,0,868.9,99,19980,3.6,315,10.8
2025-07-21T13:00,27.2,57,18,0,868.3,99,19980,6.4,313,15.5
2025-07-21T14:00,25.5,74,20.5,0.3,867.5,100,20480,7.8,304,20.5
2025-07-21T15:00,24.3,83,21.2,1.8,866.9,100,24140,6.3,294,20.5
2025-07-21T16:00,23.6,86,21.1,1.5,865.9,100,24140,5.9,281,18.7
2025-07-21T17:00,23.3,86,20.8,0.1,866.5,100,21780,5.2,286,16.6
2025-07-21T18:00,22.7,88,20.6,0.2,866.3,100,6820,4,297,14
2025-07-21T19:00,22.5,90,20.7,0,866.5,100,24140,3.3,319,9.4
2025-07-21T20:00,22.2,92,20.9,0,866.9,100,24140,2,315,6.8
2025-07-21T21:00,22,93,20.8,0,867.8,100,24140,1.8,11,4.3
2025-07-21T22:00,21.7,95,20.8,0,867.8,100,24140,1.6,27,4.3
2025-07-21T23:00,21.9,92,20.5,0,868.7,100,24140,1.3,56,3.6
2025-07-22T00:00,21.7,93,20.5,0,867.7,100,10800,0.8,27,2.2
2025-07-22T01:00,21.5,93,20.3,0,867.2,100,9540,0,270,2.9
2025-07-22T02:00,21.2,95,20.4,0,866.5,93,7500,0.5,225,1.1
2025-07-22T03:00,21,96,20.4,0,866.4,80,7440,1,225,2.5
2025-07-22T04:00,20.8,97,20.3,0,866.1,88,9980,1.1,198,2.5
2025-07-22T05:00,20.7,97,20.2,0,866.8,86,24140,3.1,249,4.3
2025-07-22T06:00,21,96,20.4,0,867.2,98,18320,2.6,236,7.2
2025-07-22T07:00,21.7,91,20.2,0.2,867.7,100,15020,1.8,259,7.9
2025-07-22T08:00,22.7,86,20.2,0.1,867.7,90,12660,2,315,6.8
2025-07-22T09:00,23.9,77,19.6,0,867.8,79,24140,2.7,293,9.4
2025-07-22T10:00,25.3,71,19.6,0,867.3,83,24140,3.7,281,11.9
2025-07-22T11:00,26.3,65,19.2,0,867.7,95,19720,5.9,284,13.3
2025-07-22T12:00,27.1,61,18.9,0,867.1,88,19460,7.2,288,17.6
2025-07-22T13:00,26.4,67,19.8,0.1,866.7,100,6700,9.6,290,22.3
2025-07-22T14:00,25.3,78,21.2,1.2,865.9,100,24140,8.8,289,23
2025-07-22T15:00,25.1,79,21.2,1.2,865.2,100,24140,7.5,287,21.2
2025-07-22T16:00,24.6,81,21.1,1.4,864.7,100,24140,8.5,298,19.8
2025-07-22T17:00,23.6,88,21.5,2.6,864.7,100,24140,7.4,284,19.8
2025-07-22T18:00,22.9,91,21.3,1.9,864.8,100,24140,6.5,289,16.6
2025-07-22T19:00,22,94,21,0.8,864.9,100,24140,5.3,298,14.8
2025-07-22T20:00,21.8,95,20.9,0,865.2,93,24140,2.5,270,11.5
2025-07-22T21:00,21.6,96,20.9,0,865.6,96,24140,1.3,214,6.5
2025-07-22T22:00,21.4,96,20.8,0,865.6,97,24140,1.1,252,3.6
2025-07-22T23:00,21.5,96,20.9,0,866,100,24140,1.6,207,5
2025-07-23T00:00,21.3,96,20.6,0.4,865.2,95,24140,2.5,278,6.1
2025-07-23T01:00,21,97,20.5,0.2,864.7,85,24140,2.5,315,6.8
2025-07-23T02:00,20.9,97,20.4,0,864.2,85,24140,1.1,288,6.1
2025-07-23T03:00,20.8,97,20.3,0,863.9,86,24140,1.1,342,3.2
2025-07-23T04:00,20.8,97,20.3,0,863.5,84,24140,0.5,225,3.2
2025-07-23T05:00,20.5,97,20,0,864,84,24140,2.5,270,4
2025-07-23T06:00,21,95,20.1,0,864.3,76,24140,1.4,270,4.3
2025-07-23T07:00,22.1,88,20,0,864.9,72,24140,1.1,288,4.7
2025-07-23T08:00,23.8,78,19.7,0,865.3,76,24140,0.4,360,4.7
2025-07-23T09:00,25.2,71,19.6,0,865.5,58,24140,1.5,256,6.1
2025-07-23T10:00,26.7,64,19.3,0,865.4,69,24140,2.3,252,8.6
2025-07-23T11:00,27.8,59,19,0,865.4,79,24140,3.5,246,11.9
2025-07-23T12:00,28.6,56,19,0,864.8,75,24140,6.5,251,15.5
2025-07-23T13:00,27.6,67,20.9,0.1,864.4,100,20740,8.4,250,20.2
2025-07-23T14:00,26.2,78,22,4.9,863.7,100,24140,7.4,247,19.8
2025-07-23T15:00,25.1,80,21.4,6.6,863.4,100,19740,7.2,264,17.3
2025-07-23T16:00,24.5,83,21.4,1.1,862.6,100,24140,4.7,274,15.8
2025-07-23T17:00,24.7,83,21.6,1,863.2,100,24140,5.2,295,13.3
2025-07-23T18:00,23.7,87,21.4,1.2,862.8,100,24140,3.6,307,12.6
2025-07-23T19:00,23.1,90,21.4,0.5,862.9,48,5360,2.8,320,10.8
2025-07-23T20:00,22.9,92,21.5,0,863.3,47,24140,0.4,270,6.8
2025-07-23T21:00,22.8,92,21.5,0,864.1,65,24140,1,45,3.2
2025-07-23T22:00,22.6,93,21.4,0.1,864.4,100,24140,2.4,27,9.4
2025-07-23T23:00,22.3,95,21.4,0.3,864.3,94,24140,2.1,59,11.2
2025-07-24T00:00,22.3,94,21.3,0,863.5,93,21880,0.5,135,4.3
2025-07-24T01:00,22.1,95,21.2,0,862.7,91,24140,2.1,301,5
2025-07-24T02:00,21.7,97,21.2,0,862.2,93,24140,1.3,304,5
2025-07-24T03:00,21.6,97,21.1,0,862.1,90,24140,0.7,90,3.2
2025-07-24T04:00,21.5,96,20.8,0,862.3,81,24140,2.6,106,5.8
2025-07-24T05:00,21.4,96,20.7,0,862.6,76,24140,2.9,83,8.3
2025-07-24T06:00,22.2,93,21,0,863.6,61,24140,2.3,72,7.6
2025-07-24T07:00,23.3,86,20.8,0,864.6,71,24140,1.8,323,5.8
2025-07-24T08:00,24.6,79,20.7,0,865,90,24140,2.8,310,8.3
2025-07-24T09:00,26,71,20.3,0,865.2,91,24140,2.7,293,9.4
2025-07-24T10:00,27.4,64,20,0,865,67,24140,2.5,278,9
2025-07-24T11:00,28.8,56,19.2,0,865,58,19460,3,256,10.4
2025-07-24T12:00,29.5,54,19.2,0,864.5,49,24140,4.5,241,13
2025-07-24T13:00,28.6,61,20.4,0.1,863.9,87,19400,8.5,258,18.4
2025-07-24T14:00,27.5,75,22.7,1.5,863.3,100,24140,9.3,283,19.8
2025-07-24T15:00,26.5,78,22.4,8.8,862.7,100,24140,8.2,311,20.9
2025-07-24T16:00,25.7,79,21.8,3.1,861.9,100,24140,7.1,319,19.1
2025-07-24T17:00,25.3,81,21.8,0.2,862,100,24140,4.8,297,14.8
2025-07-24T18:00,24.4,84,21.5,0.1,861.7,100,24140,4.6,252,10.1
2025-07-24T19:00,24,87,21.7,0,862.1,58,24140,3.1,249,9.7
2025-07-24T20:00,23.7,89,21.7,0,862.9,33,19920,1.8,270,7.2
2025-07-24T21:00,23.5,90,21.7,0,863.6,22,24140,1.4,270,4.3
2025-07-24T22:00,23.2,92,21.8,0,863.9,34,19520,1.3,326,3.2
2025-07-24T23:00,22.4,95,21.6,0,863.9,81,19400,1,45,6.1
2025-07-25T00:00,22.3,97,21.8,0,863.3,90,19420,1.3,326,3.2
2025-07-25T01:00,22.1,98,21.7,0,862.8,82,24140,0.7,270,3.2
2025-07-25T02:00,21.9,99,21.7,0,862.3,90,24140,1.1,198,2.9
2025-07-25T03:00,21.7,98,21.3,0,861.9,96,19340,0.8,153,2.9
2025-07-25T04:00,21.5,98,21.2,0,861.5,91,24140,1.6,153,2.9
2025-07-25T05:00,21.4,100,21.4,0,862,87,24140,1.4,180,2.9
2025-07-25T06:00,21.9,96,21.3,0,862.3,68,24140,2.2,180,5.4
2025-07-25T07:00,23.5,89,21.6,0,863.4,72,24140,2.3,252,7.2
2025-07-25T08:00,25.2,79,21.3,0,864,100,24140,2.2,270,7.6
2025-07-25T09:00,26.6,69,20.5,0,864.5,100,24140,3.1,249,9.4
2025-07-25T10:00,27.8,63,20.1,0,864.5,90,20000,5.1,266,13
2025-07-25T11:00,28.5,58,19.5,0,864.6,61,19660,6.5,251,15.1
2025-07-25T12:00,28.5,59,19.7,0.1,864.2,99,8980,9.2,239,21.2
2025-07-25T13:00,27.7,68,21.3,0.3,864,100,4000,9.2,239,22.7
2025-07-25T14:00,26.5,76,21.9,1.1,863.5,100,4200,9.4,266,22
2025-07-25T15:00,25.5,82,22.2,2.3,862.8,100,4720,9.2,291,20.9
2025-07-25T16:00,24.6,85,21.9,1.8,862.4,100,5160,8.9,297,20.5
2025-07-25T17:00,24,87,21.7,1.7,862.6,100,14320,7.6,295,19.8
2025-07-25T18:00,23.3,90,21.6,1.4,863.1,100,24140,5.8,300,16.2
2025-07-25T19:00,22.7,93,21.5,0.9,863.9,100,24140,3.7,281,13
2025-07-25T20:00,22.3,95,21.5,0.5,864.3,100,19880,2.1,301,8.6
2025-07-25T21:00,22.3,95,21.4,0,865,100,24140,1.9,338,5
2025-07-25T22:00,22.1,96,21.5,0,865.1,100,24140,1.1,270,4.3
2025-07-25T23:00,21.8,97,21.3,0,865.1,100,24140,1.5,256,3.6
2025-07-26T00:00,21.6,97,21.1,0.2,864.5,100,24140,0.8,243,4.7
2025-07-26T01:00,21.7,96,21.1,0,864.1,100,9380,1.8,101,4.7
2025-07-26T02:00,21.6,97,21.1,0,863.2,100,24140,1.5,104,4.3
2025-07-26T03:00,21.6,97,21.1,0,862.9,92,24140,1.4,180,4.3
2025-07-26T04:00,21.5,97,21,0,862.3,92,24140,2,225,5
2025-07-26T05:00,21.1,98,20.7,0,862.8,95,24140,3.6,276,7.2
2025-07-26T06:00,21.4,97,20.9,0,863.7,91,24140,2.3,288,7.6
2025-07-26T07:00,22.4,92,21.1,0,864.5,86,24140,2.3,309,6.5
2025-07-26T08:00,23.8,83,20.7,0,865.2,86,6140,2,315,7.2
2025-07-26T09:00,25.2,75,20.4,0,865.7,86,8060,2.1,301,7.6
2025-07-26T10:00,26.2,72,20.7,0,865.7,76,20120,3.5,246,11.5
2025-07-26T11:00,26,74,21,0.1,866.2,85,8460,6,245,14.4
2025-07-26T12:00,26.4,73,21.1,0.1,865.4,100,820,7.1,246,15.8
2025-07-26T13:00,26.1,77,21.7,0.7,865.1,100,700,7,258,17.6
2025-07-26T14:00,25.6,79,21.7,4,864.8,100,780,6.3,257,15.5
2025-07-26T15:00,25.1,80,21.4,5.2,864.2,100,14360,6.2,234,14.4
2025-07-26T16:00,24.6,82,21.3,6,864.1,100,24140,5.3,208,15.1
2025-07-26T17:00,24.4,82,21.1,2.6,864,100,24140,3.2,180,13.7
2025-07-26T18:00,24.2,81,20.8,0.4,864.3,100,24140,3.3,131,11.9
2025-07-26T19:00,23.7,83,20.6,0.4,865.4,91,22120,3.2,90,13.3
2025-07-26T20:00,23.3,85,20.6,0.4,866.1,90,20420,2.2,90,14.4
2025-07-26T21:00,22.9,86,20.4,0.4,866.7,96,5360,2.9,83,17.3
2025-07-26T22:00,22.4,88,20.3,0.2,866.6,97,1420,3.4,72,19.4
2025-07-26T23:00,22,89,20.1,0.2,866.2,100,980,4.5,61,20.5
2025-07-27T00:00,21.9,88,19.8,0.1,865.4,100,2740,3.5,66,20.2
2025-07-27T01:00,21.8,89,19.9,0,865.3,100,24140,2.9,83,17.3
2025-07-27T02:00,21.7,89,19.8,0,864.9,99,24140,2.3,108,7.2
2025-07-27T03:00,21.6,90,19.9,0,864.7,100,24140,1.8,127,5.8
2025-07-27T04:00,21.6,90,19.9,0,864.3,100,24140,2.2,99,5
2025-07-27T05:00,21.5,91,20,0,864.6,93,24140,1.8,127,5.8
2025-07-27T06:00,21.7,92,20.3,0,864.7,91,24140,1.8,127,5.4
2025-07-27T07:00,22.6,86,20.2,0,865.6,97,24140,1.5,104,6.1
2025-07-27T08:00,23.6,80,19.9,0,865.8,97,24140,1.8,79,6.8
2025-07-27T09:00,24.8,74,19.9,0,866.2,70,24140,1.1,72,7.6
2025-07-27T10:00,26.1,66,19.3,0,865.9,86,23000,1,315,6.5
2025-07-27T11:00,26.7,64,19.3,0,865.7,100,19880,2.9,300,11.2
2025-07-27T12:00,25.8,70,19.9,0.1,864.7,100,16620,4.8,312,12.6
2025-07-27T13:00,25.4,75,20.6,0.3,864.6,100,17820,5.6,315,16.2
2025-07-27T14:00,24.8,83,21.7,2.7,864.3,100,21900,7.6,301,19.8
2025-07-27T15:00,23.9,88,21.8,4.8,863.7,100,24100,8.5,298,20.2
2025-07-27T16:00,23.3,89,21.4,5.1,863.1,100,20880,6.6,292,19.1
2025-07-27T17:00,22.5,92,21.2,3.5,862.8,100,24140,5.9,284,15.1
2025-07-27T18:00,22.1,94,21.1,3.5,863.3,100,24140,4.5,256,13.3
2025-07-27T19:00,21.9,94,20.9,2.5,864.1,100,24140,4,243,10.4
2025-07-27T20:00,21.8,94,20.8,2.7,865,100,24140,5.4,250,12.2
2025-07-27T21:00,21.7,93,20.5,3.1,865.3,100,24140,5.9,232,13.7
2025-07-27T22:00,21.5,94,20.5,4.8,865.2,100,24140,4.8,193,14
2025-07-27T23:00,21.5,94,20.5,6.3,865.1,100,22940,1.8,191,14.8
2025-07-28T00:00,21.5,93,20.3,1.6,865.1,100,8560,3.1,135,7.6
2025-07-28T01:00,21.4,93,20.2,1.7,864.6,100,8220,5.4,110,11.5
2025-07-28T02:00,21.3,92,19.9,1.2,864.1,100,7240,5.8,90,13
2025-07-28T03:00,21.2,91,19.7,0.6,863.9,100,7440,5.1,86,13
2025-07-28T04:00,21.1,92,19.8,0.3,863.5,100,13980,1.8,101,11.5
2025-07-28T05:00,21.2,90,19.5,0.4,863.9,100,9920,5.1,82,5.4
2025-07-28T06:00,21.2,90,19.5,0.4,864.5,99,10920,4.7,90,14.4
2025-07-28T07:00,21.2,90,19.5,0.6,865.2,100,12560,6.5,93,17.3
2025-07-28T08:00,20.9,91,19.4,2.9,865.5,100,15880,5.4,82,18.7
2025-07-28T09:00,21.4,88,19.3,1.3,865.8,100,14720,4.8,48,14.8
2025-07-28T10:00,22.3,85,19.6,0.3,865.5,100,8220,3.9,22,13
2025-07-28T11:00,23.1,81,19.7,0,866.4,100,9760,3.2,27,11.2
2025-07-28T12:00,23.6,79,19.7,0,865.5,100,8200,2.2,351,10.1
2025-07-28T13:00,23.6,80,20,0.1,865.6,100,9900,3.7,349,18.4
2025-07-28T14:00,23.2,84,20.3,0.4,865.2,100,20380,5.8,7,19.8
2025-07-28T15:00,22.8,87,20.5,0.5,864.9,100,20720,4.3,24,19.8
2025-07-28T16:00,22.6,87,20.3,0.4,864.3,100,24140,2.8,40,16.2
2025-07-28T17:00,22.4,89,20.5,0.5,864.5,100,21140,2.3,39,13.3
2025-07-28T18:00,21.9,90,20.2,0.9,864.9,100,22740,3.1,45,15.5
2025-07-28T19:00,21.6,91,20.1,0.8,865.7,100,24140,2.6,56,15.5
2025-07-28T20:00,21.5,93,20.3,0.4,866.5,100,24140,4.3,48,11.2
2025-07-28T21:00,21.4,93,20.2,0.1,866.6,100,10020,3.8,17,11.2
2025-07-28T22:00,21.2,95,20.4,0.2,866.5,100,10300,1.8,360,9.4
2025-07-28T23:00,21.1,93,19.9,0.2,866,100,7380,1.9,22,4.7
2025-07-29T00:00,21.1,94,20.1,0,865.7,100,7580,1.4,360,4.7
2025-07-29T01:00,21,94,20,0,865.1,99,7500,1,45,5
2025-07-29T02:00,21,93,19.8,0,864.9,97,9480,1.3,56,5.4
2025-07-29T03:00,20.9,93,19.7,0,864.8,96,1500,1.8,53,6.1
2025-07-29T04:00,20.8,94,19.8,0,864.6,96,740,1.8,11,6.1
2025-07-29T05:00,20.8,93,19.6,0,865.2,91,1120,2.6,74,5.4
2025-07-29T06:00,21.1,94,20.1,0,865.7,91,4680,2,45,6.1
2025-07-29T07:00,21.7,89,19.8,0,866.5,97,11040,1.3,34,6.1
2025-07-29T08:00,22.1,85,19.4,0,867,97,5700,2.5,360,7.9
2025-07-29T09:00,22.5,84,19.7,0,866.9,97,20420,2.6,344,8.6
2025-07-29T10:00,23.6,79,19.8,0,866.9,94,21220,2.4,333,9
2025-07-29T11:00,24.1,76,19.6,0,867,93,5240,1.6,333,22
2025-07-29T12:00,25,76,20.5,0,867.1,94,5100,3.6,315,20.5
2025-07-29T13:00,24.8,79,20.9,0.6,866.8,95,11220,5.4,307,22
2025-07-29T14:00,24.3,82,21,1.5,866.3,100,5400,5.1,309,22
2025-07-29T15:00,23.4,85,20.8,1.2,865.6,100,5900,2.9,300,18.4
2025-07-29T16:00,22.9,88,20.8,0.7,865,100,6180,2.5,352,14.4
2025-07-29T17:00,23.2,88,21.1,0.5,865.3,99,6440,1.8,323,16.9
2025-07-29T18:00,22.5,89,20.6,0.5,865.4,100,11980,4.6,51,18
2025-07-29T19:00,22.2,90,20.5,0.1,865.6,100,11500,3.7,61,18
2025-07-29T20:00,21.9,92,20.6,0,866.4,98,11880,3,76,7.9
2025-07-29T21:00,21.7,93,20.5,0,866.8,100,14380,3,76,6.5
2025-07-29T22:00,21.6,94,20.6,0.1,867.2,99,24140,3,76,13.3
2025-07-29T23:00,21.4,93,20.2,0.3,867.3,99,2360,3.9,68,13.3
2025-07-30T00:00,21.2,94,20.2,0,866.6,85,24140,2.2,81,7.6
2025-07-30T01:00,20.9,94,19.9,0,865.9,74,6000,2.3,129,5.4
2025-07-30T02:00,20.6,95,19.8,0,865.5,63,24140,2,135,5.4
2025-07-30T03:00,20.3,96,19.6,0,864.7,59,24140,3,104,6.5
2025-07-30T04:00,20.1,96,19.5,0,864.4,89,18800,3.7,101,8.3
2025-07-30T05:00,20,97,19.5,0,865.1,97,17980,1.9,112,8.3
2025-07-30T06:00,20.6,96,19.9,0,866,86,1740,1.9,68,5
2025-07-30T07:00,22,86,19.5,0,866.8,66,24140,2.1,59,7.2
2025-07-30T08:00,23.2,80,19.5,0,867.4,63,6980,1.1,18,7.2
2025-07-30T09:00,24.7,72,19.3,0,867.7,54,6140,0.8,63,7.6
2025-07-30T10:00,26,65,18.9,0,867.7,72,9140,0.8,63,7.6
2025-07-30T11:00,26.9,61,18.8,0.1,868.2,91,4800,4.2,250,9.4
2025-07-30T12:00,26.8,65,19.6,0,867.9,83,5020,7.3,261,19.1
2025-07-30T13:00,25.5,77,21.2,1.5,867.3,100,5240,7.8,257,20.2
2025-07-30T14:00,25,79,21.1,4.3,866.7,100,3400,7,258,19.4
2025-07-30T15:00,24.3,84,21.4,2.3,866.1,100,680,4.9,253,17.6
2025-07-30T16:00,24.1,83,21,1.3,865.7,100,620,3.3,221,13
2025-07-30T17:00,23.8,83,20.8,0.8,866,96,360,1.5,194,8.6
2025-07-30T18:00,23.3,83,20.3,0.4,866.2,90,540,3,76,10.1
2025-07-30T19:00,22.6,84,19.7,0.4,867.1,100,680,3.7,79,11.2
2025-07-30T20:00,22.2,85,19.6,0.5,868,100,560,2.4,63,10.8
2025-07-30T21:00,21.8,87,19.6,0.5,868.4,100,320,2.9,30,11.2
2025-07-30T22:00,21.6,88,19.5,0.2,868.4,98,180,1.5,14,11.2
2025-07-30T23:00,21.4,88,19.3,0.3,867.8,99,280,4,63,7.9
2025-07-31T00:00,21.4,88,19.3,0,867.3,93,1100,2.7,67,11.5
2025-07-31T01:00,21.3,88,19.3,0,866.9,96,1360,2.5,82,7.6
2025-07-31T02:00,21.3,89,19.4,0,866.5,93,940,1.8,90,6.1
2025-07-31T03:00,21.2,90,19.5,0,866.1,93,780,1.5,104,4.7
2025-07-31T04:00,21,90,19.3,0,865.6,95,13100,0.8,297,3.2
2025-07-31T05:00,20.8,92,19.5,0,865.8,96,10860,1.8,281,5.4
2025-07-31T06:00,20.7,94,19.7,0,865.9,94,6700,2.9,270,7.6
2025-07-31T07:00,21.4,90,19.7,0,866.7,91,3980,2.6,286,7.6
2025-07-31T08:00,22.6,83,19.6,0,867.4,96,24140,2.6,286,8.3
2025-07-31T09:00,23.3,81,19.8,0,867.5,94,24140,2.3,309,9
2025-07-31T10:00,24.5,77,20.2,0.1,867.5,96,9200,1.8,323,10.4
2025-07-31T11:00,24.5,78,20.4,0.1,867.6,93,9420,5.2,282,14
2025-07-31T12:00,25,78,20.9,0.7,867.4,88,9280,7,282,17.3
2025-07-31T13:00,24.5,80,20.8,2.5,866.9,94,580,9.4,270,22.3
2025-07-31T14:00,24.1,82,20.8,2.8,866.5,100,2860,8.3,272,21.6
2025-07-31T15:00,23.8,83,20.7,1.5,865.7,100,12200,6.8,267,19.1
2025-07-31T16:00,23.5,84,20.6,1.9,865.4,100,20200,5.4,270,15.8
2025-07-31T17:00,22.7,89,20.8,2.1,866.1,95,20660,5.8,274,13.3
2025-07-31T18:00,22,92,20.7,2,866.4,94,24140,4.7,279,15.5
2025-07-31T19:00,21.6,94,20.6,1.8,867,95,24140,3,284,12.6
2025-07-31T20:00,21.3,95,20.5,1.3,867.8,97,24140,1.8,307,8.3
2025-07-31T21:00,21.1,96,20.5,1.2,867.9,96,24140,1.8,323,7.2
2025-07-31T22:00,20.9,97,20.4,0.9,867.9,92,24140,2.3,309,7.9
2025-07-31T23:00,20.5,98,20.1,0.8,867.4,93,24140,3.7,281,9
2025-08-01T00:00,20.2,99,20,0.4,866.7,92,24140,3.4,288,10.4
2025-08-01T01:00,20.1,97,19.6,0,866,87,24140,2.5,278,10.1
2025-08-01T02:00,20,97,19.5,0,865.8,90,5020,1.5,256,6.5
2025-08-01T03:00,20,97,19.5,0,865.7,92,2220,0.5,45,4.7
2025-08-01T04:00,20.1,95,19.3,0,865.2,92,8200,1.1,18,3.6
2025-08-01T05:00,20.2,94,19.2,0,865.5,62,24140,1.5,76,3.2
2025-08-01T06:00,20.6,93,19.4,0,866.3,61,24140,0.4,270,2.9
2025-08-01T07:00,21.8,85,19.1,0,867.4,77,24140,0.4,270,2.9
2025-08-01T08:00,23.2,79,19.3,0,867.8,77,12060,2.4,333,7.2
2025-08-01T09:00,24.5,73,19.4,0,867.8,88,16440,2.6,304,8.6
2025-08-01T10:00,25.2,69,19.1,0,867.8,94,4720,5.4,262,13.3
2025-08-01T11:00,24.8,74,19.8,0.1,868.3,92,9480,8.6,272,17.3
2025-08-01T12:00,25.4,75,20.7,0.5,868.1,87,9200,9.4,272,21.2
2025-08-01T13:00,24.8,76,20.3,0.4,867.4,100,6780,9.2,281,22
2025-08-01T14:00,24.6,77,20.3,0.1,866.5,100,7880,8.5,282,20.9
2025-08-01T15:00,24.3,77,20,0.2,865.7,100,8120,7.2,288,18.7
2025-08-01T16:00,24,81,20.5,0.2,865.5,100,8860,7.6,289,17.6
2025-08-01T17:00,22.8,86,20.3,0.4,866.1,100,20560,7.4,299,18.4
2025-08-01T18:00,22.4,88,20.3,0.1,866.2,100,13200,5.7,288,17.3
2025-08-01T19:00,21.9,91,20.3,0,866.5,87,24140,5.2,295,13.7
2025-08-01T20:00,21.6,94,20.6,0,867.3,81,24140,2.8,320,11.2
2025-08-01T21:00,21.5,94,20.5,0,867.7,80,24140,1.8,349,6.5
2025-08-01T22:00,21.1,96,20.5,0.1,867.8,99,24140,3.6,307,7.6
2025-08-01T23:00,20.8,98,20.5,0.5,867.6,100,24140,3.5,294,11.5
2025-08-02T00:00,20.7,97,20.2,0.4,867.1,100,24140,1.5,284,8.6
2025-08-02T01:00,20.8,96,20.1,0,866.5,100,24140,2,45,7.6
2025-08-02T02:00,21.1,92,19.8,0.1,866.1,100,24140,1.4,90,7.9
2025-08-02T03:00,21,92,19.7,0,865.7,100,24140,2.5,270,6.1
2025-08-02T04:00,20.6,96,19.9,0,865.6,100,24140,2.7,203,9
2025-08-02T05:00,20.5,96,19.9,0.1,865.7,100,24140,2.4,207,7.6
2025-08-02T06:00,20.8,94,19.8,0,866.3,100,24140,3.8,107,8.3
2025-08-02T07:00,22,86,19.6,0,867.6,100,24140,4.8,77,11.9
2025-08-02T08:00,23.4,79,19.5,0,868.1,91,22400,1.8,90,10.4
2025-08-02T09:00,24.7,72,19.3,0,868.7,100,8260,1.1,162,6.1
2025-08-02T10:00,25.7,66,18.9,0,868.6,100,10260,1.3,214,6.5
2025-08-02T11:00,26.2,63,18.6,0,868.4,100,400,4,243,8.6
2025-08-02T12:00,26,65,18.9,0,868,100,260,3.8,253,11.2
2025-08-02T13:00,26,69,19.8,0,867.8,100,420,2.5,270,9.7
2025-08-02T14:00,25.9,72,20.5,0.1,867.2,100,660,1.9,292,8.6
2025-08-02T15:00,25.2,79,21.3,1.5,866.2,100,3720,2.5,262,10.1
2025-08-02T16:00,24,85,21.3,5.9,866,100,2380,4.4,261,10.1
2025-08-02T17:00,23.1,90,21.3,7.2,866.6,100,2660,3.6,270,10.8
2025-08-02T18:00,22.4,93,21.2,2.3,867,100,3020,2.5,315,9.4
2025-08-02T19:00,22.1,93,20.9,3,867.7,100,4160,2.9,30,9.4
2025-08-02T20:00,22.2,91,20.6,2.2,868.3,100,4180,3.8,49,11.2
2025-08-02T21:00,22.1,90,20.4,2.1,868.8,100,1660,3.7,11,10.1
2025-08-02T22:00,21.3,95,20.5,5.7,868.4,100,1040,5.8,338,13
2025-08-02T23:00,21.5,92,20.1,27.4,868.4,100,740,2.3,72,12.2
2025-08-03T00:00,21.5,92,20.1,2.5,868,100,620,2.8,140,12.6
2025-08-03T01:00,21.4,91,19.9,1.5,868,100,620,1.5,104,11.2
2025-08-03T02:00,21.1,93,19.9,0.6,867.8,100,2380,2.5,8,11.5
2025-08-03T03:00,20.9,94,19.9,0,867.7,98,8240,4.4,35,10.8
2025-08-03T04:00,20.9,94,19.9,0,867.6,96,7240,4.1,52,10.8
2025-08-03T05:00,20.9,93,19.7,0,867.8,95,10400,3.1,54,10.1
2025-08-03T06:00,21.7,89,19.8,0,868.6,92,9860,5,69,11.9
2025-08-03T07:00,22.6,81,19.1,0,869.3,94,9220,6.1,93,15.1
2025-08-03T08:00,23.3,78,19.2,0,869.7,90,20560,6.2,100,15.8
2025-08-03T09:00,23.9,76,19.4,0,870,91,24140,5.1,98,25.6
2025-08-03T10:00,24.9,75,20.1,0,869.9,94,24140,2.9,97,25.2
2025-08-03T11:00,25.6,72,20.2,0,870.3,100,24140,3.3,139,24.1
2025-08-03T12:00,26.2,68,19.8,0,869.8,100,12920,2.3,141,23
2025-08-03T13:00,26.9,65,19.8,0,870.1,100,10400,3.6,174,20.2
2025-08-03T14:00,25.9,72,20.5,0.6,869.4,100,6620,6,197,15.8
2025-08-03T15:00,24.4,79,20.5,3.5,868.6,100,2500,5.9,191,18.7
2025-08-03T16:00,23.6,81,20.2,1.6,868.1,100,2500,4.3,175,18.4
2025-08-03T17:00,23.4,81,20,0.5,868.8,100,5040,2.9,180,15.5
2025-08-03T18:00,22.9,82,19.7,0.3,869,98,7260,2.4,153,14
2025-08-03T19:00,22.5,83,19.4,0.3,869.6,99,9040,3.1,126,13.7
2025-08-03T20:00,22.1,85,19.4,0.7,870.2,98,20720,4.6,108,14
2025-08-03T21:00,21.7,87,19.5,0.6,870.7,99,24140,5.9,104,18.7
2025-08-03T22:00,21.6,87,19.3,0.3,870.9,100,24140,5.9,101,20.2
2025-08-03T23:00,21.2,87,19,0.4,870.7,100,3780,7.2,96,19.8
2025-08-04T00:00,21.1,87,18.8,0,869.7,100,4540,6.1,90,16.9
2025-08-04T01:00,21,88,18.9,0,868.9,96,9960,5.8,97,15.5
2025-08-04T02:00,20.9,88,18.9,0,868.8,100,240,6.4,106,15.8
2025-08-04T03:00,20.8,89,18.9,0,868.7,100,100,6.2,100,15.8
2025-08-04T04:00,20.7,89,18.8,0,868.6,100,80,5.4,94,15.5
2025-08-04T05:00,20.5,90,18.8,0,869.2,89,120,4.7,94,13
2025-08-04T06:00,20.9,89,19,0,869.7,83,100,4.2,121,11.5
2025-08-04T07:00,21.7,85,19.1,0,870.5,89,80,3.9,124,11.9
2025-08-04T08:00,22.5,80,18.8,0,870.7,96,100,4,100,11.9
2025-08-04T09:00,23.2,76,18.8,0,870.9,97,160,3,104,11.9
2025-08-04T10:00,23.3,74,18.4,0,870.6,98,580,2.2,90,10.8
2025-08-04T11:00,24.2,68,17.9,0.1,870.9,96,260,2.1,211,8.6
2025-08-04T12:00,24.1,69,18,0.1,870.5,99,260,3.3,221,10.1
2025-08-04T13:00,23.6,72,18.3,0.2,870.5,100,960,3.4,198,12.2
2025-08-04T14:00,23.2,75,18.5,0.1,869.6,100,2520,2.9,180,13
2025-08-04T15:00,23,77,18.7,0.1,869.1,99,80,1.6,153,12.2
2025-08-04T16:00,22.9,78,18.8,0.1,868.8,98,60,0.8,117,10.8
2025-08-04T17:00,22.8,76,18.3,0.1,869.3,98,80,1.6,117,6.1
2025-08-04T18:00,22.2,79,18.4,0,869.5,98,300,1.5,104,7.6
2025-08-04T19:00,21.9,82,18.7,0.2,869.6,100,840,0.5,45,5.4
2025-08-04T20:00,21.5,85,18.9,0.2,869.7,100,680,0.4,360,4.3
2025-08-04T21:00,21.2,87,19,0.3,870,100,140,0.5,45,4.3
2025-08-04T22:00,21,88,19,0.2,870,98,80,1.8,79,5.8
2025-08-04T23:00,21,87,18.8,0,870.6,96,60,2.2,90,7.6
2025-08-05T00:00,20.9,87,18.6,0,869.8,98,80,2.4,117,6.8
2025-08-05T01:00,20.8,87,18.5,0,869.3,98,100,3.4,108,9
2025-08-05T02:00,20.7,88,18.6,0,868.6,98,140,3.7,119,9.7
2025-08-05T03:00,20.7,88,18.6,0,868.6,95,240,2.7,113,9.7
2025-08-05T04:00,20.6,88,18.5,0,868.7,96,400,2.7,113,7.6
2025-08-05T05:00,20.5,88,18.4,0.1,868.9,98,460,3.6,127,9.7
2025-08-05T06:00,20.5,88,18.4,0,869.7,99,560,3.7,119,9.4
2025-08-05T07:00,20.6,87,18.4,0,870.2,97,220,4.3,114,11.9
2025-08-05T08:00,21.3,84,18.5,0,871.1,97,440,3.3,96,11.9
2025-08-05T09:00,22.4,78,18.4,0,870.9,95,580,2.3,72,10.1
2025-08-05T10:00,23.7,71,18.1,0.1,871.3,94,420,1,315,9
2025-08-05T11:00,24.5,66,17.7,0,871.4,98,200,2.7,247,15.1
2025-08-05T12:00,24.2,73,19.1,0.2,871.3,93,200,5.8,274,18.4
2025-08-05T13:00,23.5,81,20.1,1.4,870.7,92,660,7,282,19.8
2025-08-05T14:00,23.2,83,20.2,1.8,870.1,99,1160,7.2,276,19.4
2025-08-05T15:00,22.6,86,20.1,2.2,869.1,100,880,6.9,276,19.1
2025-08-05T16:00,21.8,89,19.9,1.8,868.8,98,440,7.2,273,18.4
2025-08-05T17:00,21.2,90,19.5,0.9,868.9,95,400,5,270,18.4
2025-08-05T18:00,20.8,92,19.5,0.6,868.9,88,380,4.6,288,13.3
2025-08-05T19:00,20.4,94,19.4,0.4,869.7,92,860,4,297,11.2
2025-08-05T20:00,20.1,96,19.5,0.3,870,88,14920,4.1,308,11.2
2025-08-05T21:00,20,96,19.4,0,870,84,24140,1.3,326,9.7
2025-08-05T22:00,20.1,95,19.2,0,869.6,78,24140,2.5,98,5.4
2025-08-05T23:00,20.1,95,19.2,0,869.7,95,24140,1.8,180,7.2
2025-08-06T00:00,20.3,94,19.3,0,869.3,97,24140,2.8,130,6.5
2025-08-06T01:00,20.3,93,19.1,0.1,868.8,99,20180,2.4,117,7.2
2025-08-06T02:00,20.2,95,19.3,0.3,868.7,100,19140,2,225,5.4
2025-08-06T03:00,19.9,96,19.3,0.4,868.5,100,19800,3.3,276,7.6
2025-08-06T04:00,19.8,97,19.3,0.1,868.6,100,20540,1.8,307,7.6
2025-08-06T05:00,19.9,96,19.2,0,868.9,100,24140,2.9,263,4.7
2025-08-06T06:00,20.1,95,19.2,0,869.3,100,24140,1.8,270,6.1
2025-08-06T07:00,20.3,94,19.3,0,869.7,86,24140,0.5,315,4.3
2025-08-06T08:00,21,89,19.1,0,869.8,83,8960,0.5,225,3.2
2025-08-06T09:00,22.3,83,19.2,0,870.2,96,4360,1.5,225,5.8
2025-08-06T10:00,23.5,76,19,0.1,870.3,94,11500,1.5,284,6.8
2025-08-06T11:00,24.5,75,19.8,0,871.2,80,13020,4.7,274,13.3
2025-08-06T12:00,24.7,76,20.2,0.3,870.4,94,1260,7.6,273,18.4
2025-08-06T13:00,24.1,80,20.4,1.3,869.5,93,840,8.2,285,20.2
2025-08-06T14:00,23.8,81,20.4,1.1,868.5,95,1720,7.8,283,19.8
2025-08-06T15:00,23.5,83,20.4,1.3,867.4,93,1740,6.8,273,18
2025-08-06T16:00,23,84,20.2,0.7,866.8,97,3120,6.2,280,16.2
2025-08-06T17:00,22.3,88,20.2,0.2,867.4,94,220,7.3,303,15.1
2025-08-06T18:00,21.6,91,20.1,0.2,867.5,75,3420,5.6,310,15.1
2025-08-06T19:00,21.1,95,20.2,0,868.2,70,16620,4.7,302,13
2025-08-06T20:00,20.7,97,20.2,0,868.5,73,24140,3.3,311,10.4
2025-08-06T21:00,20.5,97,20,0,868.4,85,24140,2.3,321,7.6
2025-08-06T22:00,20.3,98,19.9,0,868.4,82,24140,0.8,297,5.4
2025-08-06T23:00,20.4,98,20.1,0,868.4,60,24140,0.8,117,2.9
2025-08-07T00:00,20.4,97,19.9,0,867.9,52,24140,1.6,153,4
2025-08-07T01:00,20.2,98,19.9,0,867.2,72,24140,1.9,112,4.3
2025-08-07T02:00,20.2,98,19.9,0,867.2,75,24140,1.3,124,4.3
2025-08-07T03:00,20.1,98,19.8,0,866.9,73,24140,0.8,117,3.6
2025-08-07T04:00,20,98,19.7,0,866.4,82,24140,1.3,124,3.6
2025-08-07T05:00,20.1,98,19.7,0,867.2,82,24140,0.5,135,4
2025-08-07T06:00,20.5,96,19.9,0,867.7,82,24140,0.4,90,3.6
2025-08-07T07:00,21.6,89,19.7,0,868.5,83,24140,1.1,18,5
2025-08-07T08:00,22.9,82,19.6,0,868.9,100,24140,1.1,18,5.4
2025-08-07T09:00,24.2,74,19.3,0,868.9,68,24140,0.7,360,5.4
2025-08-07T10:00,25.7,65,18.6,0,868.8,72,24140,0.4,270,5.4
2025-08-07T11:00,26.8,62,18.9,0,869.6,90,23180,4,243,7.9
2025-08-07T12:00,27.2,61,19,0.1,869.5,83,24140,5.8,266,14.8
2025-08-07T13:00,26.6,70,20.6,0.3,869.1,100,16460,9,272,22
2025-08-07T14:00,25.3,77,20.9,1.7,868.2,100,860,9,268,23
2025-08-07T15:00,24.7,78,20.6,1,867.6,100,1160,6.9,264,21.6
2025-08-07T16:00,24.1,80,20.4,0.5,867,100,680,5.1,266,15.8
2025-08-07T17:00,23.5,83,20.4,0.1,866.8,100,500,2.6,286,13.3
2025-08-07T18:00,22.8,86,20.3,0.1,867.3,100,480,1.1,288,9
2025-08-07T19:00,22.5,87,20.2,0.2,868.3,100,900,1.8,360,7.2
2025-08-07T20:00,22.1,88,20,0.4,868.9,100,24140,1.8,11,7.2
2025-08-07T21:00,21.9,89,20,0.5,869.2,100,24140,2.6,56,9.7
2025-08-07T22:00,21.7,89,19.8,0.3,869,100,24140,3.5,66,10.8
2025-08-07T23:00,21.8,90,20.1,0.7,869.5,100,24140,4.5,61,10.1
2025-08-08T00:00,21.6,91,20,1.3,868.7,100,24140,4.3,66,14.8
2025-08-08T01:00,21.5,91,19.9,1.2,868.7,100,24140,4.5,76,16.6
2025-08-08T02:00,21.4,90,19.7,1,868.4,100,24140,4,63,16.6
2025-08-08T03:00,21.3,90,19.6,1.7,868,100,24140,4.3,90,13.7
2025-08-08T04:00,21.2,91,19.6,2.1,867.8,100,12220,6.9,99,19.1
2025-08-08T05:00,20.9,92,19.6,0.9,868.3,100,21020,6.1,90,21.6
2025-08-08T06:00,20.9,91,19.4,0.6,869.3,100,12020,7.6,85,23
2025-08-08T07:00,21.2,90,19.5,0.8,870,100,10100,6.8,90,18.7
2025-08-08T08:00,21.7,88,19.6,0.4,870.4,100,220,6.5,90,18
2025-08-08T09:00,22.7,83,19.7,0,870.9,96,80,5.8,83,17.6
2025-08-08T10:00,23.9,77,19.6,0,871.2,94,80,5.4,94,16.6
2025-08-08T11:00,25.1,72,19.7,0.1,872,100,140,4.8,132,16.2
2025-08-08T12:00,25.5,71,19.9,0,871.6,100,500,3.7,119,25.2
2025-08-08T13:00,25.7,70,19.8,0,871.1,100,1460,1.8,143,22.7
2025-08-08T14:00,25.4,72,20,0,870.8,100,6020,2.9,180,18.7
2025-08-08T15:00,24.3,79,20.4,0.6,870.4,100,20240,1.9,202,17.6
2025-08-08T16:00,23.8,82,20.5,1.2,870.3,100,20940,1,225,14
2025-08-08T17:00,23.2,82,19.9,1.9,870.4,100,1100,2.9,187,9.4
2025-08-08T18:00,22.4,84,19.6,0.3,870.7,100,7500,2.9,180,12.2
2025-08-08T19:00,22,86,19.6,0.3,871.2,92,23520,1.4,180,11.5
2025-08-08T20:00,21.7,87,19.5,0.3,872,94,24140,1.6,153,9
2025-08-08T21:00,21.5,88,19.4,0.3,872.2,98,24140,1.5,194,9
2025-08-08T22:00,21.2,90,19.5,0.5,872.5,94,20960,1,225,8.6
2025-08-08T23:00,21.1,90,19.4,0.5,872.7,99,11100,1,225,8.3
2025-08-09T00:00,21,91,19.4,0.4,872.2,98,5600,1,45,6.5
2025-08-09T01:00,20.8,91,19.2,0.2,871.7,97,300,1.3,34,6.5
2025-08-09T02:00,20.7,91,19.2,0,871.2,87,120,1.1,72,3.6
2025-08-09T03:00,20.5,92,19.2,0,870.9,81,200,2.3,129,5
2025-08-09T04:00,20.4,93,19.2,0,871,82,520,2.6,106,5.8
2025-08-09T05:00,20,96,19.4,0,871.4,76,580,1.9,112,6.1
2025-08-09T06:00,20.6,94,19.6,0,871.8,84,520,1.5,135,4.7
2025-08-09T07:00,21.6,88,19.5,0,872.5,81,520,2.3,129,6.8
2025-08-09T08:00,22.8,81,19.4,0,872.6,84,1140,1.5,135,7.2
2025-08-09T09:00,24.2,72,18.8,0,873,97,23560,0.8,243,6.5
2025-08-09T10:00,25,68,18.7,0,872.7,78,13240,3.2,297,9.7
2025-08-09T11:00,25.1,68,18.8,0,872.9,92,7560,5.4,274,15.1
2025-08-09T12:00,24.5,76,20,0.2,872.2,95,7720,6.5,270,17.3
2025-08-09T13:00,24,80,20.3,1.1,871.7,100,8780,7.2,270,18.4
2025-08-09T14:00,23.1,85,20.5,2.4,871.4,100,4060,7.2,270,18.4
2025-08-09T15:00,22.6,89,20.7,1.7,870.7,100,2840,5.6,285,17.6
2025-08-09T16:00,22.4,90,20.6,1,870.4,100,2340,4.7,293,14.4
2025-08-09T17:00,22,92,20.7,1.4,870.2,100,9660,4.7,293,11.9
2025-08-09T18:00,21.5,93,20.3,1,870.3,91,2500,3.9,304,11.5
2025-08-09T19:00,21,95,20.2,0.4,870.6,94,5640,2.7,293,10.4
2025-08-09T20:00,20.7,96,20,0.2,871,96,24140,3.1,291,8.3
2025-08-09T21:00,20.6,97,20.1,0,871.1,94,24140,2.2,279,7.6
2025-08-09T22:00,20.6,96,19.9,0,871.2,96,24140,1.6,297,6.5
2025-08-09T23:00,20.5,96,19.8,0.1,871.1,98,24140,0.8,297,7.6
2025-08-10T00:00,20.4,96,19.7,0.1,870.3,100,24140,1.5,256,6.5
2025-08-10T01:00,20.3,96,19.6,0.3,870.3,100,24140,1.3,304,6.5
2025-08-10T02:00,20.2,95,19.4,0.2,870.1,100,22340,1.8,281,7.2
2025-08-10T03:00,20,97,19.5,0.4,869.9,100,23740,2.4,297,8.3
2025-08-10T04:00,19.8,98,19.4,0.4,869.6,100,22180,2.5,315,8.3
2025-08-10T05:00,20,98,19.6,0.4,869.8,98,24140,1,315,9
2025-08-10T06:00,20.2,96,19.5,0.3,870.3,99,24140,0.4,180,5.8
2025-08-10T07:00,20.8,94,19.8,0.2,870.9,100,24140,0.8,153,6.5
2025-08-10T08:00,21.2,92,19.9,0.4,871.1,100,24140,1.1,162,6.8
2025-08-10T09:00,21.7,90,20,0.3,871.7,100,11560,2.6,196,8.6
2025-08-10T10:00,22.1,89,20.2,0.3,871.4,100,11340,4.3,222,10.8
2025-08-10T11:00,22.8,86,20.4,1.3,871.6,94,5940,6,253,13.3
2025-08-10T12:00,22.6,87,20.3,1.3,870.8,95,20700,6.4,243,15.8
2025-08-10T13:00,22.3,88,20.2,1.3,870.6,99,11340,5.5,247,15.5
2025-08-10T14:00,22.4,86,20,0.8,869.6,100,7860,3.6,225,14
2025-08-10T15:00,22.3,87,20,0.4,869.1,100,7740,3.4,212,13.3
2025-08-10T16:00,22.1,87,19.8,0.2,868.3,100,8980,2.6,196,13
2025-08-10T17:00,22.2,84,19.4,0.1,868.5,95,6260,3.3,229,11.2
2025-08-10T18:00,22,86,19.5,0,869.1,100,1240,3.1,234,9
2025-08-10T19:00,21.6,89,19.7,0,869.5,100,900,2.3,219,7.9
2025-08-10T20:00,21.4,91,19.8,0,870.1,99,1560,1.5,194,5.4
2025-08-10T21:00,21.2,92,19.8,0,870,100,1960,1.6,153,3.6
2025-08-10T22:00,20.9,94,19.9,0,869.9,100,2200,1.3,214,4
2025-08-10T23:00,21.1,95,20.2,0,869.9,100,4460,1.8,259,5
2025-08-11T00:00,20.9,96,20.3,0,869.3,99,11080,2.4,207,7.6
2025-08-11T01:00,20.6,97,20.1,0.3,869.2,100,7360,2.5,188,9.7
2025-08-11T02:00,20.5,96,19.8,0.2,868.5,100,1300,3,166,10.8
2025-08-11T03:00,20.4,95,19.6,0,868.4,100,740,1.9,158,8.6
2025-08-11T04:00,20.4,95,19.5,0,867.7,100,480,1.5,194,6.5
2025-08-11T05:00,20.2,95,19.4,0.2,868.9,100,440,0.5,45,3.6
2025-08-11T06:00,20.5,94,19.5,0,869,99,560,1.6,63,4.7
2025-08-11T07:00,21.2,91,19.6,0,869.9,98,620,1.8,90,5.8
2025-08-11T08:00,22.3,84,19.4,0,870.2,97,5620,0.5,45,5.8
2025-08-11T09:00,23.2,79,19.4,0,870.3,96,3700,1.8,281,6.5
2025-08-11T10:00,24,77,19.7,0,870.5,93,1960,1.3,236,8.6
2025-08-11T11:00,24.5,76,20,0,870.9,95,3220,1.8,270,7.2
2025-08-11T12:00,25.2,74,20.3,0,870.2,91,2740,3.9,248,11.2
2025-08-11T13:00,24.9,76,20.4,0.1,869.6,100,6040,4.8,257,12.6
2025-08-11T14:00,24.6,81,21.1,1.9,868.7,100,17560,5.8,266,13.7
2025-08-11T15:00,23.7,86,21.2,3.6,867.7,100,24140,6.5,273,15.1
2025-08-11T16:00,22.8,90,21.1,2.9,867.2,100,24140,6.7,286,15.5
2025-08-11T17:00,22.2,92,20.9,2.3,867.6,100,24140,7.4,293,15.8
2025-08-11T18:00,21.6,94,20.6,1.2,868,100,24140,5.5,293,15.8
2025-08-11T19:00,21.1,96,20.4,0.4,868.4,100,24140,4.7,279,12.2
2025-08-11T20:00,20.9,97,20.4,0,868.7,100,24140,3.3,276,10.8
2025-08-11T21:00,20.7,97,20.2,0,868.8,100,24140,2.6,304,7.6
2025-08-11T22:00,20.6,97,20.1,0,868.4,100,24140,1,315,5.8
2025-08-11T23:00,20.5,98,20.1,0,869,100,24140,1.5,256,3.2
2025-08-12T00:00,20.3,98,19.9,0,868.3,100,24140,0.4,270,3.2
2025-08-12T01:00,20.1,99,20,0,868.1,100,24140,0.8,207,2.2
2025-08-12T02:00,19.9,100,19.9,0,867.4,100,24140,1.1,252,4
2025-08-12T03:00,20,98,19.6,0,867,100,24140,1.1,72,2.9
2025-08-12T04:00,20.1,97,19.6,0,866.6,100,24140,2.2,81,4
2025-08-12T05:00,20.1,97,19.6,0,867.1,99,24140,1.3,304,4
2025-08-12T06:00,20.4,95,19.6,0,867.6,97,24140,1.3,304,4
2025-08-12T07:00,21.6,89,19.7,0,868.8,92,24140,1.3,304,4.3
2025-08-12T08:00,23.1,81,19.7,0,869,87,24140,1.8,323,6.1
2025-08-12T09:00,24.7,73,19.6,0,869.3,84,20640,2.8,310,8.6
2025-08-12T10:00,25.9,68,19.5,0,869,87,20520,4.3,294,11.5
2025-08-12T11:00,27,65,19.8,0,869.6,89,20080,6.8,270,15.5
2025-08-12T12:00,26.9,64,19.5,0,869,100,6000,9.7,268,22.3
2025-08-12T13:00,25.9,72,20.4,0.1,868.6,100,5760,8.3,272,22.3
2025-08-12T14:00,25.2,75,20.5,0,867.9,100,4460,7.6,275,18.7
2025-08-12T15:00,24.7,78,20.6,0.1,866.9,100,400,7.1,285,17.6
2025-08-12T16:00,23.9,83,20.8,0.1,865.9,100,100,6.3,283,15.8
2025-08-12T17:00,23,88,20.9,0.1,866.5,100,80,6,287,14.8
2025-08-12T18:00,22.5,91,20.9,0.1,866.8,100,60,4.3,270,14.8
2025-08-12T19:00,22.1,93,20.9,0,866.9,100,80,2.3,288,9.7
2025-08-12T20:00,22,94,21,0,867.4,100,420,1.1,270,5
2025-08-12T21:00,21.9,95,21,0,867.8,100,560,0.8,63,2.9
2025-08-12T22:00,21.9,94,20.9,0,867.8,100,640,1.8,169,4.3
2025-08-12T23:00,22.3,91,20.8,1.1,868.2,100,1500,2.4,117,5.8
2025-08-13T00:00,22,91,20.4,0,868.1,100,1260,4.5,76,9.4
2025-08-13T01:00,21.9,91,20.3,0,867.7,98,560,4.3,95,9.7
2025-08-13T02:00,21.7,90,20,0,866.9,82,180,6.4,106,14
2025-08-13T03:00,21.6,91,20,0,866.7,84,120,5.5,113,13.7
2025-08-13T04:00,21.4,92,20.1,0,866.4,85,100,4.9,107,12.2
2025-08-13T05:00,21.4,92,20.1,0,867,87,80,4.4,99,10.4
2025-08-13T06:00,21.7,91,20.1,0,868.1,92,80,4,90,11.2
2025-08-13T07:00,22.2,89,20.3,0.2,869.1,83,360,5.1,98,14.4
2025-08-13T08:00,22.9,85,20.2,1,869.6,94,960,4.8,103,15.8
2025-08-13T09:00,23.5,83,20.5,0.8,869.7,88,23080,3.7,119,14.8
2025-08-13T10:00,24.1,80,20.5,0.3,869.7,89,6920,2.1,121,13
2025-08-13T11:00,24.5,78,20.4,0.3,869.8,90,1880,3.7,151,11.5
2025-08-13T12:00,24.7,77,20.4,0.1,869.6,100,540,5.3,152,14
2025-08-13T13:00,24.2,80,20.5,2.5,869.1,100,540,5.3,152,15.8
2025-08-13T14:00,23.4,83,20.3,3.7,868.6,100,960,6.9,141,17.3
2025-08-13T15:00,22.3,89,20.4,4.7,868.4,100,12800,7.5,125,23.4
2025-08-13T16:00,21.7,91,20.2,6,868.2,100,7860,9.7,94,29.9
2025-08-13T17:00,22.1,88,20,1.7,868.7,100,7320,5.1,94,24.1
2025-08-13T18:00,21.8,87,19.5,2.4,869.4,100,14480,9.7,86,27.4
2025-08-13T19:00,21.6,85,18.9,0.7,870.4,100,9200,6.6,68,28.8
2025-08-13T20:00,21.3,86,18.9,0.9,870.9,100,12080,5.4,98,15.8
2025-08-13T21:00,20.8,90,19.1,1.9,871.3,100,16840,7.6,90,19.1
2025-08-13T22:00,20.7,90,19,1.7,871.1,100,11620,6.2,80,18.7
2025-08-13T23:00,20.4,88,18.4,0.8,870.8,100,160,5.9,101,15.8
2025-08-14T00:00,20.4,89,18.5,0,870.4,99,60,4,95,16.2
2025-08-14T01:00,20.4,90,18.7,0,870.5,100,40,1.3,56,10.1
2025-08-14T02:00,20.2,92,18.9,0.1,870.3,95,40,1.9,22,5.4
2025-08-14T03:00,20.1,92,18.8,0,870.4,99,40,1.6,27,5
2025-08-14T04:00,20.1,93,18.9,0,870.1,97,60,1.5,45,4.7
2025-08-14T05:00,20,93,18.8,0,871.2,95,420,1.9,68,4.7
2025-08-14T06:00,20.3,92,18.9,0,871.5,98,4220,2.2,90,6.5
2025-08-14T07:00,20.6,89,18.7,0.1,872.2,99,15560,2.3,108,10.4
2025-08-14T08:00,20.9,89,19,0.2,872.4,99,21740,2.2,99,10.4
2025-08-14T09:00,21.4,87,19.2,0.2,872.4,99,24000,2.9,90,11.5
2025-08-14T10:00,22.3,84,19.4,0.1,872.2,100,24140,1.9,68,11.5
2025-08-14T11:00,22.2,83,19.2,0.2,872.3,96,24140,1.1,72,11.5
2025-08-14T12:00,22.7,80,19,0.1,871.8,96,24140,1.1,18,9.4
2025-08-14T13:00,23,81,19.5,0,871.7,96,24140,3.1,339,14
2025-08-14T14:00,22.7,84,19.8,1.1,871.1,96,24140,4.4,325,15.1
2025-08-14T15:00,22.1,88,20,1.5,869.9,92,24140,5.4,323,16.6
2025-08-14T16:00,21.6,90,19.9,0.3,868.9,92,24140,5.6,310,17.6
2025-08-14T17:00,21,93,19.8,0,868.8,93,24140,3.3,311,16.2
2025-08-14T18:00,20.8,94,19.8,0,869.1,85,24140,0.7,270,8.6
2025-08-14T19:00,20.7,94,19.7,0,869.1,80,24140,3.8,73,7.9
2025-08-14T20:00,20.6,93,19.4,0,869.8,64,24140,4.1,105,8.6
2025-08-14T21:00,20.5,91,18.9,0,870.3,76,24140,5,90,11.5
2025-08-14T22:00,20.3,91,18.8,0,870.4,82,24140,4.3,95,11.5
2025-08-14T23:00,20,93,18.9,0,870.9,69,24140,1.1,90,9.4
2025-08-15T00:00,19.9,94,18.9,0,869.7,64,24140,0.8,207,3.2
2025-08-15T01:00,19.6,95,18.7,0,869.2,58,24140,2.2,189,5
2025-08-15T02:00,19.2,96,18.6,0,868.6,48,24140,2.5,180,5
2025-08-15T03:00,18.9,96,18.3,0,868.4,42,24140,2.6,124,5.4
2025-08-15T04:00,18.6,96,18,0,867.9,45,24140,2.5,98,5.4
2025-08-15T05:00,19,96,18.4,0,869,74,24140,0.5,315,6.5
2025-08-15T06:00,19.5,95,18.6,0,869.4,74,24140,0,270,2.2
2025-08-15T07:00,20.5,89,18.6,0,869.8,68,24140,1.1,288,4.7
2025-08-15T08:00,21.9,82,18.7,0,870.3,72,24140,1,315,5.4
2025-08-15T09:00,23.1,75,18.4,0,870.3,73,24140,0.7,360,4.7
2025-08-15T10:00,24.5,68,18.2,0,870.3,93,24140,1,315,5.8
2025-08-15T11:00,25.3,65,18.2,0,870.6,96,21980,3.3,257,8.6
2025-08-15T12:00,25.6,65,18.6,0,869.9,87,7160,5.4,270,14.8
2025-08-15T13:00,24.7,72,19.3,0.1,869.8,85,7620,6.6,283,18
2025-08-15T14:00,24,78,19.9,0.3,869,92,19580,5.9,284,18
2025-08-15T15:00,23.4,81,20,0.9,868.5,97,20360,5.5,293,15.8
2025-08-15T16:00,22.6,84,19.7,0.8,867.6,91,2500,4,297,14.8
2025-08-15T17:00,21.9,86,19.5,0.3,868.4,89,13700,3.5,336,10.8
2025-08-15T18:00,21.5,88,19.4,0,867.9,62,19020,2.4,27,9
2025-08-15T19:00,21.3,90,19.6,0,868.2,13,24140,1.8,101,6.1
2025-08-15T20:00,20.9,91,19.4,0,868.5,10,24140,2.4,117,5
2025-08-15T21:00,20.5,94,19.5,0,869,20,24140,3.1,111,6.8
2025-08-15T22:00,20.1,95,19.3,0,868.9,31,24140,4,100,8.6
2025-08-15T23:00,20.3,94,19.3,0,869.3,91,24140,2.3,129,8.6
2025-08-16T00:00,20,95,19.2,0,868.5,84,24140,2.5,135,5.8
2025-08-16T01:00,19.8,95,19,0,868.1,86,24140,2.7,113,5.8
2025-08-16T02:00,19.7,95,18.8,0,867.9,60,21720,2.9,120,6.1
2025-08-16T03:00,19.4,95,18.6,0,867.7,52,24140,2.9,97,6.1
2025-08-16T04:00,19.2,96,18.5,0,867.5,60,24140,2.3,108,5.8
2025-08-16T05:00,19.3,97,18.8,0,868.5,66,24140,1.8,217,4.7
2025-08-16T06:00,19.8,96,19.1,0,868.4,68,24140,0.5,225,4.7
2025-08-16T07:00,21.4,87,19.1,0,869.2,79,24140,1.8,323,6.1
2025-08-16T08:00,22.9,79,19.1,0,869.2,85,24140,1.1,360,6.5
2025-08-16T09:00,24.6,71,19,0,869.6,79,24140,1.8,323,7.9
2025-08-16T10:00,25.9,65,18.8,0,869.4,76,21540,3.4,288,11.2
2025-08-16T11:00,26.4,64,19.1,0,870,67,24140,4,260,12.6
2025-08-16T12:00,26.9,63,19.2,0.1,869.3,92,23520,5.8,277,16.6
2025-08-16T13:00,26.3,74,21.3,1,868.9,100,20280,5.7,288,19.8
2025-08-16T14:00,25.3,78,21.2,5.3,868.1,100,15160,6.5,264,18
2025-08-16T15:00,25,80,21.3,6.6,867.9,100,20700,5.9,259,17.6
2025-08-16T16:00,24,84,21.1,5.2,867.5,100,13620,5.4,270,15.1
2025-08-16T17:00,22.7,90,20.9,4.1,867.6,100,24140,3,284,14.4
2025-08-16T18:00,21.9,93,20.7,2.5,867.7,100,24140,2.1,329,8.3
2025-08-16T19:00,21.6,92,20.2,1.2,868.1,98,24140,2.8,40,7.6
2025-08-16T20:00,21.4,93,20.2,0,868.3,68,24140,3.3,84,6.5
2025-08-16T21:00,21.2,93,20,0,868.8,39,24140,3.7,101,8.3
2025-08-16T22:00,20.9,94,19.9,0,869,40,24140,4.3,114,9.7
2025-08-16T23:00,20.6,95,19.7,0,870,64,24140,3.4,108,10.4
2025-08-17T00:00,20.2,95,19.4,0,869.1,74,24140,3.8,107,8.3
2025-08-17T01:00,20,93,18.9,0,868.9,97,20240,4.2,110,9
2025-08-17T02:00,20,92,18.6,0,868.6,88,19880,4.2,110,9
2025-08-17T03:00,19.8,92,18.5,0,868.2,79,19960,2.9,120,8.6
2025-08-17T04:00,19.6,94,18.6,0,867.9,87,24140,3.3,131,7.2
2025-08-17T05:00,19,99,18.8,0,868.7,79,24140,2.5,180,7.6
2025-08-17T06:00,19.7,98,19.3,0,869.3,74,24140,2.3,141,6.1
2025-08-17T07:00,22,89,20.1,0,870.4,38,24140,1.1,252,5.8
2025-08-17T08:00,23.5,81,20.1,0,871,56,19520,2.1,301,7.2
2025-08-17T09:00,24.8,75,20.1,0,870.7,56,6200,3.4,328,10.1
2025-08-17T10:00,25.9,69,19.8,0,870.6,64,9940,2.1,301,11.2
2025-08-17T11:00,26.7,65,19.6,0,871.3,51,24140,2.2,270,12.2
2025-08-17T12:00,27.2,66,20.3,0,870.6,100,19840,4.5,256,16.9
2025-08-17T13:00,26.6,72,21.1,0.6,870.3,100,5320,5.8,263,17.3
2025-08-17T14:00,25.4,79,21.5,6,869,100,19620,4.7,261,19.4
2025-08-17T15:00,25.2,81,21.7,6,869.3,100,19780,3.3,257,14.4
2025-08-17T16:00,24.1,85,21.4,4,868.8,100,19960,3.8,287,15.1
2025-08-17T17:00,23.2,85,20.6,2.2,869.6,99,24140,1.5,284,14.8
2025-08-17T18:00,22.6,88,20.5,1.2,870,87,24140,3.3,6,15.8
2025-08-17T19:00,22,91,20.4,0.9,870.6,88,19520,3.2,27,16.2
2025-08-17T20:00,21.7,92,20.4,0.1,871,77,19700,2.3,72,14.4
2025-08-17T21:00,21.4,93,20.2,0,871.2,64,24140,2.7,113,6.5
2025-08-17T22:00,21.1,92,19.7,0,871.2,87,19840,3.4,108,7.6
2025-08-17T23:00,20.6,90,18.9,0,871.8,75,24140,5.4,90,9.7
2025-08-18T00:00,20.1,90,18.4,0,871,50,24140,4.7,99,10.8
2025-08-18T01:00,19.8,89,18,0,870.8,59,24140,4.5,104,11.5
2025-08-18T02:00,19.4,91,17.9,0,870.2,43,24140,4.1,105,9.7
2025-08-18T03:00,19.1,92,17.7,0,870,69,24140,4.5,104,9.4
2025-08-18T04:00,18.9,91,17.4,0,869.6,2,24140,4.6,108,9.7
2025-08-18T05:00,18.8,92,17.4,0,870.7,68,24140,3,104,10.4
2025-08-18T06:00,19.3,92,18,0,871,23,24140,2,135,7.2
2025-08-18T07:00,22.1,80,18.5,0,872.4,5,24140,1.1,342,5
2025-08-18T08:00,23.2,78,19.2,0,872.7,11,19780,2.6,326,8.3
2025-08-18T09:00,24.6,73,19.5,0,873,55,24140,1.8,307,8.3
2025-08-18T10:00,25.9,64,18.5,0,872.6,60,24140,2.1,301,9
2025-08-18T11:00,26.6,62,18.7,0.1,872.5,57,8160,2.9,277,9.4
2025-08-18T12:00,26.9,64,19.5,0,871.8,78,20240,5,270,16.6
2025-08-18T13:00,26.2,72,20.7,0.4,871.6,100,23060,8.3,270,20.5
2025-08-18T14:00,25.3,78,21.2,4.6,870.2,100,24140,6.1,270,20.2
2025-08-18T15:00,24.8,82,21.5,5.9,869.8,100,19560,6.2,263,17.6
2025-08-18T16:00,23.7,86,21.2,4,869.3,100,21360,5,270,16.9
2025-08-18T17:00,23.1,88,21,1.9,869.9,100,24140,3.8,287,12.2
2025-08-18T18:00,22.4,91,20.8,1.4,870,100,7200,2.2,351,9.4
2025-08-18T19:00,21.9,92,20.6,1.3,870.4,78,1460,1.6,63,7.9
2025-08-18T20:00,21.7,90,20,0.9,871.1,76,1760,3.1,69,10.8
2025-08-18T21:00,21.4,91,19.9,0.1,871.2,57,16240,4.1,75,11.5
2025-08-18T22:00,21,92,19.7,0,871.1,78,24140,3.6,84,8.6
2025-08-18T23:00,20.7,91,19.1,0,871.3,100,24140,4.7,86,8.3
2025-08-19T00:00,20.4,92,19.1,0,870.7,100,24140,4.3,95,10.1
2025-08-19T01:00,20.1,92,18.7,0,870.3,100,24140,3.4,108,9.7
2025-08-19T02:00,19.8,93,18.6,0,870,97,24140,2.6,124,7.2
2025-08-19T03:00,19.6,94,18.6,0,869.4,94,24140,3.3,131,6.5
2025-08-19T04:00,19.5,92,18.1,0,869.4,77,24140,3.9,112,7.9
2025-08-19T05:00,19.2,90,17.5,0,869.4,82,24140,3,104,9
2025-08-19T06:00,19.7,90,18,0,869.6,46,24140,2.3,108,6.8
2025-08-19T07:00,21.7,82,18.5,0,870.3,5,24140,0.8,63,5.8
2025-08-19T08:00,22.9,80,19.2,0,870.7,41,19720,0.4,90,5.4
2025-08-19T09:00,24.5,70,18.6,0,871.2,60,24140,0.8,207,5.4
2025-08-19T10:00,25.8,63,18.2,0,871.2,75,19980,1.9,248,9
2025-08-19T11:00,26.4,59,17.7,0.1,871.2,78,13520,1.8,217,9.4
2025-08-19T12:00,27.1,57,17.8,0,870.8,90,13080,3.6,264,11.2
2025-08-19T13:00,26.5,62,18.6,0,870.4,77,22740,6.6,257,19.1
2025-08-19T14:00,25.6,73,20.4,0.4,869.9,100,22300,6.1,267,18.7
2025-08-19T15:00,24.4,80,20.7,5.9,868.7,100,18420,5.8,277,15.1
2025-08-19T16:00,23.6,84,20.8,5.4,868.4,100,22080,5.9,259,14
2025-08-19T17:00,23.1,85,20.5,3.3,868.6,100,24140,3.4,238,16.6
2025-08-19T18:00,22.7,86,20.3,0.8,869.3,91,4140,2.3,231,11.5
2025-08-19T19:00,22.2,88,20.1,0.7,870.1,83,12760,0.8,153,9.4
2025-08-19T20:00,21.9,87,19.7,0.8,871,77,24140,3,76,11.5
2025-08-19T21:00,21.5,88,19.4,0.2,871,58,24140,3.3,77,12.2
2025-08-19T22:00,21.1,89,19.2,0,870.7,60,24140,3.6,84,8.6
2025-08-19T23:00,20.9,89,19,0,870.7,60,24140,3.6,90,8.6
2025-08-20T00:00,20.6,89,18.7,0,870.1,53,24140,4,95,8.6
2025-08-20T01:00,20.2,90,18.5,0,869.3,35,24140,4.4,99,9.7
2025-08-20T02:00,19.8,91,18.3,0,868.8,22,24140,3.9,112,9.4
2025-08-20T03:00,19.4,93,18.2,0,868.1,0,24140,3.5,114,7.9
2025-08-20T04:00,19.1,93,17.9,0,868.1,4,24140,3.5,114,7.6
2025-08-20T05:00,18.9,95,18.1,0,868.5,35,24140,3.2,117,7.9
2025-08-20T06:00,19.5,94,18.5,0,869.5,45,24140,3.3,96,7.6
2025-08-20T07:00,21.1,86,18.7,0,870.5,62,24140,3.4,72,9
2025-08-20T08:00,22.3,80,18.7,0,871.1,56,6360,1.8,53,8.6
2025-08-20T09:00,23.7,72,18.4,0,871.1,68,6840,0.8,27,6.8
2025-08-20T10:00,25,64,17.7,0,870.8,74,7440,0.5,315,5.8
2025-08-20T11:00,25.8,62,17.9,0,871.1,88,12080,4.7,266,7.2
2025-08-20T12:00,26.2,63,18.6,0,870.6,66,9280,5.8,270,15.8
2025-08-20T13:00,25.5,72,20.1,0.4,870.2,100,6040,7.2,270,19.4
2025-08-20T14:00,24.5,79,20.6,1.8,869.3,100,2800,5.9,281,19.8
2025-08-20T15:00,24.4,80,20.7,0.6,868.6,100,5440,2.5,278,16.6
2025-08-20T16:00,24.4,78,20.3,0.1,868.4,93,23960,1.3,304,12.2
2025-08-20T17:00,22.9,88,20.8,0.9,868.2,100,24140,3.1,291,10.4
2025-08-20T18:00,22.2,90,20.5,0.9,868,78,20860,2.3,342,8.6
2025-08-20T19:00,21.7,92,20.3,0.2,868.4,70,14780,2.8,310,7.2
2025-08-20T20:00,21.2,94,20.2,0,869.2,76,5120,1.9,292,6.5
2025-08-20T21:00,21.2,93,20,0,869.9,90,1100,0.8,153,5
2025-08-20T22:00,21.3,91,19.8,0.2,870.1,91,720,1.6,63,5.8
2025-08-20T23:00,21.1,89,19.2,0.4,871,90,960,2.6,106,6.1
2025-08-21T00:00,21,89,19.1,0.1,870.4,88,1260,3.4,108,8.3
2025-08-21T01:00,20.7,90,19,0.3,870.3,87,1300,3.6,84,8.3
2025-08-21T02:00,20.6,91,19,0,869.7,83,1160,4,90,9
2025-08-21T03:00,20.3,92,19,0,869.3,82,1120,3.7,101,9
2025-08-21T04:00,20.1,93,18.9,0,869,87,14120,3.1,111,8.6
2025-08-21T05:00,20.2,94,19.2,0,869.1,63,1000,1.9,112,6.8
2025-08-21T06:00,20.5,92,19.1,0,869.8,71,24140,2.2,99,5.8
2025-08-21T07:00,21.4,88,19.3,0,870.4,67,11920,1.8,101,6.5
2025-08-21T08:00,22.8,80,19.1,0,870.8,68,24140,1.8,79,7.9
2025-08-21T09:00,23.9,76,19.4,0,870.8,68,12480,1.3,34,7.9
2025-08-21T10:00,24.6,74,19.7,0,870.5,72,20640,2.1,329,11.9
2025-08-21T11:00,25.6,67,19,0.1,870,92,9300,5.9,281,15.5
2025-08-21T12:00,25.1,75,20.3,0.5,869.5,100,5680,7.4,284,17.6
2025-08-21T13:00,24.1,81,20.7,2.5,868.7,100,6840,8,280,19.4
2025-08-21T14:00,23.6,84,20.7,2.2,867.9,100,20880,7.7,281,19.1
2025-08-21T15:00,22.8,85,20.2,0.5,867.5,100,24140,5.4,274,16.9
2025-08-21T16:00,22.1,87,19.9,0.5,867.1,100,1640,4,265,12.2
2025-08-21T17:00,22.5,89,20.6,0.5,867.1,100,740,4,260,9.7
2025-08-21T18:00,21.9,90,20.2,1,867.4,100,400,3.8,221,9.4
2025-08-21T19:00,21.6,89,19.7,0.9,868,100,300,3,194,9
2025-08-21T20:00,21.5,88,19.4,0.4,869.2,100,860,2.4,153,7.2
2025-08-21T21:00,21.4,88,19.3,0.8,869.4,100,3900,1,135,6.8
2025-08-21T22:00,21.2,89,19.3,1.7,869.3,100,16120,1.9,202,5.8
2025-08-21T23:00,21.1,89,19.2,2.4,869.8,100,13580,2.5,135,7.9
2025-08-22T00:00,20.9,90,19.2,1.3,869,100,13820,3.3,103,8.6
2025-08-22T01:00,20.6,90,18.9,1.1,868.5,100,9120,5.1,94,11.9
2025-08-22T02:00,20.6,90,18.9,0.1,868,100,24140,4.4,81,11.9
2025-08-22T03:00,20.5,89,18.6,0,867.9,96,24140,5.1,86,11.9
2025-08-22T04:00,20.4,89,18.5,0,867.4,99,24140,4.7,86,11.9
2025-08-22T05:00,20.2,90,18.5,0,866.5,88,24140,2.6,106,11.2
2025-08-22T06:00,20.4,91,18.9,0,866.9,82,24140,0.5,135,7.2
2025-08-22T07:00,21.3,86,18.9,0,867.9,91,15800,2.9,270,7.2
2025-08-22T08:00,22.3,81,18.9,0,868.4,93,13580,2.2,270,7.9
2025-08-22T09:00,23.2,78,19.1,0,868.4,90,9600,0.4,270,7.9
2025-08-22T10:00,24.2,75,19.5,0,868.4,93,13520,1.9,158,11.5
2025-08-22T11:00,25.7,64,18.4,0,868.1,89,18580,4,207,13.7
2025-08-22T12:00,25.5,70,19.6,0,867.6,91,13700,5.5,212,17.3
2025-08-22T13:00,24.7,78,20.6,3.1,867.4,100,15560,6.3,204,16.9
2025-08-22T14:00,23.6,81,20.2,6.7,866.5,100,24140,6.2,190,16.9
2025-08-22T15:00,23.1,82,19.9,3.5,866.2,100,12300,5.4,160,15.5
2025-08-22T16:00,22.7,83,19.6,1.3,865.8,100,20460,4.8,167,14.8
2025-08-22T17:00,22.9,82,19.7,1.1,866.5,100,17080,2.5,188,12.6
2025-08-22T18:00,22.5,84,19.7,0.6,866.7,100,19000,0.8,117,8.6
2025-08-22T19:00,22.2,85,19.6,0.8,867.4,100,24140,0.4,90,6.8
2025-08-22T20:00,21.8,87,19.5,0.8,867.9,100,24140,0.8,63,8.3
2025-08-22T21:00,21.5,88,19.4,0.7,868.4,100,6460,0.8,63,9
2025-08-22T22:00,21.1,90,19.4,0.5,868.3,89,2800,0.4,90,8.6
2025-08-22T23:00,20.9,91,19.3,0.2,868.3,91,1840,2.3,39,9
2025-08-23T00:00,20.5,93,19.3,0,867.2,91,24140,0.8,333,9
2025-08-23T01:00,20.1,96,19.4,0,866.5,95,24140,2.2,279,5.4
2025-08-23T02:00,19.7,99,19.6,0,866,97,24140,2.9,277,7.2
2025-08-23T03:00,19.7,98,19.4,0,866,91,24140,3.1,291,7.2
2025-08-23T04:00,19.6,98,19.2,0,866,92,19080,1.8,281,6.5
2025-08-23T05:00,19.4,99,19.2,0,866.2,85,18880,0.4,180,4.3
2025-08-23T06:00,19.7,98,19.4,0,866.8,89,18500,1.1,108,4.7
2025-08-23T07:00,21.1,89,19.2,0,867.8,83,20580,1.5,76,6.1
2025-08-23T08:00,22.6,81,19.1,0,868.2,80,24140,2.5,8,8.3
2025-08-23T09:00,23.8,73,18.7,0,868.5,84,7500,2.3,18,9.4
2025-08-23T10:00,25,67,18.5,0,868.3,88,7540,1.8,360,9
2025-08-23T11:00,26.1,61,18,0.1,868.3,87,140,3.1,306,19.1
2025-08-23T12:00,26.5,65,19.4,0,867.6,85,80,5.8,292,18.7
2025-08-23T13:00,25.7,74,20.7,1.1,867.2,100,80,7,282,18.7
2025-08-23T14:00,24.8,79,20.9,6.6,866.4,100,200,6.5,273,18.4
2025-08-23T15:00,23.9,83,20.9,7.4,866,100,5620,6.2,263,16.6
2025-08-23T16:00,23.5,85,20.8,7.4,865.8,100,21040,6,245,14.4
2025-08-23T17:00,22.5,89,20.6,6.2,866,100,23200,5.2,245,14.8
2025-08-23T18:00,21.8,91,20.2,3.8,866.3,100,24140,3.4,238,13
2025-08-23T19:00,21.4,92,20,2.4,867.1,100,24140,1.9,248,8.6
2025-08-23T20:00,21.2,92,19.9,1.6,867.9,100,9820,0.7,180,6.5
2025-08-23T21:00,21.4,89,19.5,1.2,868.4,100,14480,1.3,124,6.5
2025-08-23T22:00,21.2,89,19.3,1,868.5,100,14140,0.4,270,6.5
2025-08-23T23:00,21.2,90,19.5,0.6,868.3,100,13300,0.7,360,6.8
2025-08-24T00:00,21.1,90,19.4,0.6,867.8,100,19620,2.3,18,11.5
2025-08-24T01:00,20.8,92,19.4,0.2,867.4,100,24140,1.8,37,12.6
2025-08-24T02:00,20.6,93,19.4,0,867.2,100,24140,3.1,45,7.2
2025-08-24T03:00,20.2,95,19.4,0,866.8,100,24140,2.6,56,7.2
2025-08-24T04:00,20.1,94,19.1,0,866.5,98,24140,2.5,82,6.8
2025-08-24T05:00,20.2,92,18.8,0,866.5,100,24140,5.4,94,7.9
2025-08-24T06:00,20.7,91,19.1,0,867.4,83,24140,4.6,108,11.5
2025-08-24T07:00,22.2,84,19.4,0,868.6,31,24140,3.4,122,11.9
2025-08-24T08:00,23.6,78,19.6,0,869.6,41,6040,1.3,124,9.4
2025-08-24T09:00,24.9,70,19.1,0,869.9,76,140,0.8,63,7.6
2025-08-24T10:00,25.8,64,18.5,0.1,869.8,80,260,1.3,124,19.4
2025-08-24T11:00,26.6,62,18.7,0,869.9,100,180,3.5,246,19.1
2025-08-24T12:00,27.2,59,18.5,0,869.6,100,500,1.5,225,17.3
2025-08-24T13:00,27,60,18.6,0,869.2,100,1020,1.1,198,14.8
2025-08-24T14:00,26.2,68,19.8,0.2,868.7,100,3140,1.6,117,19.4
2025-08-24T15:00,25.5,70,19.6,0.6,868.2,100,3720,3.3,131,18.4
2025-08-24T16:00,24.5,73,19.3,0.6,867.7,100,6060,3.9,146,22
2025-08-24T17:00,23.8,74,18.9,0.8,867.6,100,180,3.7,151,20.9
2025-08-24T18:00,23,78,19,0.1,868.2,100,220,2.5,135,19.1
2025-08-24T19:00,22.5,81,19.1,0.2,869,100,3400,2.7,113,17.6
2025-08-24T20:00,22,84,19.2,0.2,869.7,100,280,2.9,90,19.4
2025-08-24T21:00,21.6,86,19.1,0.2,870.1,97,280,2.5,82,19.1
2025-08-24T22:00,21.3,88,19.2,0.2,870.2,95,13380,1.5,76,17.3
2025-08-24T23:00,21.1,90,19.4,0.2,870.2,98,24140,3.7,61,15.1
2025-08-25T00:00,20.9,90,19.2,0,869.7,91,24140,3.2,63,19.4
2025-08-25T01:00,20.7,92,19.3,0,869.1,84,24140,2.9,97,8.6
2025-08-25T02:00,20.5,93,19.3,0,868.7,82,23000,2.3,108,7.6
2025-08-25T03:00,20.3,94,19.3,0,868.7,95,18660,2.5,90,6.8
2025-08-25T04:00,20.2,95,19.3,0,868.2,91,18520,1.8,101,6.8
2025-08-25T05:00,19.7,96,19.1,0,868.2,67,21200,4,100,5.4
2025-08-25T06:00,20.4,93,19.2,0,869.2,59,20000,3.7,101,10.1
2025-08-25T07:00,21.6,86,19.2,0,870,56,14780,4.6,108,12.6
2025-08-25T08:00,22.9,79,19.1,0,870.9,65,24140,3.4,108,12.6
2025-08-25T09:00,24.3,72,18.9,0,871.1,66,9680,2.9,83,11.5
2025-08-25T10:00,25.5,66,18.7,0,871.2,73,9600,1.9,68,11.9
2025-08-25T11:00,26.3,61,18.2,0.1,870.9,89,13460,3.8,253,16.2
2025-08-25T12:00,26.4,65,19.3,0,870.4,100,4680,4.9,253,19.4
2025-08-25T13:00,25.4,74,20.4,0.7,870.2,100,540,5.2,254,21.2
2025-08-25T14:00,24.7,78,20.6,2.8,869.1,100,780,5.2,258,18
2025-08-25T15:00,24.1,80,20.4,2.1,868.2,100,24140,4.3,265,15.8
2025-08-25T16:00,23.2,84,20.4,2.1,867.7,100,20660,3.6,276,15.1
2025-08-25T17:00,22.7,86,20.2,0.7,868.4,100,24140,3.6,264,13.3
2025-08-25T18:00,21.7,90,20,0.7,868.5,91,3260,2.9,330,10.8
2025-08-25T19:00,21.1,93,19.9,0.5,869.4,90,1120,3.6,360,11.9
2025-08-25T20:00,20.9,93,19.7,0.3,870.1,70,1440,2.7,23,11.9
2025-08-25T21:00,20.9,93,19.7,0,870.6,90,720,2.1,59,6.8
2025-08-25T22:00,20.7,93,19.5,0,870.5,95,2480,2.5,90,5.8
2025-08-25T23:00,20.9,92,19.5,0.1,871.3,100,1260,1.6,63,9.7
2025-08-26T00:00,20.5,93,19.3,0,870.5,100,1040,2.9,83,7.9
2025-08-26T01:00,20.4,93,19.2,0,870.4,100,3020,4.7,90,10.4
2025-08-26T02:00,20.4,92,19,0,870.1,100,20780,4.7,94,10.8
2025-08-26T03:00,20.2,91,18.7,0,870,99,24140,4.3,95,10.4
2025-08-26T04:00,20.1,93,18.9,0,869.8,97,24140,3.3,96,10.1
2025-08-26T05:00,19.6,95,18.8,0,870.1,95,24140,0.8,117,7.9
2025-08-26T06:00,20.1,94,19.1,0,870.5,63,24140,0,270,4
2025-08-26T07:00,21.2,87,19,0,871.4,77,24140,1.4,270,6.1
2025-08-26T08:00,22.6,80,18.9,0,872,75,24140,1.1,270,6.1
2025-08-26T09:00,24.2,70,18.4,0,872.5,69,24140,0,270,5.8
2025-08-26T10:00,25.4,63,17.8,0,872.1,90,24140,1.1,288,7.2
2025-08-26T11:00,26.3,60,17.9,0,871.8,84,21700,4.1,285,13.7
2025-08-26T12:00,26.6,66,19.7,0,871.2,86,15080,7.1,294,20.5
2025-08-26T13:00,25.4,79,21.5,3.8,870.8,100,19120,8.2,299,23
2025-08-26T14:00,24.2,82,20.9,6.9,869.5,100,17780,7.6,270,21.6
2025-08-26T15:00,23.3,86,20.8,4.6,869.2,100,23120,6.5,270,19.8
2025-08-26T16:00,22.9,88,20.8,1.8,868.6,100,24140,4,297,15.8
2025-08-26T17:00,22.2,91,20.6,0.3,869.2,100,24140,5.2,282,11.2
2025-08-26T18:00,21.4,93,20.2,1,869.3,100,24140,3.4,288,11.5
2025-08-26T19:00,21,93,19.8,0.6,869.6,100,24140,1,315,9
2025-08-26T20:00,21,92,19.6,0.1,870.3,100,24140,1.1,108,4
2025-08-26T21:00,20.9,92,19.6,0.1,870.4,100,24140,2.2,90,6.5
2025-08-26T22:00,20.8,92,19.4,0.2,870.6,100,24140,1.4,90,6.5
2025-08-26T23:00,20.6,94,19.6,0.4,871,100,24140,1.3,304,4.7
2025-08-27T00:00,20.3,95,19.5,0.4,870.4,100,24140,0.7,270,6.1
2025-08-27T01:00,20.3,95,19.5,0,869.9,95,24140,0.8,153,6.1
2025-08-27T02:00,20.3,95,19.4,0,869.3,89,24140,3.1,135,6.8
2025-08-27T03:00,20.1,94,19.1,0,868.9,71,24140,3.9,112,8.3
2025-08-27T04:00,19.9,94,18.9,0,868.4,75,24140,4.1,105,8.6
2025-08-27T05:00,19.8,96,19.2,0,869.1,63,24140,2.4,117,8.6
2025-08-27T06:00,20.2,94,19.2,0,869.4,88,24140,2.9,120,7.2
2025-08-27T07:00,21.4,90,19.7,0,870.4,73,24140,1.9,112,8.3
2025-08-27T08:00,22.3,84,19.4,0.1,870.8,80,23360,1.1,342,6.8
2025-08-27T09:00,23.1,83,20,0.2,870.9,77,20440,3.2,333,11.2
2025-08-27T10:00,23.7,81,20.3,0.1,871,82,24140,4.5,299,14
2025-08-27T11:00,24.8,74,19.9,0.3,870.7,85,20060,5.1,266,14.8
2025-08-27T12:00,24.9,75,20.2,0.3,870.2,100,22960,6.5,264,16.6
2025-08-27T13:00,24.1,81,20.6,2.5,869.6,100,24140,6.9,264,18.4
2025-08-27T14:00,23.5,84,20.7,3.1,868.7,100,22340,6.9,264,18.4
2025-08-27T15:00,22.7,87,20.4,1.9,868.2,100,22020,5.8,274,18
2025-08-27T16:00,22.4,88,20.3,1.3,867.6,100,11440,5,270,14
2025-08-27T17:00,21.9,91,20.3,1.3,868,100,20060,4,270,12.2
2025-08-27T18:00,21.2,92,19.9,0.9,868.3,100,6080,3.1,234,10.1
2025-08-27T19:00,21.1,91,19.6,0.4,869.1,100,24140,2.2,171,7.6
2025-08-27T20:00,21.2,89,19.3,0.2,869.7,100,24140,2,135,5.4
2025-08-27T21:00,21.2,89,19.3,0.1,870,100,24140,2.4,117,6.8
2025-08-27T22:00,21.1,90,19.4,0.1,870,100,24140,1.9,112,7.6
2025-08-27T23:00,20.8,89,18.9,0.2,870.2,100,24140,1.8,143,7.2
2025-08-28T00:00,20.6,89,18.7,0.2,869.8,100,24140,1.8,143,6.8
2025-08-28T01:00,20.5,90,18.8,0.2,869.7,100,24140,2.9,120,6.8
2025-08-28T02:00,20.5,91,18.9,0,869.2,100,22700,3.4,108,7.6
2025-08-28T03:00,20.4,90,18.7,0,869.2,97,24140,4.9,107,10.8
2025-08-28T04:00,20.2,89,18.3,0,868.8,97,13040,5.2,102,11.2
2025-08-28T05:00,19.9,91,18.4,0,869.8,99,24140,3.6,90,11.5
2025-08-28T06:00,20,89,18.2,0,870.1,100,24140,5,90,11.2
2025-08-28T07:00,20.3,88,18.3,0.1,870.5,99,24140,5.4,90,12.6
2025-08-28T08:00,20.9,85,18.3,0,870.8,98,24140,4.7,86,12.6
2025-08-28T09:00,21.7,81,18.3,0,870.8,99,24140,2.6,56,11.5
2025-08-28T10:00,22.1,78,18.1,0,870.3,100,24140,2.9,353,8.3
2025-08-28T11:00,22.4,78,18.3,0,870.6,100,24140,3.8,319,9
2025-08-28T12:00,22.6,78,18.5,0,869.9,100,24140,3.5,336,10.4
2025-08-28T13:00,22.6,78,18.6,0.1,869.8,100,24140,3.6,360,12.6
2025-08-28T14:00,22.3,79,18.5,0.1,869,100,5120,2.9,7,10.4
2025-08-28T15:00,21.9,82,18.7,0.1,868.5,100,440,3.3,6,9.4
2025-08-28T16:00,21.4,85,18.7,0.1,868.1,100,300,2.3,342,8.6
2025-08-28T17:00,21.6,87,19.3,0.3,868.7,100,3000,1.8,360,6.5
2025-08-28T18:00,21.4,88,19.3,0.1,868.7,100,6940,3.1,69,7.9
2025-08-28T19:00,21.3,88,19.3,0.2,869.2,100,13680,3.4,108,9
2025-08-28T20:00,21.1,87,18.9,0.2,869.8,100,21780,4.7,90,10.8
2025-08-28T21:00,21,85,18.4,0,870.1,100,23580,4.7,113,12.6
2025-08-28T22:00,20.8,87,18.5,0,870.2,100,18360,4.5,104,11.2
2025-08-28T23:00,20.4,86,18,0,870.6,100,13480,5.1,86,10.4
2025-08-29T00:00,20.3,86,17.9,0,870.1,100,13480,4.3,90,11.5
2025-08-29T01:00,20.2,86,17.8,0,869.8,100,13760,5,90,11.5
2025-08-29T02:00,20,85,17.4,0,869.5,100,14040,4.7,94,12.2
2025-08-29T03:00,19.9,86,17.5,0,869.2,100,22140,4.7,94,11.2
2025-08-29T04:00,19.7,87,17.4,0,869.3,100,24140,4,90,10.8
2025-08-29T05:00,19.5,87,17.2,0,869.4,88,22380,4.4,99,9.4
2025-08-29T06:00,19.7,87,17.4,0,870.2,93,21520,4.3,95,11.2
2025-08-29T07:00,20.7,84,17.9,0,871.1,92,21840,4,90,11.2
2025-08-29T08:00,21.6,80,18,0,871.8,92,21560,3.2,90,11.2
2025-08-29T09:00,22.4,77,18.2,0,872,92,19940,2.6,74,10.1
2025-08-29T10:00,23.5,72,18.2,0,871.6,91,22600,2.6,74,10.1
2025-08-29T11:00,25.3,63,17.7,0,872,94,24140,2.3,108,10.8
2025-08-29T12:00,25.8,60,17.4,0,871.6,95,24140,2.1,121,13.3
2025-08-29T13:00,25.7,58,16.8,0.1,871.5,96,12840,1,315,9.7
2025-08-29T14:00,25.7,61,17.6,0.1,870.7,100,12220,2.5,262,14
2025-08-29T15:00,24.5,74,19.5,0.2,870.3,100,24140,4.3,265,18
2025-08-29T16:00,23.5,83,20.4,1.4,869.4,100,20180,4,275,17.6
2025-08-29T17:00,22.6,87,20.3,1.5,869.6,100,24140,1.9,292,17.3
2025-08-29T18:00,22,89,20.1,1.1,869.8,100,24140,1.3,236,11.2
2025-08-29T19:00,21.7,90,20,0.6,870.6,100,22180,0,270,9
2025-08-29T20:00,21.6,89,19.7,0.3,871.5,100,13080,2.2,90,9.7
2025-08-29T21:00,21.3,89,19.4,0.3,871.8,98,13340,3.3,96,11.2
2025-08-29T22:00,21.1,89,19.2,0.2,871.8,100,12840,4.1,105,13
2025-08-29T23:00,20.9,90,19.2,0.3,872.2,100,1140,2.5,90,13
2025-08-30T00:00,20.5,91,18.9,0.4,871.9,100,1180,3,104,9.4
2025-08-30T01:00,20.1,93,19,0.3,871.7,100,6880,3,104,9.4
2025-08-30T02:00,19.9,93,18.7,0.1,871.5,100,15720,3.3,103,8.6
2025-08-30T03:00,19.6,94,18.6,0,871.1,100,24140,3.5,114,8.3
2025-08-30T04:00,19.5,94,18.5,0,870.8,100,24140,3.8,107,8.3
2025-08-30T05:00,19.4,95,18.6,0,871.3,91,22400,2.4,117,8.3
2025-08-30T06:00,19.9,94,18.9,0,872,89,24140,3.2,117,7.9
2025-08-30T07:00,20.9,89,19,0,872.8,100,24140,2.6,124,8.3
2025-08-30T08:00,22.4,80,18.8,0,873.3,95,13080,2.4,117,8.6
2025-08-30T09:00,23.6,73,18.5,0,873.4,87,19920,3.3,139,11.5
2025-08-30T10:00,24.9,67,18.4,0,873.3,98,7980,0.5,135,11.5
2025-08-30T11:00,25.7,61,17.6,0.1,873,100,7740,1,135,8.6
2025-08-30T12:00,26.1,58,17.2,0,872.4,100,7920,3,284,10.4
2025-08-30T13:00,24.8,69,18.7,0.2,872.1,100,5760,5,270,17.3
2025-08-30T14:00,23.7,81,20.2,2.6,871,100,4860,3.6,276,17.3
2025-08-30T15:00,23.2,84,20.3,4,870.6,100,7580,3.6,276,14.4
2025-08-30T16:00,22.8,85,20.1,1.4,870,100,12300,2.9,270,13
2025-08-30T17:00,22,90,20.3,1.8,870.6,100,14800,3.2,270,10.8
2025-08-30T18:00,21.7,91,20.1,1.3,870.5,100,3640,0,270,7.2
2025-08-30T19:00,21.6,89,19.7,0.5,870.8,100,4300,1.8,143,6.1
2025-08-30T20:00,21.4,90,19.7,0.2,871.4,100,14400,2.2,99,5.4
2025-08-30T21:00,21.1,91,19.5,0.2,871.9,100,15000,3.3,96,8.6
2025-08-30T22:00,20.8,91,19.2,0.1,871.9,100,16640,4.4,99,11.5
2025-08-30T23:00,20.4,93,19.2,0,872,68,1540,4.3,90,10.8
2025-08-31T00:00,20.3,92,18.9,0,871.5,70,1120,5,90,11.5
2025-08-31T01:00,20.1,92,18.8,0,871.2,100,1060,4.8,103,11.9
2025-08-31T02:00,19.9,93,18.8,0,871,100,1180,4.6,108,11.9
2025-08-31T03:00,19.7,94,18.7,0,870.5,100,1300,4.7,99,11.5
2025-08-31T04:00,19.5,94,18.5,0,870.2,100,980,5.1,98,12.2
2025-08-31T05:00,19.4,94,18.4,0,870.6,100,1320,3.3,103,11.9
2025-08-31T06:00,20,92,18.7,0,871.4,100,13000,2.9,97,9.4
2025-08-31T07:00,20.6,88,18.6,0.1,872.4,100,14020,2.2,81,9.4
2025-08-31T08:00,21.5,84,18.7,0.2,872.8,100,20300,1.3,34,9.4
2025-08-31T09:00,22.4,81,18.9,0.1,873.1,100,7000,2.7,23,10.4
2025-08-31T10:00,23.4,77,19.1,0.1,872.3,100,8240,4.1,52,13.3
2025-08-31T11:00,24.6,71,19,0.1,871.9,100,6260,4.5,76,14.8
2025-08-31T12:00,25.7,64,18.4,0,871.3,100,10140,1.6,117,14.4
2025-08-31T13:00,26,59,17.4,0.1,870.7,94,22260,2.6,254,10.1
2025-08-31T14:00,25.4,65,18.4,0.1,870.1,100,13540,5.4,262,16.2
2025-08-31T15:00,24.1,79,20.2,1.2,869.1,100,12600,4.7,279,17.3
2025-08-31T16:00,23.2,85,20.5,3.4,868.5,100,18400,3.7,281,15.1
2025-08-31T17:00,22,89,20.1,1.9,868.6,100,24140,3.3,264,13.3
2025-08-31T18:00,21.3,92,20,1.6,868.6,100,22560,2.1,301,12.6
2025-08-31T19:00,20.8,94,19.8,0.9,869.1,88,24140,1.3,304,9.7
2025-08-31T20:00,20.6,94,19.6,0.5,869.8,81,24140,1.8,53,7.6
2025-08-31T21:00,20.6,92,19.3,0.3,870.1,86,24140,3.1,69,9.4
2025-08-31T22:00,20.6,91,19,0.2,870,80,24140,3.3,77,10.1
2025-08-31T23:00,20.3,91,18.8,0,870.3,74,24140,3.4,58,9.4
2025-09-01T00:00,20,91,18.5,0,869.5,64,24140,4.8,77,10.8
2025-09-01T01:00,19.7,91,18.2,0,868.9,63,24140,4.7,99,10.8
2025-09-01T02:00,19.5,91,18,0,868.7,61,24140,4.5,104,10.8
2025-09-01T03:00,19.3,92,17.9,0,868.3,59,24140,4.1,105,10.1
2025-09-01T04:00,19.1,92,17.7,0,868.2,66,24140,4,100,9.4
2025-09-01T05:00,18.9,93,17.7,0,868.6,69,24140,4.9,107,12.2
2025-09-01T06:00,19.4,92,18,0,868.9,62,24140,4.8,103,11.9
2025-09-01T07:00,21,85,18.4,0,869.9,57,24140,4.7,99,14
2025-09-01T08:00,22.4,80,18.8,0,870.2,49,24140,3.6,84,14
2025-09-01T09:00,23.9,71,18.3,0,870.4,65,24140,1.5,76,12.6
2025-09-01T10:00,25.3,62,17.5,0,870.1,66,24140,1,315,8.6
2025-09-01T11:00,25.9,61,17.8,0,870.2,78,24140,1.9,292,8.6
2025-09-01T12:00,26.8,59,18.1,0,869.7,72,20260,3.6,264,16.9
2025-09-01T13:00,26.6,63,19,0,869.2,87,20260,4,275,19.1
2025-09-01T14:00,25.8,73,20.6,0.7,868.6,100,24140,3.6,270,21.2
2025-09-01T15:00,24.4,80,20.7,7.2,867.5,100,24140,3.1,216,14
2025-09-01T16:00,23.7,80,20.1,1.6,867.3,100,24140,0.8,207,13.3
2025-09-01T17:00,23.4,82,20.2,0.5,867.3,100,24140,2.3,252,8.3
2025-09-01T18:00,22.9,84,20,0.3,867.6,100,24140,0.8,333,9
2025-09-01T19:00,22.3,87,20,0.3,867.7,100,24140,1.4,360,10.8
2025-09-01T20:00,22,89,20.1,0,868.9,66,24140,1.6,63,5.4
2025-09-01T21:00,21.5,91,19.9,0,869.1,44,24140,2.7,67,6.8
2025-09-01T22:00,21,91,19.4,0,869.1,21,24140,3.1,69,7.2
2025-09-01T23:00,20.2,92,18.8,0,869.2,6,24140,3.3,96,7.6
2025-09-02T00:00,19.8,91,18.3,0,868.2,9,24140,4,95,9
2025-09-02T01:00,19.5,89,17.6,0,867.8,15,24140,4.2,110,9.4
2025-09-02T02:00,19.1,89,17.3,0,867,17,24140,4,117,9.4
2025-09-02T03:00,18.7,89,16.9,0,866.5,26,24140,4.7,113,10.4
2025-09-02T04:00,18.6,88,16.6,0,866.6,25,24140,5.9,104,13.3
2025-09-02T05:00,18.4,90,16.7,0,867.8,9,24140,6.1,90,14.8
2025-09-02T06:00,19.2,89,17.4,0,869,28,24140,5.8,83,14.4
2025-09-02T07:00,21.7,81,18.3,0,870.2,33,24140,2.9,83,13.3
2025-09-02T08:00,23.4,74,18.5,0,870.9,41,24140,1.1,18,9
2025-09-02T09:00,24.9,66,18.1,0,871.1,34,24140,1.8,307,8.3
2025-09-02T10:00,26.1,58,17.2,0,870.7,66,24140,1.5,315,8.3
2025-09-02T11:00,26.8,54,16.7,0,870.7,91,24140,3,256,9
2025-09-02T12:00,27.4,55,17.6,0,870.3,65,24140,5.8,277,16.9
2025-09-02T13:00,26.1,69,20,0.5,870,71,24140,8.6,285,22
2025-09-02T14:00,25.4,75,20.6,0.8,869.1,100,24140,8,288,22
2025-09-02T15:00,24.2,77,19.9,2.8,868.5,100,20260,6.1,273,20.5
2025-09-02T16:00,23.8,76,19.3,0.4,868,100,24140,4.7,279,15.8
2025-09-02T17:00,23.1,81,19.6,0.2,868.4,86,24140,4,275,13
2025-09-02T18:00,22.4,84,19.6,0.7,868.8,100,19500,1.8,270,12.2
2025-09-02T19:00,22,86,19.5,0.9,869.6,100,24140,0.4,90,9.7
2025-09-02T20:00,21.8,86,19.3,1,870.6,100,9380,2.4,117,9
2025-09-02T21:00,21.5,87,19.2,0.6,870.9,100,24140,3.1,111,10.8
2025-09-02T22:00,21.1,89,19.2,0.2,870.8,100,24140,4,90,12.2
2025-09-02T23:00,20.8,91,19.2,0,871.2,85,19660,3.2,63,9.4
2025-09-03T00:00,20.6,92,19.2,0,870.5,83,24140,3.3,84,7.6
2025-09-03T01:00,20.2,93,19.1,0,870,79,24140,3.7,101,8.3
2025-09-03T02:00,20,93,18.8,0,869.3,0,24140,3.3,103,8.3
2025-09-03T03:00,19.7,94,18.7,0,869,10,24140,2.5,98,7.6
2025-09-03T04:00,19.4,95,18.5,0,868.7,23,24140,2.6,106,6.1
2025-09-03T05:00,19.3,97,18.8,0,869.7,56,24140,2,135,6.1
2025-09-03T06:00,19.6,97,19.1,0,869.7,46,24140,2.5,135,6.5
2025-09-03T07:00,21.2,88,19.2,0,870.6,56,24140,1.8,127,7.9
2025-09-03T08:00,22.7,80,19,0,871,44,24140,0.8,63,7.2
2025-09-03T09:00,24,71,18.4,0,871.3,70,24140,0.8,243,6.1
2025-09-03T10:00,25.2,65,18.1,0,871.2,82,24140,2.5,278,9.4
2025-09-03T11:00,25.9,63,18.3,0,872,84,19880,2.5,262,13.7
2025-09-03T12:00,26.5,62,18.6,0.1,871.1,70,24140,4,280,14.8
2025-09-03T13:00,26.6,66,19.7,0,871,84,19580,6.2,280,18
2025-09-03T14:00,25.1,76,20.6,1.4,869.8,100,24140,6.4,297,20.2
2025-09-03T15:00,24.7,79,20.8,0.9,869.3,100,14440,5.2,295,19.8
2025-09-03T16:00,23.7,82,20.5,1.2,868.5,100,24140,3.5,294,18.7
2025-09-03T17:00,22.6,87,20.3,0.7,869,100,24140,2.5,315,15.1
2025-09-03T18:00,22,89,20.1,0.3,869.2,100,13480,1.3,34,12.6
2025-09-03T19:00,22,88,19.9,0.2,870.5,100,24140,1.9,68,7.9
2025-09-03T20:00,21.8,89,19.9,0.4,871.5,100,24140,2.5,90,9
2025-09-03T21:00,21.4,91,19.8,0.5,871.8,100,24140,2.7,67,9.4
2025-09-03T22:00,21.2,91,19.6,0.5,871.3,100,24140,2.7,67,9.7
2025-09-03T23:00,20.8,92,19.5,0.4,872,64,24140,3.8,73,10.1
2025-09-04T00:00,20.6,92,19.2,0,871.3,76,24140,4,85,9.4
2025-09-04T01:00,20.2,93,19.1,0,870.8,84,24140,4.3,95,10.1
2025-09-04T02:00,20,93,18.8,0,870,39,15100,4.7,94,11.5
2025-09-04T03:00,19.8,93,18.6,0,869.4,80,3160,3.8,107,11.5
2025-09-04T04:00,19.3,95,18.5,0,868.9,100,24140,2.9,120,8.6
2025-09-04T05:00,18.9,96,18.2,0,870,100,24140,3.1,111,8.3
2025-09-04T06:00,19.4,94,18.4,0,870.1,17,24140,4,100,9.7
2025-09-04T07:00,21.3,86,18.9,0,871.3,42,24140,5.1,82,14
2025-09-04T08:00,22.7,78,18.7,0,871.8,42,24140,4.3,85,14
2025-09-04T09:00,24.3,70,18.5,0,872.2,56,19420,2.6,106,13.3
2025-09-04T10:00,25.6,63,18.1,0,872,61,19540,1.8,101,11.2
2025-09-04T11:00,26.6,58,17.6,0,872.2,74,10960,2.3,129,11.2
2025-09-04T12:00,27.1,53,16.7,0.1,871.4,50,24140,0.4,270,10.1
2025-09-04T13:00,27.1,54,17,0.1,871.2,67,23060,1.4,270,16.2
2025-09-04T14:00,26.5,57,17.3,0.1,870.4,84,23220,0.8,207,14.4
2025-09-04T15:00,26,62,18.1,0,870.1,94,6940,1.1,288,12.2
2025-09-04T16:00,24.4,73,19.2,0.1,869.5,53,22660,4.3,270,19.4
2025-09-04T17:00,24,74,19.1,0.8,869.4,38,24140,4,260,19.8
2025-09-04T18:00,22.5,86,20.1,0.1,869.8,75,24140,4,265,16.6
2025-09-04T19:00,21.7,91,20.2,0.7,870.9,98,24140,2.5,278,15.8
2025-09-04T20:00,21.4,92,20.1,0.6,871.7,76,24140,0.8,63,13.3
2025-09-04T21:00,21.5,90,19.8,0,872.1,71,24140,2.9,97,10.8
2025-09-04T22:00,21.3,90,19.6,0,872,55,24140,2.5,90,10.8
2025-09-04T23:00,21.2,90,19.5,0.1,872.6,69,24140,1.8,360,9.4
2025-09-05T00:00,20.7,92,19.4,0.6,871.7,74,24140,1.8,349,7.9
2025-09-05T01:00,20.3,94,19.3,0.1,870.9,54,24140,1.1,288,7.9
2025-09-05T02:00,19.9,96,19.3,0,870.4,55,24140,0.8,243,3.2
2025-09-05T03:00,19.7,97,19.2,0,870.1,60,24140,0.5,45,2.5
2025-09-05T04:00,19.6,97,19.1,0,869.9,72,24140,0.7,90,2.9
2025-09-05T05:00,19.2,100,19.2,0,870.7,79,24140,1.1,198,2.2
2025-09-05T06:00,19.3,99,19.2,0,870.9,81,24140,1.8,191,5.8
2025-09-05T07:00,20.6,91,19.1,0,871.9,64,24140,0.4,270,5.8
2025-09-05T08:00,22.1,82,18.9,0,872.4,62,24140,0.8,153,5
2025-09-05T09:00,23.7,73,18.5,0,872.7,83,19700,1.1,162,6.8
2025-09-05T10:00,25.1,66,18.3,0,872.3,74,24140,1.1,180,7.6
2025-09-05T11:00,26,61,17.9,0,873.1,74,24140,2.8,230,9.4
2025-09-05T12:00,26.6,58,17.7,0,872.4,91,20420,3.2,270,11.5
2025-09-05T13:00,26.2,67,19.6,0.1,872.3,87,15080,5.6,297,18
2025-09-05T14:00,24.8,77,20.5,2,871.2,100,24140,5,270,19.4
2025-09-05T15:00,24.3,80,20.6,3.8,870.8,100,24140,4.2,250,14.8
2025-09-05T16:00,23.3,85,20.7,2.4,869.9,100,24140,4,260,13.7
2025-09-05T17:00,22.7,86,20.2,0.7,870.3,96,24140,4.1,255,11.9
2025-09-05T18:00,21.8,89,19.9,0.4,870.1,99,24140,2.3,288,9
2025-09-05T19:00,21.2,91,19.7,0.3,870.7,100,24140,2.3,321,8.3
2025-09-05T20:00,21,93,19.8,0.3,871.6,100,24140,0.8,333,7.6
2025-09-05T21:00,20.9,93,19.7,0,872,90,24140,1.1,72,4.7
2025-09-05T22:00,20.7,93,19.5,0.3,871.9,82,24140,2,45,6.1
2025-09-05T23:00,20.3,95,19.4,0.1,872.7,97,24140,1.1,360,6.5
2025-09-06T00:00,20.1,95,19.3,0.6,872.2,93,24140,2.5,45,6.8
2025-09-06T01:00,19.9,94,18.9,0.2,871.6,100,24140,2.9,60,7.9
2025-09-06T02:00,19.8,94,18.8,0,870.7,51,20120,2.2,99,7.9
2025-09-06T03:00,19.6,95,18.8,0,870.6,34,24140,2.4,153,5
2025-09-06T04:00,19.4,96,18.7,0,870.4,54,24140,3.3,139,7.2
2025-09-06T05:00,19.4,96,18.7,0,871.1,18,24140,3.4,148,7.9
2025-09-06T06:00,19.7,95,18.8,0,871.5,37,20740,3.2,117,7.9
2025-09-06T07:00,21.1,90,19.4,0,872.9,21,24140,2.5,135,9.4
2025-09-06T08:00,22.5,80,18.8,0,873.2,62,24140,1.3,236,6.8
2025-09-06T09:00,23.5,75,18.8,0,873.4,80,24140,2.2,270,8.3
2025-09-06T10:00,24.6,69,18.6,0,873.1,61,23460,3.3,311,10.4
2025-09-06T11:00,25.4,66,18.6,0.1,873.7,100,6640,5.8,266,16.6
2025-09-06T12:00,24.6,75,19.8,0.6,872.9,100,15180,7.2,252,19.4
2025-09-06T13:00,23.8,80,20.2,2.4,872.4,100,5080,6,245,19.8
2025-09-06T14:00,23.3,83,20.3,2.1,871.4,100,19740,4,243,15.5
2025-09-06T15:00,22.8,86,20.4,1.8,871.1,100,19700,4,265,12.2
2025-09-06T16:00,22.1,89,20.2,2.3,870.4,100,24140,3.4,288,11.2
2025-09-06T17:00,21.8,90,20.1,1.2,870.7,100,24140,2.9,277,9
2025-09-06T18:00,21,92,19.6,0.5,870.7,100,24140,0.7,360,6.8
2025-09-06T19:00,21,91,19.5,0,871.4,100,24140,2.2,90,5
2025-09-06T20:00,20.8,92,19.5,0,872.2,100,24140,2.9,90,6.1
2025-09-06T21:00,20.8,92,19.4,0,872.5,100,24140,2.5,98,5.8
2025-09-06T22:00,20.5,93,19.3,0,872.1,84,24140,2.6,106,5.4
2025-09-06T23:00,20.6,92,19.2,0,873,94,24140,1.5,135,5.8
2025-09-07T00:00,20.4,93,19.2,0.5,872.4,98,24140,1.8,127,5.8
2025-09-07T01:00,20.2,93,19,0.3,871.8,98,24140,1.5,135,5
2025-09-07T02:00,19.9,94,18.9,0,870.9,99,24140,0.8,153,3.6
2025-09-07T03:00,19.8,95,19,0,870.3,100,24140,1.3,146,2.9
2025-09-07T04:00,19.5,96,18.9,0,870.2,100,24140,1.8,143,4
2025-09-07T05:00,19.5,95,18.6,0,870.8,100,24140,1.5,76,3.6
2025-09-07T06:00,19.7,95,18.9,0,871.6,100,24140,1,135,6.1
2025-09-07T07:00,20.4,91,18.9,0.2,872.4,100,24140,1.3,214,7.2
2025-09-07T08:00,21.2,88,19.2,0.3,873.2,84,24140,0.4,360,6.8
2025-09-07T09:00,22.4,83,19.3,0,873.2,85,24140,1.1,288,6.8
2025-09-07T10:00,23.6,79,19.7,0.1,872.8,100,24140,2.2,279,9
2025-09-07T11:00,24.4,74,19.4,0.1,872.3,97,8860,2.9,277,10.8
2025-09-07T12:00,25,73,19.8,0.1,871.7,100,24140,4.4,279,12.2
2025-09-07T13:00,24,80,20.4,1.3,871.3,100,19920,5.8,292,17.3
2025-09-07T14:00,23.7,83,20.6,2.3,870.6,100,22840,6.3,294,16.6
2025-09-07T15:00,23,85,20.3,1.8,869.6,100,15060,5.6,297,16.9
2025-09-07T16:00,22.3,88,20.2,1,868.9,100,20240,5.4,290,14.4
2025-09-07T17:00,22,90,20.3,0.3,869.3,100,17780,5.5,281,13.7
2025-09-07T18:00,21,92,19.7,0.6,869.5,100,16120,3.6,315,11.9
2025-09-07T19:00,20.7,93,19.5,0.1,870.3,100,4320,2.4,333,9
2025-09-07T20:00,20.5,94,19.5,0,870.9,100,14740,0.8,63,6.1
2025-09-07T21:00,20.4,94,19.4,0,870.7,100,24140,3.1,135,5.8
2025-09-07T22:00,20.3,95,19.5,0,871,100,24140,2.1,121,6.1
2025-09-07T23:00,20,96,19.4,0.1,871.2,91,24140,1.3,124,6.5
2025-09-08T00:00,20.1,94,19.1,0,870.9,86,24140,2.6,124,5.8
2025-09-08T01:00,19.9,94,18.9,0,870.4,85,24140,3.7,119,7.6
2025-09-08T02:00,19.8,95,18.9,0,870.1,86,24140,3.1,111,7.6
2025-09-08T03:00,19.8,95,18.9,0,870.2,93,24140,1.5,104,6.1
2025-09-08T04:00,19.7,94,18.7,0.2,870.2,96,24140,0.5,135,3.2
2025-09-08T05:00,19.5,96,18.9,0.4,870.4,95,24140,1.8,259,5.4
2025-09-08T06:00,19.5,97,19,0.4,871.1,92,20260,1.8,281,7.6
2025-09-08T07:00,20.4,91,18.9,0.1,871.8,83,14660,0.4,360,7.2
2025-09-08T08:00,21.7,86,19.2,0,872.3,84,11000,1.1,72,7.9
2025-09-08T09:00,22.9,80,19.2,0.1,872.2,78,13340,1.1,108,7.6
2025-09-08T10:00,24,75,19.3,0.1,872.2,79,10340,1.6,297,7.2
2025-09-08T11:00,24.8,73,19.6,0,872.6,80,8620,4.5,284,13.7
2025-09-08T12:00,24.9,74,20,0.1,871.8,93,10200,6.9,276,17.6
2025-09-08T13:00,24.2,81,20.8,1.5,871.5,100,12480,7.6,289,19.4
2025-09-08T14:00,23.7,83,20.6,1.8,870.6,100,11300,7.9,286,20.9
2025-09-08T15:00,22.6,87,20.3,1.5,869.8,100,13040,7.6,278,20.5
2025-09-08T16:00,21.7,88,19.6,0.3,869.2,100,11920,5.8,292,18.4
2025-09-08T17:00,21.3,92,20,0,869.8,100,9720,4.8,297,13.7
2025-09-08T18:00,20.9,92,19.5,0.1,869.7,100,20700,2.2,279,11.9
2025-09-08T19:00,20.7,94,19.7,0,870.5,100,14360,1.9,202,6.1
2025-09-08T20:00,20.6,94,19.6,0,871.5,100,16480,0.4,90,4.7
2025-09-08T21:00,20.4,96,19.8,0,871.7,100,24140,0.4,270,1.8
2025-09-08T22:00,20.3,97,19.8,0,871.8,96,24140,1.1,180,2.2
2025-09-08T23:00,20.3,95,19.4,0,871.9,73,24140,0.5,135,2.5
2025-09-09T00:00,20.1,96,19.5,0,871.6,64,24140,0.4,270,1.8
2025-09-09T01:00,19.9,97,19.4,0,870.9,71,24140,1.1,72,2.2
2025-09-09T02:00,19.7,98,19.3,0,870.7,81,24140,1,135,3.2
2025-09-09T03:00,19.6,99,19.5,0,870.6,85,24140,0,270,2.5
2025-09-09T04:00,19.6,97,19.1,0.1,870.5,87,24140,0.8,27,3.2
2025-09-09T05:00,19.6,97,19.1,0,870.6,65,24140,1.8,79,4.7
2025-09-09T06:00,20.2,94,19.2,0,871.2,58,24140,3.6,96,7.6
2025-09-09T07:00,21.3,86,18.9,0,872.2,52,24140,4,100,9.7
2025-09-09T08:00,22.5,81,19,0,873,41,24140,2.2,99,9.4
2025-09-09T09:00,23.6,74,18.7,0,873.4,81,24140,0.8,27,7.2
2025-09-09T10:00,24.7,68,18.4,0,872.9,88,24140,2.3,309,8.3
2025-09-09T11:00,25.9,61,17.8,0,873.3,95,24140,5.2,282,13.7
2025-09-09T12:00,25.1,71,19.4,0.1,872,82,22740,7.1,285,16.9
2025-09-09T13:00,24.7,78,20.6,0.8,871.6,100,8580,8.7,294,20.5
2025-09-09T14:00,23.8,82,20.6,2,870.7,100,6860,8.7,287,21.6
2025-09-09T15:00,23.3,84,20.5,1.6,870.4,100,7740,8.6,285,21.6
2025-09-09T16:00,22.1,89,20.2,0.9,869.9,100,12740,7.4,293,20.2
2025-09-09T17:00,21.5,90,19.8,0.2,870.2,100,24140,5.9,284,17.3
2025-09-09T18:00,20.8,93,19.6,0.1,870.2,100,24140,4.2,301,14.4
2025-09-09T19:00,20.5,96,19.8,0,870.5,100,24140,1.8,281,9.7
2025-09-09T20:00,20.3,96,19.7,0,871.2,100,24140,1.4,270,5
2025-09-09T21:00,20.1,97,19.6,0,871.4,100,24140,1,315,4.3
2025-09-09T22:00,20,98,19.6,0,871.2,100,24140,0.8,297,3.2
2025-09-09T23:00,19.7,100,19.7,0,871.8,81,24140,0.8,297,3.2
2025-09-10T00:00,19.5,99,19.3,0,870.8,80,24140,1.4,180,3.6
2025-09-10T01:00,19.3,100,19.3,0,870.1,80,24140,2.6,106,5.4
2025-09-10T02:00,19.3,98,19,0,869.7,98,24140,2.9,120,5.8
2025-09-10T03:00,19.3,98,18.9,0,869.6,100,24140,2.7,113,5.8
2025-09-10T04:00,19.3,97,18.8,0,869.5,100,24140,1.8,90,5.4
2025-09-10T05:00,19,100,19,0,870.1,100,24140,2.3,252,4
2025-09-10T06:00,19,100,19,0,870.5,100,24140,1.1,252,4.7
2025-09-10T07:00,20.4,92,19.1,0,871.4,100,24140,0.7,270,3.6
2025-09-10T08:00,22.1,82,18.9,0,871.9,100,24140,0.7,270,4.3
2025-09-10T09:00,23.5,74,18.6,0,871.7,100,24140,1.4,270,6.1
2025-09-10T10:00,25,66,18.2,0,871.6,100,20780,2.9,263,9.4
2025-09-10T11:00,26,61,17.9,0,871.9,73,6720,6.6,261,14.8
2025-09-10T12:00,26.2,60,17.8,0,871.2,83,5500,9.4,263,22.3
2025-09-10T13:00,25.2,71,19.5,0.1,870.6,87,4880,10,283,25.2
2025-09-10T14:00,24.3,80,20.6,1.9,869.2,100,5700,9,286,24.8
2025-09-10T15:00,23.1,84,20.2,1.6,868.4,100,8760,8.7,277,22.3
2025-09-10T16:00,21.8,89,19.9,0.4,867.8,100,23520,6.8,288,20.9
2025-09-10T17:00,21.3,91,19.7,0.2,868.1,100,11740,5.1,278,16.2
2025-09-10T18:00,20.9,93,19.7,0,868,100,14340,2.3,288,12.2
2025-09-10T19:00,20.8,94,19.8,0,869.3,100,14600,1.4,360,5.8
2025-09-10T20:00,20.8,93,19.6,0,870,100,24140,2.1,59,5.4
2025-09-10T21:00,20.7,93,19.5,0,870,100,14660,2.9,83,6.5
2025-09-10T22:00,20.6,92,19.3,0,869.8,98,14580,3.2,90,7.6
2025-09-10T23:00,20.8,91,19.3,0,870.4,95,14700,3,104,7.9
2025-09-11T00:00,20.7,92,19.3,0,869.6,95,11820,3.7,101,8.3
2025-09-11T01:00,20.6,92,19.2,0,869,96,12680,4.6,108,10.1
2025-09-11T02:00,20.5,92,19.1,0,868.6,100,11000,4.1,105,10.1
2025-09-11T03:00,20.5,92,19.1,0,868.5,100,13080,3.3,103,10.1
2025-09-11T04:00,20.4,92,19,0,868.5,100,24140,4.3,95,10.1
2025-09-11T05:00,20.2,93,19,0,869.7,100,24140,3.7,101,12.2
2025-09-11T06:00,20.4,92,19,0,870,100,24140,4.7,99,11.9
2025-09-11T07:00,21.1,87,18.9,0,871.1,100,24140,5.8,97,15.5
2025-09-11T08:00,22.5,81,19,0,871.3,100,24140,6.5,96,17.6
2025-09-11T09:00,24.1,72,18.8,0,872.3,100,8560,3.7,119,17.6
2025-09-11T10:00,25.1,66,18.3,0,871.9,100,6480,1.8,143,11.9
2025-09-11T11:00,26.1,61,18,0,872,98,24140,2.3,219,10.1
2025-09-11T12:00,26.1,63,18.5,0,871.3,100,24140,4.5,241,13.3
2025-09-11T13:00,24.8,70,19,0.3,870.9,100,24140,5.5,238,16.6
2025-09-11T14:00,24.7,77,20.4,0.2,870.1,100,24140,3.9,236,15.1
2025-09-11T15:00,23.8,81,20.4,4,869.4,100,24140,3.5,246,12.6
2025-09-11T16:00,22.9,85,20.3,4.2,869.1,100,10720,3.9,248,10.8
2025-09-11T17:00,22.2,90,20.5,2.6,869.8,100,12960,2.3,288,10.1
2025-09-11T18:00,21.5,94,20.5,2.2,869.9,100,24140,2.2,351,9
2025-09-11T19:00,21.3,93,20.1,0.9,870.6,82,24140,1.9,68,9
2025-09-11T20:00,21.6,90,19.9,0,871.2,72,24140,3.4,108,8.6
2025-09-11T21:00,21.6,89,19.7,0,871.6,98,24140,3.2,90,9
2025-09-11T22:00,21.5,89,19.6,0,871.7,100,24140,2.5,90,8.3
2025-09-11T23:00,21.2,89,19.3,0,872.1,100,24140,2.5,82,7.2
2025-09-12T00:00,21,89,19.1,0,871.8,100,24140,1.8,90,6.5
2025-09-12T01:00,20.8,90,19.1,0,871.3,100,24140,1.4,90,5.8
2025-09-12T02:00,20.4,93,19.2,0,870.2,100,24140,1.8,79,5.4
2025-09-12T03:00,20.2,93,19.1,0,870.1,100,24140,2.3,108,6.1
2025-09-12T04:00,20,93,18.9,0,870,100,24140,2.5,98,6.8
2025-09-12T05:00,20.1,91,18.6,0,871.6,86,24140,1.4,90,6.8
2025-09-12T06:00,20.3,92,18.9,0,871.8,70,24140,2.5,90,6.8
2025-09-12T07:00,21.2,86,18.8,0,872.6,72,24140,3.2,90,10.1
2025-09-12T08:00,22.6,79,18.7,0,873,69,24140,1.8,90,10.1
2025-09-12T09:00,24.1,70,18.3,0,873.4,69,24140,0.5,225,8.3
2025-09-12T10:00,25.3,64,18,0,873,90,24140,2.6,254,10.1
2025-09-12T11:00,26,62,18.2,0,873.8,75,20840,4.7,261,12.2
2025-09-12T12:00,26.3,61,18.2,0,873,88,6940,5.2,282,14.4
2025-09-12T13:00,26.3,62,18.4,0.1,872.5,100,5740,6.5,304,17.3
2025-09-12T14:00,25.3,72,19.9,0.4,871.5,100,5740,6.4,297,18
2025-09-12T15:00,24.4,79,20.5,2.2,870.9,100,20000,6.6,279,17.6
2025-09-12T16:00,23.3,83,20.2,2.4,870.3,100,24140,5.8,277,16.9
2025-09-12T17:00,22.5,86,20.1,1.5,870.7,100,3460,5,270,14.4
2025-09-12T18:00,21.9,89,20,0.8,870.7,100,24140,3.7,281,11.9
2025-09-12T19:00,21.4,90,19.7,0.2,871.6,100,24140,0.5,225,10.1
2025-09-12T20:00,21.5,89,19.6,0,872.5,97,24140,1.8,90,5.4
2025-09-12T21:00,21.5,90,19.8,0,872.8,90,22920,1.1,90,5.4
2025-09-12T22:00,21.3,90,19.6,0.2,872.4,100,24140,1.5,76,5
2025-09-12T23:00,21.3,90,19.6,0.1,872.8,96,22840,1,45,5
2025-09-13T00:00,21.1,90,19.4,0.2,872.5,100,24140,1.9,68,5
2025-09-13T01:00,20.9,91,19.4,0,872.2,100,24140,1.5,76,4.7
2025-09-13T02:00,20.7,92,19.3,0.1,871.8,100,24140,2.9,83,6.5
2025-09-13T03:00,20.6,92,19.3,0,871.4,100,24140,2.9,90,6.8
2025-09-13T04:00,20.5,92,19.2,0.1,871.5,100,24140,2.5,82,6.5
2025-09-13T05:00,20.3,93,19.1,0,872.4,100,2260,2.3,72,6.5
2025-09-13T06:00,20.3,93,19.1,0,872.8,100,1760,3.1,69,7.6
2025-09-13T07:00,21.3,89,19.4,0,873.5,95,7780,2.2,81,7.9
2025-09-13T08:00,22.6,81,19.1,0,873.7,94,24140,1.1,360,6.8
2025-09-13T09:00,23.9,74,19,0,873.6,59,24140,1.6,297,6.5
2025-09-13T10:00,25.1,69,19,0,873.5,75,24140,3.2,270,10.4
2025-09-13T11:00,25.4,65,18.4,0,874,80,10020,5.5,281,14.8
2025-09-13T12:00,25.3,72,19.9,0.2,873.3,76,21860,7.2,297,18.7
2025-09-13T13:00,24.9,77,20.6,1,872.6,100,8780,8,288,20.9
2025-09-13T14:00,24.4,78,20.3,1.8,871.5,100,20000,7.2,276,20.5
2025-09-13T15:00,23.2,85,20.5,3.2,870.4,100,5720,7.6,273,20.2
2025-09-13T16:00,22.3,89,20.4,2,870.2,100,5340,6.6,279,19.8
2025-09-13T17:00,21.6,92,20.3,1.6,870.3,100,8320,6.2,291,16.6
2025-09-13T18:00,20.9,95,20.1,0.8,870.8,100,24140,4.7,279,15.1
2025-09-13T19:00,20.6,96,19.9,0.3,871.7,100,24140,2.2,270,11.9
2025-09-13T20:00,20.6,95,19.7,0.2,872.5,100,24140,0.5,315,6.8
2025-09-13T21:00,20.6,94,19.6,0.3,872.6,100,24140,1.8,101,5
2025-09-13T22:00,20.6,94,19.6,0.2,872.5,100,24140,2.5,90,6.1
2025-09-13T23:00,20.5,93,19.3,0,872.4,100,12720,0.4,180,6.5
2025-09-14T00:00,20.4,93,19.2,0.2,872.1,100,24140,0.5,135,5.4
2025-09-14T01:00,20.4,93,19.2,0.1,871.7,99,24140,1.8,191,4.7
2025-09-14T02:00,20.3,93,19.1,0.2,871.1,94,24140,1.5,166,5.8
2025-09-14T03:00,20.3,93,19.1,0.1,870.9,94,24140,0.8,153,5.4
2025-09-14T04:00,20.3,92,18.9,0.1,870.9,91,24140,0.5,135,4.3
2025-09-14T05:00,20.1,92,18.8,0.3,872,87,24140,1.5,76,3.6
2025-09-14T06:00,20.2,92,18.8,0.2,872.3,94,24140,1.6,63,5.4
2025-09-14T07:00,20.7,90,19,0.2,873.1,92,14720,1.8,79,6.5
2025-09-14T08:00,21.3,88,19.3,0.3,873.6,94,13680,1.4,90,6.1
2025-09-14T09:00,22.1,86,19.6,0.1,874,100,14700,0.8,27,5.8
2025-09-14T10:00,22.4,84,19.5,0.2,873.5,100,8540,1.8,11,7.9
2025-09-14T11:00,23.4,80,19.7,0.6,873.2,100,7360,1.1,72,10.4
2025-09-14T12:00,23.7,78,19.6,0.1,872.4,100,6400,0.8,63,8.3
2025-09-14T13:00,23.5,80,19.9,0.1,871.8,100,6020,1.4,360,7.9
2025-09-14T14:00,23.5,81,20.1,0.5,871,100,6880,2.2,360,9.7
2025-09-14T15:00,23.2,83,20.1,1.3,870.6,100,7820,1.1,342,9
2025-09-14T16:00,22.6,85,19.9,3.1,870.4,100,8600,1.1,342,5.4
2025-09-14T17:00,22.2,87,19.9,3.5,870.4,100,2420,1.8,233,4.3
2025-09-14T18:00,21.8,88,19.7,1.3,870.8,100,1120,1.1,180,5
2025-09-14T19:00,21.6,87,19.4,1.2,871.7,100,2080,1.9,112,5.4
2025-09-14T20:00,21.3,88,19.3,0.9,872.4,100,24140,2.9,97,7.6
2025-09-14T21:00,20.9,90,19.2,1.1,872.3,100,12780,3.2,90,8.3
2025-09-14T22:00,20.7,90,19,1.2,872.1,100,24140,4,63,10.1
2025-09-14T23:00,20.6,91,19,1.4,871.8,100,24140,4.2,70,10.4
2025-09-15T00:00,20.5,91,18.9,2,871.5,100,24140,4.8,77,13
2025-09-15T01:00,20.2,90,18.5,1.7,870.7,100,24140,5.4,94,15.8
2025-09-15T02:00,20.1,91,18.6,0.6,870.7,100,24140,4,90,15.8
2025-09-15T03:00,19.9,92,18.6,0.4,870.4,100,24140,3.6,96,10.4
2025-09-15T04:00,19.8,92,18.5,0.1,870.1,100,23140,2.5,82,9.7
2025-09-15T05:00,19.7,92,18.3,0,870.6,100,22900,2.3,39,7.2
2025-09-15T06:00,19.7,92,18.3,0.3,870.7,100,23620,2,45,6.5
2025-09-15T07:00,20.3,90,18.6,0,871.6,100,24140,2.3,72,7.9
2025-09-15T08:00,21.6,82,18.4,0,872,91,24140,1.1,72,8.3
2025-09-15T09:00,22.7,76,18.3,0,872.3,96,24140,1.1,72,7.2
2025-09-15T10:00,23.7,71,18.1,0,872.3,98,24140,3.8,107,12.6
2025-09-15T11:00,24.2,68,17.9,0,872.1,96,23320,3.7,79,15.8
2025-09-15T12:00,24.3,67,17.8,0.1,871.2,88,24140,2.1,59,10.8
2025-09-15T13:00,24,68,17.7,0.1,870.5,85,24140,1.9,68,14.8
2025-09-15T14:00,24,70,18.2,0,870.3,94,24140,2.7,67,14
2025-09-15T15:00,23.3,74,18.4,0,869.6,96,21120,3.8,73,17.3
2025-09-15T16:00,22.8,75,18.2,0.1,869.5,90,24140,3.3,96,16.9
2025-09-15T17:00,23.4,70,17.6,0,869.5,100,9860,1.6,63,10.4
2025-09-15T18:00,22.5,74,17.7,0,870,99,16200,2.5,45,6.8
2025-09-15T19:00,21.9,81,18.5,0,871.1,100,15820,2.4,63,6.8
2025-09-15T20:00,21.5,83,18.5,0,871.8,100,5040,3.6,90,9.7
2025-09-15T21:00,21.1,85,18.5,0,872.4,91,24140,4.5,104,11.5
2025-09-15T22:00,20.9,86,18.4,0,872.1,92,10760,4.4,99,11.5
2025-09-15T23:00,20.4,88,18.4,0,872.1,87,24140,5.4,94,11.2
2025-09-16T00:00,20.3,89,18.4,0,871.1,87,22240,4.8,103,13.3
2025-09-16T01:00,20.2,90,18.5,0,870.6,89,10620,3.9,112,11.9
2025-09-16T02:00,19.9,92,18.5,0,869.9,76,12080,3.3,103,9.7
2025-09-16T03:00,19.6,94,18.6,0,869.6,67,1500,2.9,97,8.6
2025-09-16T04:00,19.3,95,18.4,0,869.6,65,800,2.3,108,7.2
2025-09-16T05:00,19.2,96,18.5,0,870.3,71,980,0.4,180,6.8
2025-09-16T06:00,19.1,97,18.6,0,870.6,75,4220,1.8,79,5.4
2025-09-16T07:00,20.4,90,18.7,0,872,81,17840,0.8,63,6.1
2025-09-16T08:00,21.3,85,18.7,0.1,872.1,81,21040,0.8,63,10.4
2025-09-16T09:00,22.6,80,18.9,0.1,873,79,1700,0.4,90,11.5
2025-09-16T10:00,23.6,72,18.3,0,872.7,87,340,1.5,256,13.3
2025-09-16T11:00,23.6,75,18.9,0,873.4,92,240,5,249,17.3
2025-09-16T12:00,23.6,77,19.4,1,872.3,100,100,5.8,248,18
2025-09-16T13:00,23.4,80,19.7,2.7,871.8,100,60,6.1,273,19.4
2025-09-16T14:00,22.5,85,19.9,2.7,870.4,100,40,4.9,306,20.9
2025-09-16T15:00,22.3,86,19.8,1.4,870.1,100,240,3.7,331,19.8
2025-09-16T16:00,21.8,88,19.7,2,870,100,2480,2.5,352,16.9
2025-09-16T17:00,21.6,89,19.7,2,870.5,100,5700,2.5,360,14
2025-09-16T18:00,21.1,91,19.5,1.5,870.3,100,18560,3.1,36,14.4
2025-09-16T19:00,20.7,91,19.2,0.6,871.1,100,24140,2.6,56,13.7
2025-09-16T20:00,20.5,92,19.2,0,871.5,91,24140,4,90,9.7
2025-09-16T21:00,20.5,90,18.8,0,872.1,93,17760,4.3,95,11.2
2025-09-16T22:00,20.4,90,18.7,0,871.8,96,13800,4.7,99,11.5
2025-09-16T23:00,20.2,91,18.7,0,872,91,22800,4.4,99,11.5
2025-09-17T00:00,20,92,18.6,0.4,871.5,93,10480,4.1,105,15.5
2025-09-17T01:00,19.8,93,18.6,0.3,871.1,100,2220,3.7,101,15.1
2025-09-17T02:00,19.6,94,18.6,0,870.6,100,1280,3.6,96,9.7
2025-09-17T03:00,19.5,94,18.5,0,870.5,100,620,3.3,96,9.7
2025-09-17T04:00,19.4,94,18.4,0,870.5,98,520,3.6,96,9.7
2025-09-17T05:00,19.1,95,18.3,0,870.6,96,660,2.5,82,9.4
2025-09-17T06:00,19.2,94,18.2,0,871.1,100,180,3.3,84,8.3
2025-09-17T07:00,19.9,92,18.5,0,872.1,85,100,3,104,12.2
2025-09-17T08:00,20.8,87,18.6,0.2,872.6,85,120,3,104,13.7
2025-09-17T09:00,21.8,82,18.6,0.2,873.3,81,180,2.3,72,13
2025-09-17T10:00,22.7,79,18.9,0,872.9,80,620,2,45,14
2025-09-17T11:00,22.9,76,18.5,0,872.8,100,1000,1.1,342,16.6
2025-09-17T12:00,23.7,74,18.8,0,872.1,100,2720,2.8,310,16.6
2025-09-17T13:00,23.4,80,19.7,2.1,871.4,100,2600,4.1,315,19.1
2025-09-17T14:00,22.5,85,19.9,5.8,870.4,100,4260,4.4,305,14
2025-09-17T15:00,21.9,88,19.8,3.1,869.7,100,13180,3.2,297,15.1
2025-09-17T16:00,21.6,89,19.7,2.2,869.2,100,24140,1.8,270,11.9
2025-09-17T17:00,21.6,89,19.7,1.5,870,100,24140,2.3,231,8.6
2025-09-17T18:00,21.1,90,19.4,1.2,870.1,100,1960,0.8,297,9
2025-09-17T19:00,20.8,91,19.3,1,870.9,100,380,1.1,90,6.1
2025-09-17T20:00,20.7,90,19,0.6,871.6,100,340,2.2,90,8.6
2025-09-17T21:00,20.6,90,18.9,0.4,872.2,100,500,1.8,90,9
2025-09-17T22:00,20.3,91,18.8,0.4,871.8,100,1020,1.8,79,8.3
2025-09-17T23:00,20.2,90,18.5,0.4,872,100,15120,2.5,82,7.2
2025-09-18T00:00,20,91,18.5,0.2,871.2,100,21200,2.5,90,7.9
2025-09-18T01:00,19.8,92,18.5,0,870.7,100,13740,2.6,106,7.9
2025-09-18T02:00,19.6,92,18.3,0,870.5,100,17680,2.7,113,7.2
2025-09-18T03:00,19.6,92,18.2,0,870.2,100,23620,2.9,97,7.2
2025-09-18T04:00,19.6,92,18.2,0,870,100,24020,2.5,98,7.2
2025-09-18T05:00,19.5,93,18.3,0,870.8,100,16220,2.1,121,6.8
2025-09-18T06:00,19.6,92,18.2,0,870.9,100,16720,2.5,82,6.8
2025-09-18T07:00,20.2,89,18.3,0,871.8,96,24140,2.5,90,8.6
2025-09-18T08:00,20.9,84,18.1,0,872.5,94,21220,2.6,106,8.6
2025-09-18T09:00,22.1,78,18.1,0,872.7,100,20720,2.9,97,10.4
2025-09-18T10:00,23.2,72,17.9,0,872.4,100,24140,2.2,81,10.4
2025-09-18T11:00,24.4,66,17.6,0.1,872.3,100,19400,2.9,270,9
2025-09-18T12:00,24.5,69,18.4,0.1,871.9,100,20280,4.8,283,17.6
2025-09-18T13:00,23.6,79,19.8,1.3,871.3,100,24140,5.8,277,20.5
2025-09-18T14:00,23.1,82,19.9,3.5,870.6,100,24140,6.1,273,20.9
2025-09-18T15:00,22.3,86,19.8,4,869.8,100,24140,5.1,274,17.3
2025-09-18T16:00,21.4,89,19.5,2.4,869.2,100,24140,5.2,282,15.8
2025-09-18T17:00,20.7,93,19.5,1.8,869.5,100,24140,3.4,288,14
2025-09-18T18:00,20.2,95,19.4,1,869.8,100,24140,2.6,304,9.4
2025-09-18T19:00,19.9,96,19.3,0.1,870.8,100,5500,1.5,256,7.2
2025-09-18T20:00,19.9,96,19.3,0,871.7,100,11640,0.8,63,4
2025-09-18T21:00,19.9,95,19.1,0,871.9,100,24140,1.8,79,4.7
2025-09-18T22:00,19.9,95,19,0,871.7,86,24140,1.1,90,4.7
2025-09-18T23:00,19.9,94,18.9,0,871.8,86,24140,2.2,99,3.6
2025-09-19T00:00,19.6,95,18.8,0,871,86,24140,1.8,79,4.7
2025-09-19T01:00,19.4,97,18.9,0,870.6,86,9680,2.5,98,5.8
2025-09-19T02:00,19.3,96,18.7,0.3,870.4,85,14540,3,104,8.3
2025-09-19T03:00,19.3,95,18.4,0.1,870.3,85,13460,3.6,90,9.7
2025-09-19T04:00,19.2,95,18.3,0,870.2,85,20780,4,90,10.1
2025-09-19T05:00,18.9,96,18.3,0,871,80,24000,3.2,90,9.7
2025-09-19T06:00,19.1,95,18.3,0,871.4,77,19860,3.6,90,9.7
2025-09-19T07:00,20.1,90,18.4,0,872.7,75,19100,3.6,90,11.5
2025-09-19T08:00,21.5,82,18.3,0,873.3,87,19840,3.3,84,11.5
2025-09-19T09:00,22.6,76,18.2,0,873.5,87,19960,2.2,81,11.5
2025-09-19T10:00,23.9,69,17.9,0,873.1,84,20700,1.6,333,9.4
2025-09-19T11:00,24.5,69,18.4,0,873.2,71,24140,2.9,277,17.6
2025-09-19T12:00,24.8,72,19.4,0,872.5,100,21080,4.9,287,17.6
2025-09-19T13:00,23.8,80,20.2,2.9,871.7,100,24140,5.6,297,20.2
2025-09-19T14:00,23.4,82,20.1,5.6,870.2,100,19860,4.5,284,18.4
2025-09-19T15:00,22.4,86,19.9,3.1,869.7,100,19560,4,270,15.5
2025-09-19T16:00,21.8,89,19.9,2.2,869.3,100,19780,3.6,264,13
2025-09-19T17:00,21,91,19.5,1.1,870.2,100,24140,3.3,276,11.9
2025-09-19T18:00,20.5,93,19.3,0.6,870.6,100,8080,2.1,329,8.3
2025-09-19T19:00,20.1,95,19.2,0.2,870.8,100,7260,2.2,360,7.9
2025-09-19T20:00,20,95,19.1,0,870.8,100,13500,1.8,143,6.1
2025-09-19T21:00,19.8,95,19,0,870.7,100,13520,1.8,127,6.1
2025-09-19T22:00,19.8,96,19.1,0,870.6,98,24140,2.3,72,5
2025-09-19T23:00,19.6,96,18.9,0,871.2,77,22600,1.5,76,5.4
2025-09-20T00:00,19.5,96,18.9,0,870.7,91,23700,1.4,90,4.7
2025-09-20T01:00,19.4,96,18.7,0.1,870.4,88,24140,2.5,82,6.1
2025-09-20T02:00,19.4,95,18.5,0,869.9,97,24140,1.1,90,6.1
2025-09-20T03:00,19.3,95,18.4,0,869.6,85,24140,1.4,90,4
2025-09-20T04:00,19.1,96,18.4,0,869.1,83,24140,1.8,79,4.7
2025-09-20T05:00,19.1,95,18.2,0,870.2,95,24140,1.1,90,5.8
2025-09-20T06:00,19.2,95,18.3,0,870.1,90,24140,1.8,127,5.8
2025-09-20T07:00,20,91,18.5,0,871.1,73,20480,1.5,104,6.8
2025-09-20T08:00,21.3,81,17.9,0,871.7,67,19960,0.8,117,6.1
2025-09-20T09:00,22.8,74,17.9,0,872.1,67,24140,0.4,90,6.1
2025-09-20T10:00,23.9,66,17.1,0,871.8,74,20080,0.5,225,4.7
2025-09-20T11:00,24.6,63,17.1,0.1,871.8,73,20340,3.6,270,10.1
2025-09-20T12:00,24.7,66,17.9,0,871.3,66,10300,3.9,304,14.8
2025-09-20T13:00,24.2,73,19.1,0.2,870.6,83,24140,6.9,298,19.4
2025-09-20T14:00,23.5,78,19.4,2.2,869.7,91,24140,7.4,284,20.5
2025-09-20T15:00,22.6,81,19.1,1.1,869.2,83,10800,6.8,273,20.2
2025-09-20T16:00,21.6,85,19,0.3,868.6,79,24140,5.7,288,18.7
2025-09-20T17:00,20.7,89,18.8,0.1,869.1,82,14640,3.9,304,15.1
2025-09-20T18:00,20.1,93,19,0.1,868.7,51,24140,2.3,288,11.2
2025-09-20T19:00,19.9,94,18.9,0,869.6,58,24140,1.8,307,6.1
2025-09-20T20:00,19.8,95,18.9,0,870.4,53,24140,1.5,45,4.3
2025-09-20T21:00,19.7,95,18.8,0,870.7,44,20460,1.1,72,5
2025-09-20T22:00,19.4,96,18.7,0,870.2,46,21000,1,135,3.2
2025-09-20T23:00,19.2,96,18.6,0,870.7,39,24140,2.9,83,3.2
2025-09-21T00:00,19,96,18.3,0,869.8,46,24140,2.5,82,6.1
2025-09-21T01:00,18.8,96,18.1,0,869.5,68,24140,2.2,81,6.1
2025-09-21T02:00,18.8,95,18,0,869.2,70,24140,1.4,90,5.4
2025-09-21T03:00,18.7,95,17.9,0,868.8,66,24140,0.8,117,3.2
2025-09-21T04:00,18.3,97,17.8,0,868.4,59,24140,1.3,124,2.9
2025-09-21T05:00,17.7,100,17.7,0,868.7,76,24140,1.1,198,3.6
2025-09-21T06:00,17.8,100,17.8,0,869,79,24140,1.3,146,3.2
2025-09-21T07:00,19.7,89,17.8,0,870.2,71,24140,0.4,360,4.3
2025-09-21T08:00,21.4,80,17.8,0,871.1,42,24140,1.9,292,7.6
2025-09-21T09:00,22.7,74,17.8,0,871.2,60,24140,2.6,286,9.4
2025-09-21T10:00,24.1,66,17.3,0,871.1,69,24140,3.4,288,11.5
2025-09-21T11:00,24.9,62,17.1,0,871.4,94,24140,4.3,275,13.3
2025-09-21T12:00,25.2,63,17.7,0,870.5,78,24140,6.1,267,16.9
2025-09-21T13:00,25.2,66,18.4,0,870.2,72,20480,7.6,273,20.2
2025-09-21T14:00,24.5,71,18.9,0.1,869.4,71,23780,6.9,276,20.9
2025-09-21T15:00,23.8,74,18.9,0.2,869.2,76,24140,6.5,270,19.1
2025-09-21T16:00,23,77,18.8,0.1,868.7,71,24140,4.7,266,17.3
2025-09-21T17:00,22.1,80,18.5,0.1,869.1,75,24140,5.1,278,12.6
2025-09-21T18:00,21.2,86,18.7,0,868.5,40,19540,4.6,288,13
2025-09-21T19:00,20.3,93,19.1,0,868.7,42,24140,2.7,293,10.1
2025-09-21T20:00,19.9,96,19.2,0,869.4,34,24140,0.5,315,6.5
2025-09-21T21:00,19.6,97,19.1,0,870.1,44,24140,1.1,72,2.5
2025-09-21T22:00,19.3,97,18.8,0,870.3,24,24140,1.9,112,4.3
2025-09-21T23:00,19.1,97,18.6,0,871,27,10740,1.6,153,4
2025-09-22T00:00,18.7,99,18.6,0,870.1,50,24140,1.8,180,4.7
2025-09-22T01:00,18.5,100,18.5,0,869.3,75,24140,1.1,198,4.3
2025-09-22T02:00,18.3,100,18.3,0,868.9,85,24140,1.8,191,3.6
2025-09-22T03:00,18.2,100,18.2,0,868.6,92,24140,1.5,166,3.6
2025-09-22T04:00,17.9,100,17.9,0,868.5,83,24140,2.7,113,5
2025-09-22T05:00,17.7,100,17.7,0,868.9,76,24140,3.1,135,6.1
2025-09-22T06:00,17.6,100,17.6,0,869.1,83,24140,3.1,111,6.8
2025-09-22T07:00,19.9,92,18.6,0,870.9,49,24140,2.5,82,8.6
2025-09-22T08:00,22.1,82,18.9,0,871.9,26,24140,1.8,37,7.9
2025-09-22T09:00,23.8,69,17.8,0,872.2,58,24140,0.4,360,7.6
2025-09-22T10:00,25.2,62,17.4,0,872.1,49,24140,2.9,277,9.7
2025-09-22T11:00,26.6,57,17.4,0,872.4,74,24140,2.5,262,13.7
2025-09-22T12:00,27,56,17.5,0,871.5,81,24140,5.1,278,13.7
2025-09-22T13:00,27.1,56,17.6,0,870.6,90,22560,8.1,283,20.9
2025-09-22T14:00,25,70,19.2,0.3,869.5,80,24140,9.9,289,23.8
2025-09-22T15:00,23.7,79,19.9,0.3,868.9,81,24140,8.1,302,24.1
2025-09-22T16:00,23.9,77,19.6,0.1,868.9,73,24140,6.8,295,19.8
2025-09-22T17:00,22.7,83,19.6,0,869,81,17920,4.2,301,16.6
2025-09-22T18:00,21.7,88,19.6,0.3,869.4,74,1540,3.7,281,11.2
2025-09-22T19:00,21.3,91,19.7,0,870.1,30,2320,2.3,288,7.9
2025-09-22T20:00,21,93,19.8,0,870.9,24,4700,0.8,297,5
2025-09-22T21:00,20.7,95,19.8,0,871.1,27,24140,0.4,270,2.5
2025-09-22T22:00,20.4,97,19.9,0,870.8,46,24140,0.4,180,1.8
2025-09-22T23:00,20.2,96,19.6,0,871.8,53,24140,1.1,72,3.2
2025-09-23T00:00,20.1,96,19.5,0,870.9,37,24140,1.3,146,2.2
2025-09-23T01:00,20,95,19.1,0,870.4,43,24140,1.6,27,1.8
2025-09-23T02:00,19.7,96,19,0,869.7,52,24140,1.6,27,3.6
2025-09-23T03:00,19.4,97,18.9,0,869.3,67,24140,1,315,2.9
2025-09-23T04:00,19.2,99,19.1,0,869.2,81,24140,1.1,252,1.8
2025-09-23T05:00,18.8,100,18.8,0,869.4,77,24140,1.5,225,1.4
2025-09-23T06:00,19,100,19,0,869.5,76,24140,2,135,4
2025-09-23T07:00,20.5,91,18.9,0,870.8,59,24140,1.8,90,6.1
2025-09-23T08:00,22.4,80,18.8,0,871.8,33,24140,1.1,72,6.8
2025-09-23T09:00,23.8,71,18.2,0,872.1,37,24140,1.5,284,6.1
2025-09-23T10:00,25.1,65,18.1,0,872.1,60,24140,4,280,11.9
2025-09-23T11:00,26,61,17.9,0,871.9,83,19520,4.3,275,14
2025-09-23T12:00,26.7,58,17.8,0,870.9,73,23800,5.8,277,15.5
2025-09-23T13:00,25.6,65,18.6,0.5,870.5,100,23680,8.1,291,20.2
2025-09-23T14:00,24.4,75,19.7,0.8,869.7,100,23260,7.6,295,20.9
2025-09-23T15:00,23.9,79,20,1.1,869,100,24140,5.9,313,18
2025-09-23T16:00,22.9,82,19.7,1.8,868,100,24140,6.6,299,16.2
2025-09-23T17:00,22.5,83,19.4,0,868.6,100,24140,5.2,286,16.9
2025-09-23T18:00,21.8,88,19.7,0,868.6,100,24140,3.7,299,12.2
2025-09-23T19:00,21.2,92,19.9,0,869.2,100,24140,4.3,312,9
2025-09-23T20:00,20.7,95,19.9,0,869.9,100,24140,3.1,291,9
2025-09-23T21:00,20.3,97,19.8,0,870.1,91,24140,1.4,270,6.1
2025-09-23T22:00,20,98,19.6,0,869.5,95,24140,0.8,243,2.9
2025-09-23T23:00,20,97,19.5,0,870.1,57,24140,1.1,198,2.9
2025-09-24T00:00,19.8,99,19.7,0,869.4,76,24140,1.5,194,3.2
2025-09-24T01:00,19.6,99,19.5,0,869.1,81,24140,0.4,180,3.2
2025-09-24T02:00,19.6,98,19.3,0,868.6,84,24140,0.8,297,2.2
2025-09-24T03:00,19.5,98,19.2,0,868.3,86,24140,0.8,243,2.5
2025-09-24T04:00,19.3,99,19.2,0,867.7,80,24140,1.1,180,2.9
2025-09-24T05:00,19.2,99,19,0,867.8,90,24140,2.2,180,3.6
2025-09-24T06:00,19.2,100,19.2,0,868.2,87,24140,2.8,130,6.1
2025-09-24T07:00,20.8,91,19.3,0,869.5,76,24140,1.5,135,7.6
2025-09-24T08:00,22.5,83,19.4,0,870.4,65,24140,1.3,326,5.8
2025-09-24T09:00,24,73,18.9,0,870.7,86,24140,2.1,301,7.9
2025-09-24T10:00,25.3,68,18.9,0,870.6,84,24140,3.4,288,10.8
2025-09-24T11:00,26.9,60,18.5,0.1,870.4,79,24140,2.7,247,15.5
2025-09-24T12:00,27,65,19.9,0.1,869.9,88,22340,6.5,267,16.6
2025-09-24T13:00,24.6,78,20.5,3,869,100,3500,7.2,252,20.9
2025-09-24T14:00,24,81,20.5,2.6,868.2,100,19160,5.4,274,18.4
2025-09-24T15:00,22.9,86,20.4,4.2,867.6,100,11440,3.3,283,14.8
2025-09-24T16:00,21.8,88,19.7,1.4,867.5,100,12280,3.3,319,9.7
2025-09-24T17:00,21.4,91,19.9,0,867.6,100,860,2.8,310,9.7
2025-09-24T18:00,20.9,93,19.7,0,867.9,100,620,2.3,342,7.9
2025-09-24T19:00,20.9,93,19.7,0,868.7,100,520,1.5,104,6.1
2025-09-24T20:00,20.7,94,19.7,0,869,100,760,3.9,146,7.6
2025-09-24T21:00,20.5,93,19.3,0,869.2,100,1860,5.2,115,10.1
2025-09-24T22:00,20.2,92,18.9,0,868.9,100,8440,5.2,102,10.4
2025-09-24T23:00,19.7,94,18.7,0,869.6,100,24140,4.9,107,11.2
2025-09-25T00:00,19.6,94,18.6,0,868.9,98,24140,4.4,99,10.1
2025-09-25T01:00,19.2,94,18.2,0,868.4,93,24140,3.4,122,8.6
2025-09-25T02:00,18.8,96,18.1,0,867.8,81,19760,3.1,144,6.8
2025-09-25T03:00,18.4,97,17.9,0,867.7,56,24140,2.3,141,6.1
2025-09-25T04:00,18.2,97,17.7,0,867.3,51,24140,1.9,158,4.3
2025-09-25T05:00,18.1,100,18.1,0,868.1,80,24140,2.9,180,5.8
2025-09-25T06:00,18.2,100,18.2,0,868.6,73,24140,3.3,103,7.2
2025-09-25T07:00,20.5,91,19,0,869.9,0,24140,3.1,111,8.6
2025-09-25T08:00,22.7,83,19.6,0,870.9,39,24140,1.8,90,7.9
2025-09-25T09:00,24.3,72,18.9,0,871.3,59,24140,0.4,180,7.2
2025-09-25T10:00,25.6,64,18.3,0,871.2,68,24140,2.2,270,8.6
2025-09-25T11:00,26.4,60,18,0,870.8,51,19540,2.5,262,10.1
2025-09-25T12:00,26.5,64,19.2,0.1,870.2,67,19400,5.8,274,15.1
2025-09-25T13:00,25.2,74,20.3,0.6,869.9,100,19380,8.5,282,21.6
2025-09-25T14:00,24.4,79,20.5,0.8,869.4,100,24140,7.7,298,22
2025-09-25T15:00,23.3,82,20,1.7,869,100,19120,6.6,299,19.1
2025-09-25T16:00,22.4,85,19.8,0.4,868.3,100,24140,4.1,322,15.8
2025-09-25T17:00,22.1,89,20.2,0.1,869,100,3260,4.8,312,10.8
2025-09-25T18:00,21.4,91,19.8,0.1,869,100,19460,2,315,10.4
2025-09-25T19:00,20.9,93,19.7,0,869.5,86,24140,1.1,198,4.7
2025-09-25T20:00,20.6,95,19.7,0,870.1,46,24140,2.3,129,4.7
2025-09-25T21:00,20.2,96,19.5,0,870.4,63,24140,2.9,120,5.8
2025-09-25T22:00,19.9,95,19.1,0,870.4,75,24140,3.4,122,6.1
2025-09-25T23:00,19.3,97,18.8,0,870.7,47,24140,3.1,144,7.2
2025-09-26T00:00,19,97,18.5,0,869.8,48,24140,3.3,131,6.5
2025-09-26T01:00,18.6,95,17.8,0,868.8,46,24140,4.8,132,9.7
2025-09-26T02:00,18.5,92,17.2,0,868.5,23,24140,4.7,113,10.1
2025-09-26T03:00,18.4,88,16.4,0,868.3,14,24140,5,111,10.4
2025-09-26T04:00,18.3,86,15.9,0,868.3,15,24140,5,111,11.2
2025-09-26T05:00,17.9,85,15.3,0,868.8,7,24140,4.3,114,12.2
2025-09-26T06:00,18.3,83,15.3,0,869,5,24140,5.2,115,10.8
2025-09-26T07:00,21.1,79,17.3,0,870.9,2,24140,5.2,106,11.5
2025-09-26T08:00,24.2,63,16.7,0,872.6,0,24140,4.3,85,12.6
2025-09-26T09:00,25.7,60,17.4,0,873,0,24140,2.5,90,11.2
2025-09-26T10:00,27.2,53,16.8,0,873.1,0,24140,0.4,360,9.4
2025-09-26T11:00,28.1,53,17.6,0,872.7,33,24140,2.6,254,10.4
2025-09-26T12:00,28.7,51,17.5,0,872.2,56,24140,4.8,257,14
2025-09-26T13:00,26.7,65,19.5,0.8,871.8,100,19360,8,260,21.2
2025-09-26T14:00,25.8,72,20.3,0.4,871.1,100,19400,3.7,299,20.5
2025-09-26T15:00,24.5,79,20.6,2.9,870.4,100,24140,3.2,333,10.8
2025-09-26T16:00,24.3,78,20.2,0.6,870.3,100,9100,1.8,53,9.7
2025-09-26T17:00,23.9,81,20.4,0.1,870.7,72,2840,1.6,27,7.9
2025-09-26T18:00,23.3,84,20.4,0,870.9,35,24140,1.5,256,7.6
2025-09-26T19:00,22.7,87,20.4,0,871.8,26,24140,1.9,158,4
2025-09-26T20:00,22,90,20.3,0,872.5,28,3800,4.7,122,9.4
2025-09-26T21:00,21.5,90,19.8,0,873,44,8060,5.6,105,12.6
2025-09-26T22:00,21.2,89,19.3,0,873.2,40,24140,6.3,103,13.7
2025-09-26T23:00,20.5,91,19,0,873.6,30,24140,4.8,103,14
2025-09-27T00:00,20,93,18.9,0,872.9,100,24140,4.5,104,11.5
2025-09-27T01:00,19.6,94,18.6,0,872,100,19560,3.1,126,10.4
2025-09-27T02:00,19.3,95,18.4,0,871.8,100,24140,3.1,126,7.2
2025-09-27T03:00,19,95,18.2,0,871.5,100,24140,3.1,126,7.2
2025-09-27T04:00,18.7,95,17.9,0,871.5,100,24140,3.7,119,7.6
2025-09-27T05:00,18.1,99,18,0,872.2,100,24140,2.8,140,7.9
2025-09-27T06:00,18.3,98,17.9,0,872.7,100,24140,3.1,126,6.5
2025-09-27T07:00,20.6,93,19.4,0,874.3,91,24140,1.8,90,6.5
2025-09-27T08:00,22.9,81,19.4,0,875.7,92,24140,3.8,311,10.4
2025-09-27T09:00,23.6,78,19.5,0.2,875.9,96,19600,3.1,306,12.2
2025-09-27T10:00,24.7,73,19.6,0,875.9,95,24140,3.1,291,12.2
2025-09-27T11:00,25.5,70,19.6,0,875.6,95,24140,2.9,277,13.3
2025-09-27T12:00,26.2,67,19.6,0,874.8,71,24140,3.7,281,13.3
2025-09-27T13:00,26.3,69,20.2,0,874.2,72,24140,5.9,284,16.9
2025-09-27T14:00,25.2,76,20.6,0.9,873.4,100,24140,5.5,293,18.7
2025-09-27T15:00,24.9,79,21,0.6,872.7,100,24140,4.2,301,16.6
2025-09-27T16:00,24.3,80,20.6,0.8,871.8,100,24140,3.3,283,15.1
2025-09-27T17:00,23.2,82,20,0.4,872,41,24140,1.4,270,12.6
2025-09-27T18:00,22.8,84,19.9,0,871.9,67,19660,1.6,243,5.4
2025-09-27T19:00,22.3,86,19.9,0,873,66,24140,1.6,297,5.4
2025-09-27T20:00,21.6,90,19.9,0.1,873.9,73,24140,1.8,307,5.4
2025-09-27T21:00,21,92,19.6,0.8,874.3,82,24140,2.3,18,6.5
2025-09-27T22:00,20.6,92,19.3,0.1,874.3,78,24140,2.6,56,6.1
2025-09-27T23:00,20.5,91,19,0.1,874.7,90,20020,0.8,117,5.8
2025-09-28T00:00,20.4,91,18.9,0.1,873.9,86,24140,1.1,72,4.3
2025-09-28T01:00,20,93,18.9,0,873.4,55,24140,2.3,18,4.7
2025-09-28T02:00,19.6,94,18.6,0,872.9,58,24140,1.8,360,4.7
2025-09-28T03:00,19.3,95,18.5,0,872.9,49,24140,1.4,270,3.2
2025-09-28T04:00,18.8,99,18.6,0,872.7,71,24140,2.6,236,5.4
2025-09-28T05:00,18.8,100,18.8,0,873.6,84,1000,2.6,196,5
2025-09-28T06:00,19,100,19,0,873.6,80,440,2.2,180,5
2025-09-28T07:00,20.2,93,19.1,0,874.4,89,24140,1.9,158,6.5
2025-09-28T08:00,21.6,86,19.1,0.2,875,83,10580,1.1,252,6.1
2025-09-28T09:00,22.7,81,19.2,0.1,875.4,80,7100,3.3,311,10.1
2025-09-28T10:00,23.6,76,19.1,0.1,875.2,82,20660,3.6,307,11.5
2025-09-28T11:00,24,78,19.9,0.1,874.6,76,9720,5.1,274,12.2
2025-09-28T12:00,24.3,76,19.8,0.1,873.4,75,24140,4.9,287,14
2025-09-28T13:00,24.6,74,19.7,0.1,872.5,92,24140,6.1,298,16.6
2025-09-28T14:00,24,76,19.5,0.4,872,100,6560,4.7,293,16.6
2025-09-28T15:00,24.1,76,19.6,0.1,871.8,97,24140,4,275,13.3
2025-09-28T16:00,23,79,19.2,0.2,871.3,98,19760,3.6,276,11.5
2025-09-28T17:00,21.2,89,19.3,0.1,872,100,24140,4.2,290,9.7
2025-09-28T18:00,20.7,91,19.1,0.1,871.5,52,23700,2.6,304,7.9
2025-09-28T19:00,20.4,93,19.2,0,872,74,24140,1.1,270,6.5
2025-09-28T20:00,20.2,94,19.2,0,872.4,26,24140,2.3,162,4.3
2025-09-28T21:00,19.8,95,19,0,872.5,12,24140,3.3,103,6.5
2025-09-28T22:00,19.5,94,18.5,0,872.4,26,24140,3.8,107,7.6
2025-09-28T23:00,19.4,95,18.5,0,872.8,24,20380,3.1,144,8.3
2025-09-29T00:00,19,97,18.5,0,872.2,42,20020,2.1,121,6.8
2025-09-29T01:00,18.5,99,18.4,0,871.7,67,24140,2.3,129,5.4
2025-09-29T02:00,18.2,99,18.1,0,871.2,70,24140,2.6,164,6.5
2025-09-29T03:00,18.1,100,18.1,0,870.9,78,24140,2.9,173,7.2
2025-09-29T04:00,18,99,17.8,0,870.5,79,24140,3,166,7.9
2025-09-29T05:00,18,100,18,0,871.7,90,24140,2.2,171,6.5
2025-09-29T06:00,18.2,100,18.2,0,871.7,91,24140,2.5,180,5.8
2025-09-29T07:00,19.7,95,18.9,0,872.8,70,24140,1,225,5.8
2025-09-29T08:00,21.4,84,18.6,0,873.4,71,24140,4.2,290,10.1
2025-09-29T09:00,22.9,76,18.5,0,873.6,65,24140,5.2,295,13
2025-09-29T10:00,23.8,71,18.2,0,872.9,62,24140,6.7,286,15.8
2025-09-29T11:00,24.8,65,17.8,0,872.3,43,4320,5,291,16.6
2025-09-29T12:00,25,65,18,0,871.3,86,24140,7.3,290,16.9
2025-09-29T13:00,24.3,74,19.3,0.5,870.7,81,8540,8.5,298,20.5
2025-09-29T14:00,23.7,77,19.4,2,869.8,100,2460,8.1,291,20.2
2025-09-29T15:00,22.7,82,19.5,2.4,869.5,100,19140,7.6,289,19.4
2025-09-29T16:00,21.5,88,19.4,1.6,869.3,100,18960,5,300,17.3
2025-09-29T17:00,20.8,92,19.5,0.3,869.7,100,9440,4.6,309,11.9
2025-09-29T18:00,20.2,94,19.2,0.1,869.6,100,2940,1.9,292,9.7
2025-09-29T19:00,19.9,96,19.3,0,869.6,100,20020,1.5,194,5
2025-09-29T20:00,19.6,97,19.1,0,869.9,100,24140,2.8,140,5.8
2025-09-29T21:00,19.4,95,18.5,0,870.2,80,24140,4.9,107,9.4
2025-09-29T22:00,19.4,93,18.2,0,870.1,47,24140,5.1,98,10.4
2025-09-29T23:00,18.8,94,17.8,0,871,51,24140,3.3,103,10.1
2025-09-30T00:00,18.7,94,17.7,0,869.8,64,24140,3.6,96,7.9
2025-09-30T01:00,18.7,94,17.7,0,869.5,59,19560,4.8,117,9.7
2025-09-30T02:00,18.7,92,17.3,0,868.9,44,19500,5.8,112,11.5
2025-09-30T03:00,18.7,91,17.2,0,868.6,32,24140,5.6,105,11.9
2025-09-30T04:00,18.5,93,17.3,0,868.3,36,24140,4.4,99,11.2
2025-09-30T05:00,18.1,96,17.5,0,868.6,40,24140,1.8,191,8.3
2025-09-30T06:00,18.1,97,17.6,0,868.6,36,24140,3.2,153,7.2
2025-09-30T07:00,20.5,88,18.4,0,869.7,0,24140,2.9,120,8.3
2025-09-30T08:00,22.3,79,18.5,0,870.5,24,24140,1.9,68,7.9
2025-09-30T09:00,23.5,71,18,0,870.9,62,24140,2.3,288,7.6
2025-09-30T10:00,24.5,67,17.9,0.1,870.6,74,24140,5.4,307,13.7
2025-09-30T11:00,25.6,62,17.8,0.2,870.6,46,24140,4.7,270,15.5
2025-09-30T12:00,25.8,62,17.9,0,869.7,55,24140,6.5,276,18
2025-09-30T13:00,24.9,68,18.6,0.5,869.4,100,24140,6.8,288,19.8
2025-09-30T14:00,23.4,76,18.9,2.9,868.6,100,24140,4.1,285,19.8
2025-09-30T15:00,23,78,19,1.7,868.1,100,8720,3.4,18,14.8
2025-09-30T16:00,22.6,79,18.8,0.3,867.4,100,17220,3.3,6,12.6
2025-09-30T17:00,22,82,18.8,0,867.9,100,16440,4.2,340,10.1
2025-09-30T18:00,21.5,86,19.1,0,867.9,100,1740,2,315,10.1
2025-09-30T19:00,20.8,91,19.3,0,868.5,100,19320,2.5,270,5
2025-09-30T20:00,20.3,94,19.3,0,869.2,100,24140,0,270,4.7
2025-09-30T21:00,20.1,93,18.9,0,869.7,86,19360,3,104,6.1
2025-09-30T22:00,19.6,90,17.9,0,869.1,19,24140,4.5,104,9.7
2025-09-30T23:00,18.8,88,16.8,0,869.8,100,24140,5.2,102,10.4
2025-10-01T00:00,18.4,88,16.4,0,868.6,100,24140,4.7,94,10.8
2025-10-01T01:00,18.1,89,16.3,0,868.2,100,24140,4.5,104,9.7
2025-10-01T02:00,17.8,91,16.3,0,867.2,100,19860,3.5,114,9
2025-10-01T03:00,17.6,93,16.4,0,866.7,98,24140,3.6,135,7.2
2025-10-01T04:00,17.2,96,16.6,0,866.1,49,19460,3.7,151,7.9
2025-10-01T05:00,17.1,97,16.6,0,866.5,42,24140,1.6,153,7.2
2025-10-01T06:00,17.2,96,16.6,0,867.1,28,24140,2.9,120,6.5
2025-10-01T07:00,20,88,18,0,868.9,23,24140,3.4,108,8.3
2025-10-01T08:00,22,78,18,0,870.1,40,19180,2.5,82,9.4
2025-10-01T09:00,23.6,66,16.9,0,870.7,81,24140,1.1,108,8.6
2025-10-01T10:00,25,57,15.9,0,870.3,100,19520,1.1,342,6.8
2025-10-01T11:00,25.1,59,16.5,0,869.7,84,19640,4.4,279,9.4
2025-10-01T12:00,25.3,58,16.5,0.1,869.5,99,19340,5.4,266,14.8
2025-10-01T13:00,25,64,17.7,0,869,100,5040,7.6,270,19.8
2025-10-01T14:00,23.7,73,18.6,0.6,868.5,100,24140,6.8,270,19.8
2025-10-01T15:00,23.5,75,18.8,0.4,867.7,100,24140,5.4,290,16.6
2025-10-01T16:00,22.8,75,18.2,0.2,867.6,100,19180,4,275,13
2025-10-01T17:00,21.4,83,18.4,0.1,868.1,100,19220,4,243,10.1
2025-10-01T18:00,21,85,18.4,0.4,868.9,100,4220,1.9,292,9.4
2025-10-01T19:00,20.6,87,18.4,0.6,869.7,100,19520,0.4,90,7.6
2025-10-01T20:00,20.5,87,18.2,1.1,870.8,100,20180,2.5,135,9.4
2025-10-01T21:00,20.4,87,18.1,0.4,871.2,100,20600,4,117,11.2
2025-10-01T22:00,20,88,17.9,0.1,871.3,100,24140,5,90,13.7
2025-10-01T23:00,19.7,88,17.7,0.1,871.8,100,10240,6,107,12.2
2025-10-02T00:00,19.3,91,17.8,1.5,871,100,8100,5.8,94,17.3
2025-10-02T01:00,19,92,17.6,2.6,871,100,7160,6.1,90,18.4
2025-10-02T02:00,18.7,91,17.2,1.7,871,100,6160,6.6,81,18.4
2025-10-02T03:00,18.8,90,17.1,0.8,871.2,100,4680,6,73,17.3
2025-10-02T04:00,18.8,90,17.1,0.4,871.2,100,9340,3.9,68,14
2025-10-02T05:00,18.5,89,16.7,0.2,871.2,100,7080,2.3,51,9.4
2025-10-02T06:00,18.7,89,16.8,0.1,871.7,100,10000,1.5,76,7.2
2025-10-02T07:00,19.2,86,16.8,0.1,872.4,100,9960,1.9,112,6.5
2025-10-02T08:00,19.8,81,16.4,0.1,873.4,100,10720,5.4,110,13.7
2025-10-02T09:00,19.8,82,16.7,0.3,873.8,100,24140,6.5,90,16.6
2025-10-02T10:00,20.1,82,16.9,0.2,874.1,100,24140,5.4,82,16.6
2025-10-02T11:00,20.8,79,17,0.1,873.7,100,24140,4.7,81,14.8
2025-10-02T12:00,21.1,77,16.9,0,873,100,24140,4.6,72,12.6
2025-10-02T13:00,21.6,74,16.7,0,872.5,100,24140,3.1,45,12.2
2025-10-02T14:00,21.7,73,16.6,0,871.7,100,24140,3.2,27,9.7
2025-10-02T15:00,21.8,72,16.5,0,871.7,100,24140,3.4,32,9.4
2025-10-02T16:00,21.5,73,16.5,0,871.7,100,24140,3.9,22,10.1
2025-10-02T17:00,21,77,16.8,0,871.8,99,24140,3.2,333,10.4
2025-10-02T18:00,20.1,86,17.7,0,871.8,100,24140,3.1,21,7.6
2025-10-02T19:00,19.4,90,17.7,0,872.6,100,24140,3.7,61,9.4
2025-10-02T20:00,19,89,17.1,0,873.3,100,24140,4.1,75,10.4
2025-10-02T21:00,18.7,88,16.6,0,874.1,100,24140,3.6,84,10.1
2025-10-02T22:00,18.5,88,16.4,0,874.1,100,24140,2.5,82,8.3
2025-10-02T23:00,18.2,90,16.5,0,874,84,24140,2.9,83,6.1
2025-10-03T00:00,18.2,89,16.4,0,873.4,100,24140,3.2,63,7.6
2025-10-03T01:00,18.2,87,16,0,873.1,100,24140,2.9,90,7.9
2025-10-03T02:00,18.1,87,15.9,0,873.4,100,24140,2.6,74,6.5
2025-10-03T03:00,18.1,87,15.9,0,873.2,100,24140,1.5,76,5.8
2025-10-03T04:00,18,88,16,0.1,873,100,24140,2.3,72,5.4
2025-10-03T05:00,18.1,87,15.9,0.1,872.6,88,24140,2.5,98,5.8
2025-10-03T06:00,18.2,87,16,0,872.9,92,24140,3.4,108,8.3
2025-10-03T07:00,19.5,80,16,0,873.8,79,24140,3.5,114,10.1
2025-10-03T08:00,20.8,75,16.2,0,875.1,84,24140,4.4,81,12.6
2025-10-03T09:00,22.2,72,16.9,0,876.2,58,24140,2.9,60,12.6
2025-10-03T10:00,23.6,65,16.6,0,876,91,24140,1.3,34,10.8
2025-10-03T11:00,23.5,66,16.8,0,875.7,80,24140,2.2,9,20.5
2025-10-03T12:00,24,65,17,0,874.6,83,24140,3.1,21,17.6
2025-10-03T13:00,24,66,17.2,0.1,873.9,96,20180,4.7,32,19.4
2025-10-03T14:00,23.6,67,17.1,0.1,873.3,98,1560,4.3,48,19.8
2025-10-03T15:00,23.6,66,16.8,0,873.2,100,24140,3.5,66,12.6
2025-10-03T16:00,23,66,16.3,0,873,100,19460,1.8,101,10.4
2025-10-03T17:00,22.5,69,16.5,0,873.7,100,12260,2.3,18,7.6
2025-10-03T18:00,21.5,79,17.7,0,873.8,100,9140,2.4,27,7.2
2025-10-03T19:00,20.8,85,18.2,0,874.5,100,8320,2.7,23,7.6
2025-10-03T20:00,20.3,88,18.2,0,874.7,100,9300,3.1,45,8.3
2025-10-03T21:00,20,90,18.3,0,874.7,100,3800,2.7,23,7.9
2025-10-03T22:00,19.8,90,18.1,0,874.3,100,4760,1.5,45,7.2
2025-10-03T23:00,19.1,80,15.5,0,873.7,100,6700,4.3,95,6.5
2025-10-04T00:00,19,79,15.3,0,873.2,100,5720,4.3,90,11.5
2025-10-04T01:00,18.9,78,15,0,872.7,100,3520,4.3,90,12.6
2025-10-04T02:00,18.7,82,15.5,0,872.3,100,3480,2.9,97,10.8
2025-10-04T03:00,18.5,84,15.7,0,871.7,100,5160,3.1,69,18.7
2025-10-04T04:00,18.4,85,15.8,0,871.2,100,3920,4,63,11.2
2025-10-04T05:00,18.2,87,16,0,871.8,100,3580,2.9,90,11.5
2025-10-04T06:00,18.2,88,16.2,0.1,872.2,100,4680,4.7,86,12.6
2025-10-04T07:00,18.6,87,16.4,0.5,873,100,2800,6.5,84,16.6
2025-10-04T08:00,19,86,16.6,0.9,873,100,2800,8,98,22
2025-10-04T09:00,19.2,86,16.8,1.3,873.6,100,3420,8.3,90,24.1
2025-10-04T10:00,19.4,86,17,2.5,873.1,100,12220,9.4,83,30.2
2025-10-04T11:00,19,87,16.8,4.4,872.6,100,1420,10.1,88,28.1
2025-10-04T12:00,18.8,88,16.7,4.1,871.7,100,620,10.1,96,29.2
2025-10-04T13:00,18.5,88,16.4,3.9,870.7,100,480,8.6,105,30.2
2025-10-04T14:00,18.1,89,16.2,4,870,100,560,9,106,26.6
2025-10-04T15:00,17.7,89,15.8,6.1,869.6,100,1080,8.9,117,29.9
2025-10-04T16:00,17.5,88,15.5,5.1,869.5,100,1960,9.2,111,28.4
2025-10-04T17:00,17.4,91,15.9,1.9,869.3,100,1260,9.8,107,34.6
2025-10-04T18:00,17.4,88,15.4,1.8,869.2,100,3480,12.1,107,33.8
2025-10-04T19:00,17.5,87,15.3,0.4,869.5,100,2720,11.8,110,35.3
2025-10-04T20:00,17.6,87,15.4,0.3,869.6,100,2660,10.2,100,33.8
2025-10-04T21:00,17.3,89,15.5,3.7,870,100,2900,10.3,61,30.6
2025-10-04T22:00,17.4,87,15.2,3,869.8,100,3920,4.7,90,30.2
2025-10-04T23:00,16.8,87,14.6,4.6,869.7,100,2960,6.9,81,22.3
2025-10-05T00:00,16.6,90,14.9,5.5,869.5,100,2760,4.1,52,24.5
2025-10-05T01:00,16.1,96,15.5,7.9,869.3,100,3880,2.8,320,14.4
2025-10-05T02:00,15.9,98,15.6,13.8,869.2,100,3820,1.8,233,11.5
2025-10-05T03:00,16.2,96,15.6,16.1,868.9,100,3800,6.5,109,19.8
2025-10-05T04:00,16.9,88,14.9,4.5,868.4,100,6380,6.8,108,25.2
2025-10-05T05:00,16.5,95,15.7,0.2,868.3,100,14520,6.7,144,19.8
2025-10-05T06:00,16.9,93,15.7,0.1,869.2,100,6320,5.9,101,18.4
2025-10-05T07:00,17.4,90,15.8,0,870.5,97,11980,6.2,80,15.1
2025-10-05T08:00,18.3,85,15.8,0,871.3,93,10880,4.4,55,15.8
2025-10-05T09:00,19.2,83,16.3,0,872,94,17380,3.5,66,11.9
2025-10-05T10:00,20.4,78,16.5,0,872,90,22100,1.9,68,10.4
2025-10-05T11:00,22.2,68,16,0,873.1,74,24140,3.4,302,7.6
2025-10-05T12:00,22.7,64,15.5,0,872.4,93,23120,3.6,307,10.8
2025-10-05T13:00,23.1,64,15.9,0,872.1,90,24140,6,335,16.6
2025-10-05T14:00,22.5,69,16.5,0.1,871.6,100,19340,6,335,17.6
2025-10-05T15:00,21.9,74,17,0.1,870.9,95,16160,4.8,312,16.6
2025-10-05T16:00,21.3,75,16.7,0.1,870.9,68,400,4.6,315,14
2025-10-05T17:00,20.5,80,16.9,0,870.7,56,420,5.2,295,13.7
2025-10-05T18:00,19.5,88,17.4,0,871,71,3280,3.5,294,10.8
2025-10-05T19:00,19.1,93,17.9,0,871.8,73,160,1.9,338,7.6
2025-10-05T20:00,18.8,94,17.8,0,872.5,78,200,2,45,4.7
2025-10-05T21:00,18.8,95,18,0,872.8,83,500,1.5,346,4.7
2025-10-05T22:00,18.5,96,17.8,0,872.3,76,820,2.3,288,6.5
2025-10-05T23:00,17.8,97,17.3,0,872.7,78,2580,1.5,315,6.1
2025-10-06T00:00,17.6,98,17.2,0,872.3,79,24140,2.5,315,6.1
2025-10-06T01:00,17.2,100,17.2,0,872,85,24140,2.6,286,6.5
2025-10-06T02:00,17,100,17,0,871.4,93,24140,1.8,270,6.1
2025-10-06T03:00,17,100,17,0,871.4,98,24140,2.1,239,5.8
2025-10-06T04:00,16.8,100,16.8,0,871,100,24140,1.6,207,5
2025-10-06T05:00,16.5,100,16.5,0,871.3,93,19840,1.8,169,4.7
2025-10-06T06:00,16.5,100,16.5,0,871.6,94,24140,1.5,135,5
2025-10-06T07:00,17.7,93,16.6,0,873.1,88,24140,3.4,108,10.4
2025-10-06T08:00,19.5,83,16.5,0,874.1,88,24140,2.2,81,10.8
2025-10-06T09:00,21.1,75,16.5,0,874.9,90,24140,0.7,90,8.3
2025-10-06T10:00,22.4,67,15.9,0,874.7,75,24140,1.6,297,7.9
2025-10-06T11:00,22.7,73,17.6,0,874.8,75,24140,1.5,45,10.4
2025-10-06T12:00,23.3,70,17.5,0,873.9,86,20580,3.1,315,13.3
2025-10-06T13:00,22.2,76,17.7,0.2,873.4,83,24140,6.4,286,19.1
2025-10-06T14:00,21.4,81,18,0.6,872.9,90,17100,6.5,289,18.4
2025-10-06T15:00,20.8,83,17.8,0.5,872.1,90,14480,6,295,18.7
2025-10-06T16:00,20.3,84,17.5,0.1,871.6,61,24140,5.3,298,18
2025-10-06T17:00,19.5,88,17.4,0,872.1,60,24140,5.4,307,14
2025-10-06T18:00,18.7,94,17.7,0,872,57,24140,4.4,305,11.9
2025-10-06T19:00,18.1,98,17.8,0,872.8,68,24140,3.1,315,9.7
2025-10-06T20:00,17.8,99,17.7,0,872.9,72,24140,1.1,360,6.5
2025-10-06T21:00,17.5,100,17.5,0,872.7,68,24140,0.8,117,2.5
2025-10-06T22:00,17.2,100,17.2,0,872.2,73,24140,1.8,101,3.6
2025-10-06T23:00,17.2,99,17,0,872.8,86,24140,1.8,323,3.6
2025-10-07T00:00,17,100,17,0,872.3,79,24140,1.3,326,5
2025-10-07T01:00,16.8,100,16.8,0,871.9,88,24140,0.8,117,2.5
2025-10-07T02:00,16.6,100,16.6,0,871.5,85,24140,2.4,117,4.7
2025-10-07T03:00,16.3,100,16.3,0,871.2,84,24140,2.5,135,5.8
2025-10-07T04:00,15.9,100,15.9,0,870.6,90,24140,2.3,141,5
2025-10-07T05:00,16.1,100,16.1,0,871.6,91,24140,1.8,90,6.5
2025-10-07T06:00,16.4,99,16.3,0,872.1,84,24140,1.5,104,4.7
2025-10-07T07:00,17.8,92,16.5,0,873.1,71,24140,0.5,45,4.3
2025-10-07T08:00,19.7,82,16.5,0,874.3,48,24140,0.7,360,4.7
2025-10-07T09:00,21.1,73,16,0,874.4,70,24140,1.9,292,7.2
2025-10-07T10:00,22.1,69,16.1,0,874.4,74,6180,4.6,288,11.5
2025-10-07T11:00,22.8,66,16.1,0,874.5,46,24140,3.1,291,13.3
2025-10-07T12:00,23.2,66,16.5,0,873.9,69,24140,4.3,312,13.7
2025-10-07T13:00,22.4,73,17.3,0.4,873.3,82,10400,7.4,284,19.4
2025-10-07T14:00,21.4,80,17.8,0.9,872.5,84,6160,7.3,290,19.4
2025-10-07T15:00,21.1,80,17.5,0.4,872.1,82,24140,6.6,299,18.4
2025-10-07T16:00,20.2,83,17.2,0.3,871.5,84,24140,5.4,307,16.2
2025-10-07T17:00,19.6,86,17.2,0,872.6,76,14060,4.5,299,13.7
2025-10-07T18:00,18.7,93,17.6,0,872.2,63,24140,3.8,319,10.1
2025-10-07T19:00,18.1,98,17.7,0,873,80,24140,2.8,320,8.3
2025-10-07T20:00,17.8,99,17.6,0,873.2,84,24140,0.4,360,6.1
2025-10-07T21:00,17.6,100,17.6,0,873.5,84,24140,1.5,104,2.9
2025-10-07T22:00,17.3,100,17.3,0,873.1,85,24140,1.4,90,3.6
2025-10-07T23:00,16.9,100,16.9,0,873.8,90,24140,1.5,76,3.2
2025-10-08T00:00,16.7,100,16.7,0,873.1,90,24140,1.9,68,5
2025-10-08T01:00,16.4,100,16.4,0,872.7,92,19560,1.9,112,4
2025-10-08T02:00,16.1,100,16.1,0,872.3,93,24140,3.1,126,6.1
2025-10-08T03:00,15.8,100,15.8,0,871.9,82,24140,3.1,126,6.5
2025-10-08T04:00,15.5,100,15.5,0,871.6,79,24140,2.9,120,7.2
2025-10-08T05:00,15.3,100,15.3,0,871.5,93,24140,1.6,153,6.1
2025-10-08T06:00,15.3,100,15.3,0,872,83,24140,0.5,135,4.3
2025-10-08T07:00,17,94,16,0,873.4,50,24140,1.1,342,5
2025-10-08T08:00,19.4,84,16.6,0,874.6,67,24140,3.3,311,10.1
2025-10-08T09:00,20.8,75,16.2,0,874.9,66,24140,3.9,292,10.4
2025-10-08T10:00,22,69,16.1,0,875.1,68,24140,5.2,282,13.3
2025-10-08T11:00,22.7,65,15.8,0,875.2,76,19300,5.8,270,15.8
2025-10-08T12:00,23.5,62,15.8,0,874.8,67,17460,5.9,284,15.1
2025-10-08T13:00,23.4,65,16.5,0.1,874.2,61,15340,7.4,299,18.4
2025-10-08T14:00,22.5,71,17,0.4,873.2,63,24140,7.1,300,19.1
2025-10-08T15:00,21.7,76,17.3,0.4,872.6,57,3920,6.5,289,19.1
2025-10-08T16:00,20.8,80,17.2,0.5,872.1,60,24140,5.6,297,16.2
2025-10-08T17:00,19.8,83,16.8,0.4,872.6,52,19480,4.5,299,14.8
2025-10-08T18:00,18.9,91,17.4,0,872.7,52,24140,3.4,302,10.8
2025-10-08T19:00,18.3,95,17.5,0,873.4,48,24140,1.9,338,7.2
2025-10-08T20:00,17.9,96,17.3,0,873.6,38,18940,1,45,3.6
2025-10-08T21:00,17.5,98,17.2,0,874.1,53,24140,0,270,1.8
2025-10-08T22:00,17.1,100,17.1,0,873.9,78,24140,1.1,18,1.8
2025-10-08T23:00,17.2,100,17.2,0,874.8,72,24140,3,284,3.2
2025-10-09T00:00,16.8,100,16.8,0,874.2,81,24140,2.6,236,5.4
2025-10-09T01:00,16.7,100,16.7,0,873.7,81,24140,0,270,5.4
2025-10-09T02:00,16.4,100,16.4,0,872.9,75,24140,2.2,171,4.7
2025-10-09T03:00,16,100,16,0,872.3,76,24140,2.3,129,5
2025-10-09T04:00,15.5,100,15.5,0,872,89,24140,2.6,124,5.4
2025-10-09T05:00,15.7,100,15.7,0,873,100,24140,2.1,239,5.8
2025-10-09T06:00,15.6,100,15.6,0,873.4,95,24140,0.7,180,4.3
2025-10-09T07:00,16.8,99,16.7,0,874.6,81,24140,2.6,254,8.6
2025-10-09T08:00,19,86,16.6,0,875.6,49,24140,3.7,281,10.8
2025-10-09T09:00,20.7,74,15.9,0,876.1,54,24140,4.4,279,12.6
2025-10-09T10:00,22,66,15.3,0,876.2,64,24140,6.3,283,15.8
2025-10-09T11:00,22.7,62,15,0,875.9,63,24140,6,287,18.7
2025-10-09T12:00,23.4,59,15,0,875.1,70,9440,7.8,292,18.7
2025-10-09T13:00,23.6,58,14.8,0,874.4,68,19580,9,299,22
2025-10-09T14:00,23.3,59,14.9,0,873.5,63,24140,9.5,295,23
2025-10-09T15:00,22.8,61,14.9,0,873.4,33,24140,9.4,288,22.7
2025-10-09T16:00,21.7,67,15.3,0,872.7,34,24140,8.8,282,22.3
2025-10-09T17:00,20.4,75,15.8,0,873.2,31,24140,7.3,290,20.2
2025-10-09T18:00,19.1,85,16.5,0,873.1,38,24140,5.7,288,15.5
2025-10-09T19:00,18.3,90,16.7,0,873.6,42,24140,4.2,290,12.2
2025-10-09T20:00,17.7,93,16.6,0,873.6,42,24140,2.5,278,9.4
2025-10-09T21:00,17.4,95,16.6,0,873.7,32,24140,1.6,243,5.8
2025-10-09T22:00,17.1,96,16.4,0,873.6,26,8340,1.3,146,3.6
2025-10-09T23:00,16.9,96,16.2,0,873.9,46,24140,2.2,270,3.6
2025-10-10T00:00,16.8,97,16.3,0,873.4,71,19360,1.1,360,2.9
2025-10-10T01:00,16.4,100,16.4,0,872.8,75,24140,1.8,169,2.9
2025-10-10T02:00,16.2,100,16.2,0,872.5,82,24140,3.1,159,5.8
2025-10-10T03:00,15.5,100,15.5,0,871.8,88,24140,3.4,122,7.2
2025-10-10T04:00,14.9,98,14.6,0,871.3,75,24140,4.2,121,8.6
2025-10-10T05:00,15.6,100,15.6,0,872.3,89,24140,2.5,172,8.3
2025-10-10T06:00,15.3,100,15.3,0,872.3,100,24140,2.4,117,5.8
2025-10-10T07:00,17.2,97,16.7,0,873.6,64,24140,1.8,101,6.5
2025-10-10T08:00,19.2,84,16.4,0,874.8,46,24140,1.4,270,6.5
2025-10-10T09:00,21,72,15.7,0,875.5,30,24140,2.7,293,9.7
2025-10-10T10:00,22.4,61,14.5,0,875.5,24,24140,4.9,287,13.7
2025-10-10T11:00,23.3,58,14.5,0,875.8,28,24140,5.7,288,18.4
2025-10-10T12:00,23.7,56,14.4,0,875,74,21120,7.8,292,18.4
2025-10-10T13:00,23.6,55,14.1,0,874.7,42,20300,10,300,23.4
2025-10-10T14:00,23.3,53,13.2,0,874,3,24140,9.9,303,24.5
2025-10-10T15:00,22.7,54,12.9,0,873.2,0,24140,9.6,283,22.3
2025-10-10T16:00,21.6,61,13.8,0,872.6,17,24140,8.6,285,22
2025-10-10T17:00,20.2,73,15.2,0,872.4,43,19040,7.7,281,18.7
2025-10-10T18:00,19,81,15.6,0,872.7,47,24140,5.8,292,15.8
2025-10-10T19:00,18,87,15.8,0,873.2,50,24140,4,297,11.5
2025-10-10T20:00,17.4,90,15.7,0,873.2,45,24140,1.8,307,7.6
2025-10-10T21:00,17.2,91,15.7,0,873.5,32,24140,0,270,3.6
2025-10-10T22:00,17,91,15.5,0,873.1,23,24140,1.5,135,2.9
2025-10-10T23:00,16.7,90,15.1,0,873,16,24140,0.5,225,4.3
2025-10-11T00:00,16.4,91,14.9,0,872.6,0,24140,1.8,53,4.7
2025-10-11T01:00,15.8,94,14.9,0,872.1,0,24140,2.3,162,4
2025-10-11T02:00,15.3,96,14.7,0,871.6,0,24140,2.5,135,4.7
2025-10-11T03:00,14.9,96,14.2,0,871.3,22,24140,3.9,124,7.2
2025-10-11T04:00,14.4,96,13.8,0,870.9,27,24140,3.9,124,7.9
2025-10-11T05:00,14.1,99,14,0,871.7,57,24140,3.8,139,9
2025-10-11T06:00,14.2,95,13.4,0,872,15,24140,3.4,108,7.6
2025-10-11T07:00,16.8,91,15.3,0,873.7,0,24140,2.6,124,7.6
2025-10-11T08:00,19.3,81,16,0,874.9,37,24140,2.1,301,6.5
2025-10-11T09:00,20.9,70,15.2,0,875.9,56,24140,3.4,288,10.8
2025-10-11T10:00,22,62,14.4,0,875.5,75,24140,5.9,284,14.8
2025-10-11T11:00,23.3,51,12.6,0,875.1,34,24140,3.6,264,19.4
2025-10-11T12:00,24,47,12,0,874.1,76,24140,5.4,274,14
2025-10-11T13:00,24.3,45,11.6,0,873.5,87,24140,6.5,289,15.8
2025-10-11T14:00,23.9,47,11.9,0,872.5,76,24140,8.4,295,19.4
2025-10-11T15:00,22.6,60,14.4,0,872.2,71,24140,9.5,295,22.3
2025-10-11T16:00,21.3,64,14.2,0.1,872,66,24140,8.7,294,21.6
2025-10-11T17:00,20.1,69,14.2,0,872.8,38,24140,8.4,277,19.4
2025-10-11T18:00,19.1,74,14.3,0,872.9,35,24140,6.9,276,18
2025-10-11T19:00,18.4,77,14.3,0,873.1,34,24140,5.4,278,14.4
2025-10-11T20:00,17.7,81,14.4,0,873.4,38,24140,4,265,12.2
2025-10-11T21:00,16.9,85,14.3,0,873.4,25,24140,3.1,234,8.6
2025-10-11T22:00,16.3,87,14.1,0,873.1,20,24140,2.5,188,6.5
2025-10-11T23:00,15.9,91,14.5,0,873.1,47,24140,2.3,219,5
2025-10-12T00:00,15.6,92,14.3,0,872.1,46,24140,2.5,180,4.3
2025-10-12T01:00,15.1,96,14.5,0,871.6,44,24140,2.6,164,5
2025-10-12T02:00,14.7,96,14,0,871.3,19,24140,3.1,135,5.8
2025-10-12T03:00,14.3,96,13.7,0,871.4,0,24140,3.1,126,5.8
2025-10-12T04:00,14.2,94,13.2,0,871.5,0,24140,3.4,122,6.1
2025-10-12T05:00,13.7,93,12.6,0,871.7,6,24140,4.1,128,6.1
2025-10-12T06:00,14,92,12.7,0,872.4,0,24140,4.3,138,8.6
2025-10-12T07:00,16.8,86,14.5,0,874.2,9,24140,3.2,117,9.4
2025-10-12T08:00,19.3,74,14.6,0,875.2,0,24140,0.5,315,7.2
2025-10-12T09:00,20.8,69,14.9,0,875.7,39,24140,3.4,288,10.4
2025-10-12T10:00,21.8,63,14.5,0,875.2,47,24140,5.9,281,14.4
2025-10-12T11:00,23,56,13.8,0,875.2,44,24140,6.6,279,18
2025-10-12T12:00,23.4,53,13.3,0,874.4,61,24140,8,278,18.4
2025-10-12T13:00,23.5,52,13.1,0,873.9,75,24140,10.2,288,23
2025-10-12T14:00,23.1,54,13.3,0,873.2,79,24140,9.9,289,23.8
2025-10-12T15:00,22.6,57,13.6,0,872.9,73,24140,9.8,294,22.7
2025-10-12T16:00,21.5,61,13.6,0,872.4,31,24140,10.1,297,22.7
2025-10-12T17:00,20.1,66,13.6,0,873,71,24140,7.9,300,21.6
2025-10-12T18:00,18.8,71,13.4,0,873.3,39,24140,6.3,294,15.5
2025-10-12T19:00,17.7,75,13.2,0,873.7,2,24140,4.8,297,12.2
2025-10-12T20:00,16.9,79,13.2,0,874.1,0,24140,3.3,283,9.7
2025-10-12T21:00,16.3,81,13,0,873.7,0,24140,1.8,259,6.5
2025-10-12T22:00,16,81,12.7,0,873.4,0,24140,2.3,219,4
2025-10-12T23:00,15.9,78,12,0,873,0,24140,2.9,180,4.3
2025-10-13T00:00,15,82,12,0,872.8,0,24140,3.9,158,7.2
2025-10-13T01:00,14.5,84,11.8,0,872.5,0,24140,3.8,131,7.2
2025-10-13T02:00,14.3,85,11.8,0,872.6,0,24140,3.9,124,7.9
2025-10-13T03:00,14.1,85,11.6,0,872.4,9,24140,4.2,110,7.9
2025-10-13T04:00,14,84,11.4,0,872.3,15,24140,4.7,113,9
2025-10-13T05:00,13.6,86,11.3,0,873,46,24140,5.2,102,9.4
2025-10-13T06:00,13.9,86,11.6,0,873.6,27,24140,5.4,98,10.8
2025-10-13T07:00,16.5,82,13.4,0,875,30,24140,3.6,96,10.8
2025-10-13T08:00,19.3,67,13,0,876.4,18,24140,1.5,76,7.9
2025-10-13T09:00,20.7,61,12.9,0,876.5,14,24140,2.2,261,8.3
2025-10-13T10:00,21.8,56,12.7,0,876.5,17,24140,4.3,265,12.6
2025-10-13T11:00,23.2,45,10.6,0,876.7,17,24140,5.2,245,16.2
2025-10-13T12:00,23.9,42,10.2,0,876,18,24140,6.8,267,16.2
2025-10-13T13:00,23.7,43,10.4,0,875.4,84,24140,9.4,288,21.6
2025-10-13T14:00,23.6,46,11.3,0,874.8,93,24140,9.5,295,22
2025-10-13T15:00,22.5,52,12.1,0,874.2,73,24140,10.5,297,23.8
2025-10-13T16:00,21.3,56,12.2,0,873.6,26,24140,9.9,303,24.1
2025-10-13T17:00,19.6,62,12.1,0,874.1,18,24140,8.1,302,21.6
2025-10-13T18:00,18.4,67,12.2,0,874.1,0,24140,5.8,292,15.5
2025-10-13T19:00,17.4,70,11.9,0,874.3,29,24140,4.6,288,11.9
2025-10-13T20:00,16.8,74,12.1,0,874.3,0,24140,2.5,270,9
2025-10-13T21:00,16.5,74,11.9,0,873.9,0,24140,1.6,243,4.7
2025-10-13T22:00,16.1,75,11.6,0,873.1,0,24140,2.4,207,4
2025-10-13T23:00,15.8,75,11.3,0,873.5,0,24140,3.9,124,4.7
2025-10-14T00:00,14.9,79,11.3,0,872.6,0,24140,4.8,138,8.6
2025-10-14T01:00,14.2,83,11.4,0,872,0,24140,5.8,120,11.2
2025-10-14T02:00,13.8,85,11.3,0,871.5,0,24140,5.8,120,11.5
2025-10-14T03:00,13.4,86,11.1,0,871.2,0,24140,5.8,112,11.5
2025-10-14T04:00,13.2,86,10.9,0,870.9,0,24140,6.2,111,11.9
2025-10-14T05:00,12.6,88,10.7,0,871.5,0,24140,6.3,103,12.6
2025-10-14T06:00,13,86,10.7,0,872.1,0,24140,7.1,105,14.4
2025-10-14T07:00,16.5,77,12.4,0,874.2,0,24140,5.8,94,14.4
2025-10-14T08:00,18.9,69,13.1,0,875.8,0,24140,4.3,95,13
2025-10-14T09:00,20.6,65,13.8,0,876.3,24,24140,1.8,101,11.9
2025-10-14T10:00,22.1,59,13.7,0,876.2,31,24140,1,135,9.7
2025-10-14T11:00,23.4,54,13.6,0,876,47,24140,1.4,180,7.9
2025-10-14T12:00,24.4,47,12.3,0,874.9,71,24140,2.6,236,9.4
2025-10-14T13:00,24.6,44,11.5,0,874.3,83,24140,5.4,274,13.3
2025-10-14T14:00,24.1,47,12.1,0,873.7,89,24140,8.1,291,18
2025-10-14T15:00,22.8,57,13.8,0,873.1,83,24140,7.9,294,18.7
2025-10-14T16:00,21.6,62,14,0,872.6,77,24140,8.2,293,18
2025-10-14T17:00,20,70,14.4,0,873.3,74,24140,7.3,290,18
2025-10-14T18:00,19.1,74,14.3,0,873.6,79,24140,5.9,284,14.8
2025-10-14T19:00,18.2,78,14.3,0,873.7,50,24140,5.5,281,12.2
2025-10-14T20:00,17.3,82,14.2,0,873.5,0,24140,4.1,285,10.8
2025-10-14T21:00,16.3,87,14.2,0,873.2,0,24140,2.9,300,7.9
2025-10-14T22:00,15.8,88,13.8,0,872.3,0,24140,1.8,270,5.4
2025-10-14T23:00,15.8,86,13.5,0,872.9,0,24140,1.5,104,3.6
2025-10-15T00:00,15.5,87,13.3,0,872.1,0,24140,3.7,151,6.5
2025-10-15T01:00,14.7,90,13,0,871.6,0,24140,4.3,138,8.6
2025-10-15T02:00,14.4,90,12.8,0,871.3,0,24140,4.7,122,9.4
2025-10-15T03:00,14.2,89,12.4,0,870.7,0,24140,5.2,115,10.1
2025-10-15T04:00,14.1,90,12.5,0,870.4,0,24140,5.6,117,11.9
2025-10-15T05:00,13.7,91,12.2,0,871.1,0,24140,4,117,12.2
2025-10-15T06:00,13.9,90,12.3,0,871.9,0,24140,5.4,127,10.8
2025-10-15T07:00,17,81,13.7,0,874.2,0,24140,4.7,94,11.5
2025-10-15T08:00,19.8,68,13.7,0,875.6,0,24140,2.3,72,10.4
2025-10-15T09:00,21.7,56,12.5,0,875.9,0,24140,1.5,284,7.6
2025-10-15T10:00,22.9,53,12.8,0,875.8,11,24140,4.5,284,13
2025-10-15T11:00,23.6,50,12.6,0,875.6,49,24140,5.2,282,18
2025-10-15T12:00,23.9,50,12.9,0,874.8,72,24140,7.5,287,18.4
2025-10-15T13:00,23.8,50,12.7,0,873.8,61,24140,10.1,297,23.8
2025-10-15T14:00,23.1,54,13.3,0,873.6,60,24140,10.5,301,24.1
2025-10-15T15:00,22.4,58,13.8,0,872.6,29,24140,10.3,295,24.5
2025-10-15T16:00,21.4,62,13.8,0,872.6,25,24140,9.4,293,23.8
2025-10-15T17:00,20.2,68,14.1,0,872.5,48,24140,7.6,295,21.2
2025-10-15T18:00,18.9,75,14.4,0,872.7,25,24140,5.4,290,15.1
2025-10-15T19:00,17.8,80,14.3,0,872.7,8,24140,4,297,11.2
2025-10-15T20:00,17.1,83,14.2,0,873,0,24140,1.5,284,7.9
2025-10-15T21:00,16.8,84,14.1,0,872.7,0,24140,1,225,2.5
2025-10-15T22:00,16.5,84,13.8,0,872.5,0,24140,1.8,169,2.2
2025-10-15T23:00,15.8,88,13.8,0,872.1,0,24140,4.9,107,4.7
2025-10-16T00:00,15.5,88,13.5,0,872.3,0,24140,5.2,106,10.1
2025-10-16T01:00,15.2,89,13.4,0,872,0,24140,5.2,106,10.8
2025-10-16T02:00,14.8,90,13.2,0,871.8,0,24140,5.2,115,10.4
2025-10-16T03:00,14.6,91,13.1,0,871.4,0,24140,5.4,110,10.4
2025-10-16T04:00,14.4,91,13,0,871.5,0,24140,5.5,113,10.8
2025-10-16T05:00,14.2,91,12.7,0,872.1,0,24140,5,111,11.2
2025-10-16T06:00,14.4,88,12.4,0,872.6,0,24140,5.8,112,11.9
2025-10-16T07:00,17.5,81,14.2,0,874.2,0,24140,4.5,104,12.2
2025-10-16T08:00,20.2,74,15.4,0,875.6,27,24140,1.8,90,9.7
2025-10-16T09:00,22,67,15.6,0,876.2,55,24140,0.5,315,7.9
2025-10-16T10:00,23.4,62,15.7,0,875.9,72,24140,3.4,288,11.5
2025-10-16T11:00,24.7,57,15.6,0,875.9,78,24140,5.9,281,16.2
2025-10-16T12:00,24.7,56,15.4,0,874.9,59,24140,7.5,287,22.7
2025-10-16T13:00,23.2,64,16,0.2,873.9,78,24140,9.1,304,23.8
2025-10-16T14:00,23.4,63,15.9,0.1,873.5,66,19300,8,280,23
2025-10-16T15:00,22.8,64,15.6,0.1,873.1,72,24140,6.6,283,22
2025-10-16T16:00,22,66,15.4,0,873.3,66,24140,6.1,298,16.6
2025-10-16T17:00,20.1,76,15.8,0,873.5,75,19360,5.3,298,13.7
2025-10-16T18:00,19,84,16.2,0.1,873.6,37,24140,3.3,283,11.5
2025-10-16T19:00,18.2,89,16.4,0,874.1,29,24140,1.9,292,7.2
2025-10-16T20:00,17.9,90,16.2,0,874.4,13,24140,0.5,135,4.3
2025-10-16T21:00,17.6,90,15.9,0,874.5,0,24140,0.8,117,2.5
2025-10-16T22:00,17.2,90,15.6,0,874,23,24140,0.8,117,2.5
2025-10-16T23:00,16.3,87,14.1,0,874.1,0,24140,4.7,94,3.2
2025-10-17T00:00,15.6,87,13.5,0,873,21,24140,4.9,107,9.4
2025-10-17T01:00,14.9,88,12.9,0,872.7,37,24140,5.7,108,11.2
2025-10-17T02:00,14.5,91,13,0,872.4,46,24140,5.8,112,11.5
2025-10-17T03:00,14.3,91,12.8,0,872.5,47,24140,5.5,113,11.9
2025-10-17T04:00,14,91,12.6,0,872.5,39,24140,5.5,113,11.5
2025-10-17T05:00,14.4,88,12.5,0,873.5,55,24140,5.2,106,11.5
2025-10-17T06:00,14.7,87,12.5,0,874.1,50,24140,5.4,110,11.5
2025-10-17T07:00,17.3,82,14.2,0,875.8,52,24140,4.4,99,11.5
2025-10-17T08:00,20.5,63,13.2,0,877.3,36,24140,2.5,98,10.1
2025-10-17T09:00,22.3,59,13.9,0,878.1,12,24140,0,270,9
2025-10-17T10:00,23.6,57,14.6,0,877.8,37,24140,2.2,270,9.4
2025-10-17T11:00,24.7,52,14.2,0,877.3,77,24140,3.6,225,10.1
2025-10-17T12:00,24.7,51,13.9,0,876.4,68,21060,5.8,240,14.4
2025-10-17T13:00,22.4,66,15.8,0.5,875.3,84,24140,9.7,272,23.8
2025-10-17T14:00,21.4,78,17.4,1.4,874.8,78,24120,7.8,283,22.7
2025-10-17T15:00,20.7,80,17.1,0.6,874.4,64,24140,5.7,305,17.6
2025-10-17T16:00,20,81,16.7,0.5,873.9,46,24140,5.7,325,15.8
2025-10-17T17:00,19.1,84,16.3,0.2,874.3,71,24140,6.2,324,14
2025-10-17T18:00,18.1,90,16.4,0.1,874.3,41,24140,3.1,324,11.9
2025-10-17T19:00,17.6,92,16.3,0,874.8,7,24140,1.5,346,5.8
2025-10-17T20:00,17.3,92,16,0,875,2,24140,0.7,90,2.2
2025-10-17T21:00,16.9,93,15.8,0,875.1,6,24140,2,135,2.2
2025-10-17T22:00,16.6,94,15.6,0,874.8,6,24140,2.5,135,3.6
2025-10-17T23:00,16.2,90,14.5,0,874.8,31,24140,5.1,94,4.3
2025-10-18T00:00,15.9,89,14.1,0,874.3,44,24140,5.2,102,10.8
2025-10-18T01:00,15.5,90,13.9,0,873.8,48,24140,5.7,108,12.2
2025-10-18T02:00,15.2,91,13.8,0,873.9,54,24140,5,111,11.9
2025-10-18T03:00,15.1,92,13.8,0,873.7,68,24140,5.3,118,11.9
2025-10-18T04:00,15,92,13.7,0,873.9,70,24140,5.4,110,11.9
2025-10-18T05:00,14.9,92,13.6,0,874.2,58,24140,5.2,115,11.5
2025-10-18T06:00,14.8,92,13.5,0,874.6,49,24140,5.6,105,12.6
2025-10-18T07:00,17.3,85,14.8,0,876,34,24140,4.8,103,12.6
2025-10-18T08:00,19.9,75,15.3,0,877.4,4,24140,4,90,13.3
2025-10-18T09:00,21.9,67,15.5,0,877.9,28,24140,1.5,104,11.9
2025-10-18T10:00,23.6,56,14.3,0,877.5,37,24140,1,225,9.7
2025-10-18T11:00,24.9,49,13.4,0,877.1,69,24140,3.9,202,10.8
2025-10-18T12:00,25.6,42,11.8,0,876,92,24140,3.1,225,11.5
2025-10-18T13:00,25.2,41,11,0,875.4,94,24140,7,282,16.6
2025-10-18T14:00,22.8,61,14.9,0.2,874.4,69,20060,7.8,283,22.3
2025-10-18T15:00,21.6,70,15.9,0.3,873.8,64,24140,5,291,21.2
2025-10-18T16:00,21.2,72,16,0,873.8,76,24140,7.1,300,15.8
2025-10-18T17:00,18.7,85,16.1,0.2,874,53,24140,6.1,310,20.2
2025-10-18T18:00,17.9,91,16.4,0,873.9,56,24140,3.3,319,13
2025-10-18T19:00,17.4,93,16.3,0,874.3,64,24140,1.1,18,6.8
2025-10-18T20:00,17.2,94,16.2,0,874.1,72,24140,1.8,143,4
2025-10-18T21:00,17,93,15.8,0,874.2,40,24140,3.6,143,6.8
2025-10-18T22:00,16.6,92,15.3,0,874,33,24140,4.1,128,7.6
2025-10-18T23:00,16,91,14.5,0,873.6,37,24140,5.6,117,7.6
2025-10-19T00:00,15.3,93,14.2,0,873,23,24140,5.8,112,11.5
2025-10-19T01:00,15,92,13.7,0,872.8,41,24140,6.5,109,13
2025-10-19T02:00,14.8,92,13.5,0,872.8,64,24140,6.5,109,13
2025-10-19T03:00,14.7,91,13.3,0,873,55,24140,6.2,111,13
2025-10-19T04:00,14.5,89,12.7,0,872.8,18,24140,6.2,111,13
2025-10-19T05:00,14.1,88,12.1,0,873.4,22,24140,5.8,112,12.2
2025-10-19T06:00,14.2,85,11.7,0,873.9,24,24140,6,107,12.6
2025-10-19T07:00,16.7,81,13.4,0,875.6,3,24140,5.1,98,12.6
2025-10-19T08:00,19.3,75,14.8,0,876.7,22,24140,4,90,12.2
2025-10-19T09:00,21.3,66,14.7,0,877.3,20,24140,1.6,117,11.2
2025-10-19T10:00,23,54,13.2,0,877.1,14,24140,1.6,207,9
2025-10-19T11:00,24.5,46,12.1,0,876.8,63,24140,5.7,252,11.9
2025-10-19T12:00,24.9,43,11.5,0,875.6,82,24140,8,260,19.1
2025-10-19T13:00,23.9,52,13.5,0,874.8,68,24140,10.4,284,23.8
2025-10-19T14:00,21.8,70,16.1,0.4,873.9,78,24140,11.2,291,25.6
2025-10-19T15:00,21.9,68,15.7,0.3,873.7,66,24140,7.2,297,25.6
2025-10-19T16:00,21.4,67,15,0.1,873.1,40,24140,6.9,279,16.2
2025-10-19T17:00,19.4,80,15.8,0,873,36,24140,5.6,297,16.6
2025-10-19T18:00,18.2,88,16.1,0,872.9,31,24140,4.3,275,12.2
2025-10-19T19:00,17.6,91,16.1,0,873.4,32,24140,1.9,248,9.4
2025-10-19T20:00,17.3,91,15.8,0,873.6,25,24140,1.4,180,5
2025-10-19T21:00,17,91,15.5,0,873.7,12,24140,1.8,127,2.9
2025-10-19T22:00,16.7,90,15.1,0,873.6,0,24140,2.4,117,3.6
2025-10-19T23:00,16.2,88,14.2,0,873.5,0,24140,3,104,4.7
2025-10-20T00:00,15.4,89,13.6,0,873.2,0,24140,5.2,124,9.4
2025-10-20T01:00,14.6,90,13,0,872.7,0,24140,5.6,117,11.2
2025-10-20T02:00,14.2,91,12.7,0,872.5,0,24140,5.6,117,11.5
2025-10-20T03:00,13.8,93,12.7,0,872.5,16,24140,5.5,113,11.2
2025-10-20T04:00,13.5,93,12.4,0,872.5,21,24140,5.6,117,11.5
2025-10-20T05:00,13,93,11.9,0,873.2,22,24140,5.5,113,11.9
2025-10-20T06:00,13.2,91,11.7,0,873.6,6,24140,6,115,11.9
2025-10-20T07:00,16.1,83,13.2,0,875.2,0,24140,5,111,11.9
2025-10-20T08:00,20,66,13.5,0,876.9,0,24140,1,135,10.1
2025-10-20T09:00,21.5,58,12.9,0,877.4,0,24140,3.2,270,10.8
2025-10-20T10:00,22.7,55,13.2,0,877.3,32,24140,6.9,279,17.6
2025-10-20T11:00,24.1,47,12.1,0,877.2,70,24140,6.5,276,22.7
2025-10-20T12:00,24.2,49,12.8,0,876,40,24140,9.3,283,22
2025-10-20T13:00,24.1,49,12.7,0,875.1,76,24140,10.5,297,25.2
2025-10-20T14:00,23.8,51,13,0,874.9,93,24140,10.3,295,26.3
2025-10-20T15:00,22.9,55,13.4,0,874.4,80,24140,9.8,298,25.2
2025-10-20T16:00,22,59,13.6,0,874.2,38,24140,8.9,302,23
2025-10-20T17:00,20.2,69,14.3,0,874.1,31,24140,7.2,297,20.2
2025-10-20T18:00,18.8,76,14.5,0,874.2,8,24140,5,291,14
2025-10-20T19:00,17.7,80,14.2,0,874.6,0,24140,2.9,300,9.7
2025-10-20T20:00,17.3,80,13.8,0,874.7,0,24140,0.8,333,5.4
2025-10-20T21:00,17.1,80,13.6,0,874.8,0,24140,1.5,104,1.8
2025-10-20T22:00,16.9,80,13.4,0,874.6,0,24140,3,104,4
2025-10-20T23:00,16.1,83,13.2,0,874.8,0,24140,3.7,101,5.8
2025-10-21T00:00,15.4,85,12.9,0,874.3,0,24140,4.5,119,8.6
2025-10-21T01:00,14.6,87,12.4,0,873.9,0,24140,5.3,118,10.8
2025-10-21T02:00,14,89,12.2,0,873.7,0,24140,5.2,124,11.2
2025-10-21T03:00,13.5,91,12,0,873.5,0,24140,5.1,129,10.8
2025-10-21T04:00,13.1,92,11.8,0,873.6,9,24140,5.2,124,10.8
2025-10-21T05:00,13.1,93,12,0,874.4,27,24140,3.1,144,10.8
2025-10-21T06:00,13.4,91,12,0,874.8,3,24140,5,111,10.4
2025-10-21T07:00,16.7,81,13.4,0,876.3,0,24140,3.7,101,10.8
2025-10-21T08:00,20.1,62,12.6,0,877.9,0,24140,1.5,76,8.3
2025-10-21T09:00,21.9,54,12.1,0,878.6,2,24140,2.1,329,8.6
2025-10-21T10:00,23.3,49,12,0,878.3,11,24140,3.1,315,11.2
2025-10-21T11:00,24.8,44,11.7,0,877.4,26,24140,1.8,307,13.3
2025-10-21T12:00,25.7,40,11.1,0,876.5,58,24140,3.8,319,11.9
2025-10-21T13:00,25.9,40,11.2,0,875.8,76,24140,6.9,321,17.6
2025-10-21T14:00,25.5,43,12,0,875.4,71,24140,8.2,319,19.1
2025-10-21T15:00,24.1,51,13.4,0,875,12,24140,8.9,310,21.6
2025-10-21T16:00,22.6,54,12.8,0,874.9,15,24140,8.9,302,21.6
2025-10-21T17:00,20.8,62,13.2,0,875,0,24140,6.5,304,20.2
2025-10-21T18:00,19.2,70,13.6,0,875.1,3,24140,4.4,305,13
2025-10-21T19:00,18.3,75,13.8,0,875.1,3,24140,1.5,315,8.6
2025-10-21T20:00,17.9,75,13.4,0,875.3,0,24140,0.8,117,2.5
2025-10-21T21:00,17.7,76,13.4,0,875.2,6,24140,2.6,124,3.2
2025-10-21T22:00,17.4,78,13.5,0,875.2,13,24140,3.1,111,4
2025-10-21T23:00,15.9,85,13.4,0,874.5,23,24140,4.6,108,6.5
2025-10-22T00:00,15.3,88,13.3,0,874.3,58,24140,5.4,98,10.8
2025-10-22T01:00,15.3,88,13.3,0,874.4,14,24140,5.2,115,12.2
2025-10-22T02:00,15,88,13,0,874.3,82,24140,5.5,113,11.2
2025-10-22T03:00,15.1,86,12.8,0,874.5,92,24140,5.3,118,11.5
2025-10-22T04:00,15,85,12.5,0,874.4,100,24140,5.2,115,10.8
2025-10-22T05:00,14.7,85,12.2,0,874.8,91,24140,4.4,125,10.4
2025-10-22T06:00,15.2,84,12.5,0,875,93,24140,5.5,113,11.2
2025-10-22T07:00,17.8,77,13.7,0,876.2,90,24140,5.1,98,11.2
2025-10-22T08:00,20.6,64,13.6,0,877.5,92,24140,4.1,75,11.2
2025-10-22T09:00,22.1,58,13.5,0,878,97,24140,2.3,51,10.4
2025-10-22T10:00,23.6,51,12.9,0,877.9,82,24140,2,315,9
2025-10-22T11:00,24.3,45,11.6,0,877.1,86,24140,3.7,299,13.3
2025-10-22T12:00,25.3,41,11.1,0,876,81,24140,5.7,305,14.8
2025-10-22T13:00,25.5,42,11.7,0,875.5,75,24140,7.9,309,19.8
2025-10-22T14:00,24.7,48,12.9,0,874.8,71,19640,8.4,310,21.2
2025-10-22T15:00,23,56,13.8,0.2,874.5,70,19520,8.9,302,21.2
2025-10-22T16:00,22.1,61,14.2,0,874.4,40,20620,8.2,285,21.2
2025-10-22T17:00,20.9,67,14.5,0,874.5,50,24140,6.6,279,19.4
2025-10-22T18:00,19.5,74,14.8,0,874.4,45,24140,5.1,274,13.7
2025-10-22T19:00,18.6,79,14.9,0,874.7,35,24140,4,280,10.4
2025-10-22T20:00,18.2,82,15,0,875.2,39,24140,1.5,284,7.9
2025-10-22T21:00,17.9,82,14.8,0,875.4,42,24140,1.1,90,2.5
2025-10-22T22:00,17.7,83,14.8,0,875.6,33,24140,2.2,99,2.5
2025-10-22T23:00,16.9,85,14.3,0,875,0,24140,2.3,51,4.3
2025-10-23T00:00,16.5,87,14.3,0,874.6,0,24140,1.4,90,4
2025-10-23T01:00,16.1,89,14.3,0,874.1,0,24140,3.2,153,4.7
2025-10-23T02:00,15.1,93,13.9,0,873.5,0,24140,3.9,158,7.6
2025-10-23T03:00,14.4,94,13.4,0,873.3,17,24140,4.4,125,8.3
2025-10-23T04:00,14.1,92,12.8,0,873.1,4,24140,4.2,121,9
2025-10-23T05:00,13.6,98,13.3,0,873.3,53,24140,3.3,174,10.1
2025-10-23T06:00,13.3,99,13.2,0,873.5,62,24140,4.1,142,8.6
2025-10-23T07:00,16.6,87,14.4,0,875.3,0,24140,3.7,101,9.7
2025-10-23T08:00,19.9,73,14.9,0,876.8,39,24140,1.1,72,8.6
2025-10-23T09:00,21.9,61,14.1,0,877.5,50,24140,0.7,270,7.2
2025-10-23T10:00,23.4,52,13,0,877.4,53,24140,3.2,270,11.2
2025-10-23T11:00,24.8,44,11.7,0,876.9,58,24140,5.8,266,20.9
2025-10-23T12:00,24.8,48,13.1,0,875.9,42,24140,8.7,277,21.6
2025-10-23T13:00,23.3,60,15.1,0.4,874.8,66,24140,9.6,283,23.8
2025-10-23T14:00,22.7,62,15.1,0.2,874.6,89,24140,9.2,281,23
2025-10-23T15:00,21.4,63,14,0.4,874.3,71,24140,3.4,302,21.6
2025-10-23T16:00,20.6,65,13.8,0.1,874.1,45,24140,5.4,307,13
2025-10-23T17:00,19.5,69,13.7,0.2,873.6,75,24140,5.2,295,14.4
2025-10-23T18:00,18.8,73,13.8,0,874.2,40,24140,3.8,319,11.5
2025-10-23T19:00,17.7,81,14.4,0,874.7,46,24140,2.9,330,8.3
2025-10-23T20:00,17.3,84,14.5,0,875.1,48,24140,0.4,360,6.5
2025-10-23T21:00,17.1,85,14.5,0,875.3,36,24140,1.8,180,2.5
2025-10-23T22:00,16.4,88,14.4,0,874.9,30,24140,2.3,162,4
2025-10-23T23:00,16.7,85,14.1,0,874.9,43,24140,1.1,108,5.4
2025-10-24T00:00,16.3,86,14,0,874.5,43,24140,1.3,146,2.9
2025-10-24T01:00,15.9,88,13.9,0,874.1,51,24140,1.4,180,2.9
2025-10-24T02:00,15.5,91,14,0,873.8,56,24140,2.5,172,4.7
2025-10-24T03:00,15,93,13.8,0,873.4,44,24140,3.9,146,7.6
2025-10-24T04:00,14.3,91,12.8,0,873,32,24140,4.8,138,10.1
2025-10-24T05:00,14.2,100,14.2,0,873.2,73,24140,3.2,180,10.4
2025-10-24T06:00,13.6,100,13.6,0,873.6,76,24140,4,153,9.7
2025-10-24T07:00,15.5,92,14.2,0,874.7,50,24140,4,153,10.4
2025-10-24T08:00,18.9,79,15.1,0,876.4,18,24140,2.9,210,10.8
2025-10-24T09:00,21.5,57,12.6,0,877,0,24140,3.2,243,12.2
2025-10-24T10:00,23.4,45,10.8,0,877.1,0,24140,5.4,270,15.8
2025-10-24T11:00,24.5,40,10,0,876.2,0,24140,8,278,23.8
2025-10-24T12:00,24.8,38,9.5,0,875.5,0,24140,11.7,281,29.2
2025-10-24T13:00,24.4,40,9.9,0,874.6,0,24140,14,293,34.2
2025-10-24T14:00,23.8,46,11.5,0,874.2,0,24140,14.2,294,36
2025-10-24T15:00,22.8,52,12.5,0,873.5,10,20900,11.5,284,34.6
2025-10-24T16:00,21.6,56,12.5,0,873.3,32,24140,9.5,281,28.1
2025-10-24T17:00,19.9,63,12.7,0,873.2,34,24140,8.5,282,22.7
2025-10-24T18:00,18.8,71,13.4,0,873.5,47,24140,7.1,285,19.1
2025-10-24T19:00,18,76,13.7,0,873.8,51,24140,5.7,288,15.5
2025-10-24T20:00,17.1,82,14,0,873.8,58,24140,3.2,270,13
2025-10-24T21:00,16.4,86,14.1,0,873.9,60,24140,2.8,230,7.9
2025-10-24T22:00,15.9,88,13.9,0,873.7,60,24140,2.6,196,6.1
2025-10-24T23:00,15.8,89,14,0,874.1,62,24140,2.5,225,5.4
2025-10-25T00:00,15.2,90,13.5,0,873.5,56,24140,3.3,186,6.1
2025-10-25T01:00,14.7,91,13.2,0,872.9,46,24140,3.2,153,6.5
2025-10-25T02:00,14.3,92,13,0,872.7,35,24140,3.7,151,7.9
2025-10-25T03:00,13.9,94,12.9,0,872.4,30,24140,4.2,149,8.6
2025-10-25T04:00,13.5,94,12.6,0,872.2,29,24140,4.9,144,10.1
2025-10-25T05:00,13.1,97,12.7,0,873,45,24140,3.1,159,10.1
2025-10-25T06:00,13,97,12.5,0,873.5,48,24140,3.3,139,7.6
2025-10-25T07:00,15.5,89,13.7,0,875,40,24140,2.1,149,7.9
2025-10-25T08:00,18.4,76,14.1,0,876.1,40,24140,2.6,286,9.4
2025-10-25T09:00,20.3,64,13.3,0,876.5,51,24140,5.1,274,14.4
2025-10-25T10:00,21.8,56,12.7,0,876.5,34,24140,7.6,275,19.4
2025-10-25T11:00,23.1,47,11.1,0,875.9,67,24140,7.3,279,23
2025-10-25T12:00,23.5,45,10.9,0,875,69,24140,9.6,283,24.1
2025-10-25T13:00,23.4,44,10.5,0,874.4,63,24140,11.3,297,27.7
2025-10-25T14:00,23.3,44,10.4,0,873.8,41,24140,11.8,310,28.4
2025-10-25T15:00,22.5,46,10.3,0,873.5,78,13480,12,279,28.8
2025-10-25T16:00,21,56,11.9,0,873.1,70,23700,11.2,268,28.8
2025-10-25T17:00,19.6,65,12.8,0,873.3,65,24140,8.6,272,25.6
2025-10-25T18:00,18.4,71,13,0,873.6,63,24140,6.9,276,18.4
2025-10-25T19:00,17.7,73,12.8,0,874.4,55,24140,5.2,282,15.1
2025-10-25T20:00,16.8,78,12.9,0,874.3,35,24140,2.2,279,10.8
2025-10-25T21:00,16.4,79,12.8,0,874.4,28,24140,1.1,198,5
2025-10-25T22:00,16.1,79,12.4,0,874.4,33,24140,2.7,157,4.3
2025-10-25T23:00,15.8,80,12.3,0,874.6,37,24140,2.1,149,6.1
2025-10-26T00:00,15.1,82,12,0,874.2,50,24140,2.8,130,5.4
2025-10-26T01:00,14.5,83,11.7,0,873.7,54,24140,3.3,139,6.1
2025-10-26T02:00,14.1,84,11.5,0,873.7,44,24140,3.2,153,6.1
2025-10-26T03:00,13.7,84,11,0,873.5,34,24140,3.5,156,6.8
2025-10-26T04:00,13.2,85,10.8,0,873.3,33,24140,4,153,7.9
2025-10-26T05:00,12.9,94,12,0,873.4,45,24140,4.1,195,8.6
2025-10-26T06:00,13,94,12.1,0,873.9,53,24140,2.8,140,7.9
2025-10-26T07:00,15.5,86,13.2,0,875,51,24140,0.7,180,5.4
2025-10-26T08:00,18.4,76,14.1,0,876.5,25,24140,5.8,270,14.8
2025-10-26T09:00,20.5,59,12.2,0,877.1,25,24140,6.1,273,16.6
2025-10-26T10:00,22.3,47,10.5,0,876.8,4,24140,7.2,270,19.1
2025-10-26T11:00,23.2,40,8.9,0,876.4,0,24140,9.1,279,23
2025-10-26T12:00,23.8,38,8.6,0,875.4,0,24140,10.3,282,26.3
2025-10-26T13:00,23.7,37,8.2,0,874.9,0,24140,12.9,293,32.4
2025-10-26T14:00,23.4,36,7.5,0,874.4,0,24140,13,298,32.8
2025-10-26T15:00,22.8,36,6.9,0,874,0,24140,10.5,301,32.4
2025-10-26T16:00,21.5,40,7.3,0,873.2,0,24140,8.9,302,25.9
2025-10-26T17:00,19.4,55,10.1,0,873.7,0,24140,6.9,298,20.5
2025-10-26T18:00,17.6,63,10.4,0,873.3,0,24140,4.8,297,14
2025-10-26T19:00,16.7,68,10.7,0,874,0,24140,2.5,315,9.4
2025-10-26T20:00,16.4,69,10.7,0,874.6,4,24140,0.7,90,4.7
2025-10-26T21:00,16.2,69,10.5,0,875,0,24140,1.8,101,2.2
2025-10-26T22:00,15.9,69,10.2,0,874.9,0,24140,3,104,3.2
2025-10-26T23:00,15.6,69,9.9,0,875,0,24140,1.9,112,6.5
2025-10-27T00:00,15.1,71,9.9,0,874.5,46,24140,3.2,117,3.6
2025-10-27T01:00,14.6,73,9.8,0,874,97,24140,3.9,112,6.1
2025-10-27T02:00,13.9,75,9.5,0,874,100,24140,4.4,125,7.9
2025-10-27T03:00,13.5,76,9.3,0,873.8,100,24140,5.4,132,10.4
2025-10-27T04:00,13,76,8.8,0,873.5,97,24140,6.3,114,12.6
2025-10-27T05:00,12.5,84,9.8,0,873.7,100,24140,4.5,119,13.7
2025-10-27T06:00,12.6,81,9.4,0,873.9,84,24140,5.4,138,11.2
2025-10-27T07:00,15.1,72,10.1,0,875.5,93,24140,4.5,104,11.5
2025-10-27T08:00,19,56,10,0,877.6,100,24140,2.6,106,10.1
2025-10-27T09:00,20.7,47,9,0,878.4,63,24140,2.9,90,10.1
2025-10-27T10:00,21.9,44,9.1,0,878.1,100,24140,0.7,180,10.1
2025-10-27T11:00,22,45,9.5,0,877.3,100,24140,2.3,252,10.8
2025-10-27T12:00,22.4,45,9.9,0,876.3,100,24140,4,275,11.5
2025-10-27T13:00,22,48,10.5,0,875.6,100,24140,5,291,13.7
2025-10-27T14:00,21.5,51,11,0,875.3,100,24140,5.5,302,14
2025-10-27T15:00,20.7,58,12.2,0,874.8,100,24140,4.6,309,14.4
2025-10-27T16:00,19.8,66,13.2,0,874.5,100,24140,5.1,309,12.6
2025-10-27T17:00,18.9,73,13.9,0,874.7,100,24140,4.2,301,12.2
2025-10-27T18:00,17.9,80,14.4,0,874.9,100,24140,2.8,310,9.4
2025-10-27T19:00,17.2,85,14.7,0,875.5,100,24140,2.6,326,7.9
2025-10-27T20:00,16.9,87,14.7,0,876,100,24140,1.8,37,6.8
2025-10-27T21:00,16.8,87,14.6,0,876.2,100,24140,1.6,27,5.4
2025-10-27T22:00,16.7,85,14.1,0,876.1,100,24140,3.2,90,7.2
2025-10-27T23:00,15.9,89,14.1,0,875,100,24140,3.3,96,6.8
2025-10-28T00:00,15.9,89,14.1,0,874.8,100,24140,3.4,148,7.6
2025-10-28T01:00,15.6,89,13.8,0,874.1,100,24140,4.2,110,9
2025-10-28T02:00,15.5,87,13.4,0,874,100,24140,5.1,86,10.8
2025-10-28T03:00,15.6,83,12.7,0,873.5,100,24140,3.6,84,10.8
2025-10-28T04:00,15.2,84,12.5,0,873.2,100,24140,3.7,119,8.6
2025-10-28T05:00,14.9,91,13.4,0,874.2,79,24140,2.9,150,7.6
2025-10-28T06:00,14.7,91,13.3,0,874.4,81,24140,2.9,150,5.8
2025-10-28T07:00,15.8,84,13.1,0,875.4,93,24140,2.9,120,7.6
2025-10-28T08:00,17.8,71,12.4,0,876.7,95,24140,3.2,117,9.7
2025-10-28T09:00,18.8,55,9.5,0,877.4,90,24140,5,111,14.4
2025-10-28T10:00,19,50,8.4,0,877.3,93,24140,3.9,112,14.4
2025-10-28T11:00,19.3,49,8.3,0,876.5,97,24140,0.8,333,13
2025-10-28T12:00,19.2,50,8.5,0,875.5,93,24140,2.8,310,9.4
2025-10-28T13:00,18.7,57,10,0,874.6,99,24140,3.4,328,11.5
2025-10-28T14:00,18.5,65,11.8,0,874.6,97,24140,5.8,353,15.5
2025-10-28T15:00,18.4,67,12.2,0,874.5,96,24140,6.1,357,16.9
2025-10-28T16:00,17.9,64,11,0,874.6,97,24140,5.6,333,16.2
2025-10-28T17:00,17,69,11.3,0,875,100,24140,3.5,336,14
2025-10-28T18:00,16.6,72,11.5,0,874.7,100,24140,1.6,297,8.6
2025-10-28T19:00,16.4,75,12,0,874.8,99,24140,1.3,146,4.7
2025-10-28T20:00,16.4,72,11.3,0,875.2,100,24140,3.2,117,7.9
2025-10-28T21:00,15.9,71,10.7,0,875,100,24140,3.8,107,9
2025-10-28T22:00,15.7,70,10.2,0,874.9,100,24140,2.9,90,9
2025-10-28T23:00,15,73,10.2,0,875.1,100,24140,2.8,140,7.2
2025-10-29T00:00,14.9,72,9.9,0,874.4,100,24140,3,166,7.6
2025-10-29T01:00,15.1,68,9.2,0,874.1,100,24140,3.3,131,7.9
2025-10-29T02:00,15.3,66,9,0,874,100,24140,3.6,143,8.3
2025-10-29T03:00,15.4,64,8.6,0,873.6,100,24140,3.1,159,7.9
2025-10-29T04:00,15.3,62,8.1,0,873.5,100,24140,3.7,169,8.6
2025-10-29T05:00,14.9,66,8.6,0,873.5,100,24140,4,170,11.5
2025-10-29T06:00,14.8,66,8.5,0,873.6,100,24140,4.6,135,10.1
2025-10-29T07:00,16.6,63,9.5,0,874.3,98,24140,5.6,105,12.2
2025-10-29T08:00,19.5,56,10.5,0,876.4,100,24140,3.1,21,11.5
2025-10-29T09:00,21.1,54,11.4,0,876.7,95,24140,1.6,297,9.4
2025-10-29T10:00,22.1,52,11.8,0,876.7,100,24140,1.8,259,8.3
2025-10-29T11:00,22.9,48,11.3,0,875.8,100,24140,3.6,276,11.2
2025-10-29T12:00,23.2,49,11.9,0,875.1,100,24140,5.6,285,14
2025-10-29T13:00,22.5,53,12.4,0,874,100,24140,6.8,302,16.6
2025-10-29T14:00,21.6,58,13,0,873.5,100,24140,7.7,307,18.7
2025-10-29T15:00,21.2,60,13.1,0,873.3,86,24140,6.4,317,18
2025-10-29T16:00,20.4,63,13.1,0,872.5,91,24140,4.6,321,15.5
2025-10-29T17:00,18.5,69,12.7,0,873.1,100,24140,4.2,301,10.4
2025-10-29T18:00,17.3,78,13.4,0,873.1,100,24140,1.3,304,7.2
2025-10-29T19:00,16.7,80,13.3,0,873.8,100,24140,2.6,74,5
2025-10-29T20:00,16.8,78,12.9,0,874.2,100,24140,4.4,99,9
2025-10-29T21:00,16.8,76,12.6,0,874.6,100,24140,5.4,98,10.8
2025-10-29T22:00,16.9,76,12.6,0,874.7,100,24140,5.1,98,11.2
2025-10-29T23:00,15.4,79,11.8,0,874.2,96,24140,5.8,120,11.2
2025-10-30T00:00,15.4,80,12,0,873.7,92,24140,5.5,101,11.2
2025-10-30T01:00,15.2,81,11.9,0,873.5,93,24140,5.5,113,11.5
2025-10-30T02:00,15.1,81,11.9,0,873.5,99,24140,5.8,97,11.5
2025-10-30T03:00,14.8,81,11.6,0,873.3,64,24140,5.4,98,11.5
2025-10-30T04:00,13.9,84,11.3,0,873,48,24140,6.1,93,12.2
2025-10-30T05:00,13.4,86,11.1,0,873.4,90,24140,6.5,96,13.7
2025-10-30T06:00,13.4,84,10.7,0,874.1,65,24140,6.5,96,13.3
2025-10-30T07:00,16.2,71,10.9,0,875.7,93,24140,6.6,99,14.4
2025-10-30T08:00,18.2,58,9.8,0,876.8,99,24140,6.5,90,16.6
2025-10-30T09:00,19.7,52,9.5,0,877.5,100,24140,6.1,93,17.3
2025-10-30T10:00,19.8,52,9.7,0,876.6,100,24140,5.1,86,16.2
2025-10-30T11:00,20.2,52,10,0,876.3,100,6040,6.5,96,14
2025-10-30T12:00,19.6,57,10.9,0.1,875.2,100,2740,5.1,82,15.8
2025-10-30T13:00,20,57,11.2,0,874.8,83,23660,2.9,90,13.7
2025-10-30T14:00,20.1,56,11.1,0,874.2,100,24140,0.8,207,9.7
2025-10-30T15:00,19.5,60,11.5,0,873.4,85,23340,2.9,263,9
2025-10-30T16:00,18.9,65,12.1,0,873.1,87,24140,2.2,189,9
2025-10-30T17:00,18.7,58,10.3,0,873.7,100,24140,2.8,130,10.4
2025-10-30T18:00,18,63,10.8,0,873.8,100,24140,2.5,90,6.8
2025-10-30T19:00,17.2,68,11.3,0,874.3,96,24140,3,76,7.2
2025-10-30T20:00,16.7,69,11,0,874.5,99,15580,5.4,90,11.9
2025-10-30T21:00,16.9,63,9.8,0,874.4,100,17920,7,111,15.5
2025-10-30T22:00,16.9,61,9.3,0,874.2,100,20240,7,102,17.6
2025-10-30T23:00,15.9,76,11.6,0,874.1,100,17420,7.8,112,16.2
2025-10-31T00:00,15.5,79,11.8,0.2,873.6,100,5320,8,95,18
2025-10-31T01:00,14.7,87,12.5,0.9,873.1,100,9940,7.2,87,18.4
2025-10-31T02:00,14.5,91,13.1,1.5,872.6,100,4300,6.5,84,17.6
2025-10-31T03:00,14.8,92,13.5,1.3,872.1,100,7160,7,102,16.2
2025-10-31T04:00,15.1,93,13.9,1.2,871.9,100,3380,7.7,101,19.1
2025-10-31T05:00,15.4,91,14,0.9,872,100,3640,8.3,95,20.5
2025-10-31T06:00,15.7,90,14,0.1,872.6,100,2960,8.7,95,19.8
2025-10-31T07:00,16,88,14,0.1,873.2,100,5000,8.9,104,21.2
2025-10-31T08:00,16.4,88,14.4,0.2,873.6,99,7360,7.9,93,22
2025-10-31T09:00,17,86,14.7,0.1,873.8,100,6660,6.9,84,19.4
2025-10-31T10:00,17.3,87,15.1,0.3,873.1,100,4380,5.4,110,17.3
2025-10-31T11:00,17.8,86,15.4,1.3,872.3,100,5700,5.2,115,14.8
2025-10-31T12:00,17.8,87,15.6,0.8,871.2,100,6840,5.4,98,15.1
2025-10-31T13:00,17.5,90,15.8,1.2,870.6,99,4580,6.5,93,16.9
2025-10-31T14:00,17.3,91,15.8,1.2,870.1,100,3520,6.2,100,17.3
2025-10-31T15:00,17,92,15.7,1,869.9,99,8380,3.3,96,15.5
2025-10-31T16:00,16.8,94,15.8,1.8,870.1,100,18840,1,45,9.7
2025-10-31T17:00,16.3,94,15.3,1.9,871,100,24140,4.3,95,7.6
2025-10-31T18:00,16.2,95,15.4,0.5,871.1,100,24140,4.4,81,10.8
2025-10-31T19:00,16.2,94,15.2,0.6,872.2,100,24140,4.7,90,11.2
2025-10-31T20:00,16.1,95,15.3,1.1,872.1,100,24140,4.1,75,11.5
2025-10-31T21:00,16.1,94,15.2,0.8,872,100,16480,4,85,10.4
2025-10-31T22:00,16.1,94,15.2,0.6,871.6,100,24140,2.3,108,9
2025-10-31T23:00,16.1,91,14.6,0.8,872.2,98,24140,2.9,97,5.8
2025-11-01T00:00,16,92,14.7,1.3,871.7,100,24140,3.3,131,6.5
2025-11-01T01:00,15.8,94,14.8,1.4,871.2,98,15320,2.6,146,6.8
2025-11-01T02:00,15.6,97,15.1,1.2,870.9,97,13520,2.5,262,5.4
2025-11-01T03:00,15.4,96,14.7,1.2,870.8,100,24140,4.3,294,9
2025-11-01T04:00,15.2,97,14.7,1.6,870.5,99,24140,2.2,279,8.6
2025-11-01T05:00,15,96,14.4,1.3,871.2,95,18720,3.3,131,7.9
2025-11-01T06:00,15.1,96,14.5,0,871.4,85,23700,1.4,90,5.4
2025-11-01T07:00,16,92,14.7,0,872.2,93,23600,1.9,158,5.4
2025-11-01T08:00,17,89,15.1,0,873.1,90,23920,2.4,207,7.6
2025-11-01T09:00,18.7,83,15.7,0,873.9,73,6420,2.9,240,9.4
2025-11-01T10:00,19.7,78,15.7,0,873.4,89,2340,5.4,270,13.3
2025-11-01T11:00,19.9,77,15.7,0,873.4,87,1420,7.2,273,19.1
2025-11-01T12:00,19.8,78,15.8,0,872.3,88,1860,8.4,280,19.8
2025-11-01T13:00,19.4,82,16.2,0.2,872,86,100,8.7,287,21.2
2025-11-01T14:00,19.1,83,16.2,0.2,871.7,87,60,8.1,283,21.2
2025-11-01T15:00,18.8,85,16.2,0.2,871.4,84,40,7.8,283,19.8
2025-11-01T16:00,18.1,89,16.2,0,871.1,83,40,7.1,285,19.4
2025-11-01T17:00,17,94,16,0,871.7,91,60,5.6,285,16.9
2025-11-01T18:00,16.6,97,16.1,0,871.7,93,80,4.8,283,13.7
2025-11-01T19:00,16.4,98,16.1,0,872.1,93,160,4.8,283,11.9
2025-11-01T20:00,16.3,98,16,0,872,91,360,3.3,276,10.4
2025-11-01T21:00,16.2,98,15.9,0,872.3,88,1280,2.1,301,7.9
2025-11-01T22:00,16,99,15.9,0,872,90,11380,1.6,297,5.8
2025-11-01T23:00,15.7,100,15.7,0,871.9,93,8960,2.2,279,5.8
2025-11-02T00:00,15.5,100,15.5,0,871.2,95,6040,2.1,239,5.8
2025-11-02T01:00,15.3,100,15.3,0,871.1,94,5980,1.1,252,5.4
2025-11-02T02:00,15.2,100,15.2,0,871,96,2100,1.3,236,4
2025-11-02T03:00,15,100,15,0,871,94,2840,0.8,243,4
2025-11-02T04:00,15,100,15,0,870.7,96,2840,1.3,236,4
2025-11-02T05:00,14.9,100,14.9,0,870.7,91,4760,1.1,180,4
2025-11-02T06:00,14.9,100,14.9,0,870.9,98,23040,2.2,180,4.3
2025-11-02T07:00,15.6,98,15.3,0,871.8,97,8920,0.4,270,4.3
2025-11-02T08:00,17.1,89,15.2,0,873,75,10200,2.5,278,7.2
2025-11-02T09:00,18.6,81,15.2,0,873.6,77,8100,3.3,264,9.4
2025-11-02T10:00,19.9,74,15.1,0,873.8,72,6580,3.6,264,10.8
2025-11-02T11:00,20.6,69,14.7,0,873.1,68,24140,2.3,252,11.5
2025-11-02T12:00,21.3,65,14.5,0,872.5,81,19800,5.7,252,14.4
2025-11-02T13:00,20.8,67,14.4,0,872,92,20040,9,270,21.2
2025-11-02T14:00,19.1,80,15.6,0.2,871.8,84,10360,8.7,275,22.7
2025-11-02T15:00,17.8,86,15.4,0.3,871.4,88,22840,7.4,284,20.9
2025-11-02T16:00,17.2,89,15.3,0.1,871,86,23600,6.9,298,17.6
2025-11-02T17:00,16.6,94,15.6,0,870.9,66,20420,5,291,16.2
2025-11-02T18:00,16.1,97,15.6,0,870.9,72,21780,4.9,287,11.5
2025-11-02T19:00,16,98,15.7,0,871.2,73,24140,4.6,288,11.2
2025-11-02T20:00,15.9,98,15.6,0,871.4,76,24140,4,280,10.1
2025-11-02T21:00,15.7,98,15.4,0,871.2,82,24140,3.7,281,9
2025-11-02T22:00,15.4,99,15.2,0,871,83,24140,3,284,7.9
2025-11-02T23:00,15.1,100,15.1,0,870.8,83,24140,2.2,180,6.1
2025-11-03T00:00,15.1,99,14.9,0,870.8,87,24140,1.1,162,5
2025-11-03T01:00,15,98,14.7,0,870.7,87,24140,1.1,108,2.9
2025-11-03T02:00,14.8,99,14.6,0,870.6,89,24140,0.5,135,2.2
2025-11-03T03:00,14.5,99,14.4,0,870.3,91,24140,0.7,180,1.4
2025-11-03T04:00,14.4,99,14.2,0,869.8,88,24140,1.8,180,3.2
2025-11-03T05:00,14.1,97,13.7,0,869.2,54,24140,1.8,143,3.6
2025-11-03T06:00,13.9,98,13.6,0,869.6,55,24140,2,135,4.7
2025-11-03T07:00,15,95,14.2,0,870.4,56,24140,1.6,153,4.3
2025-11-03T08:00,16.9,86,14.6,0,871.5,61,24140,1.9,202,6.8
2025-11-03T09:00,18.3,77,14.2,0,872.3,86,24140,2.3,288,7.9
2025-11-03T10:00,19.6,70,14,0,872.4,77,24140,2.6,286,9.4
2025-11-03T11:00,20.7,64,13.6,0,872.7,96,24100,1.4,180,9.7
2025-11-03T12:00,21.5,60,13.4,0,871.5,74,24120,2.1,211,9
2025-11-03T13:00,21.9,59,13.5,0,871.2,74,23700,3.3,257,9.7
2025-11-03T14:00,21.8,59,13.4,0,870.6,92,24140,4.7,274,11.9
2025-11-03T15:00,21.2,61,13.4,0,870.4,83,24140,6.5,276,15.1
2025-11-03T16:00,19.9,69,14.1,0,869.9,93,2800,6.8,273,15.8
2025-11-03T17:00,19,77,14.9,0.1,870.6,86,1400,5.1,266,15.8
2025-11-03T18:00,17.8,85,15.3,0.2,871,85,1640,4.4,261,11.2
2025-11-03T19:00,17.2,90,15.6,0,871.7,98,18020,3.3,264,9
2025-11-03T20:00,17,92,15.7,0,872.1,100,24140,2.1,239,7.2
2025-11-03T21:00,17,91,15.5,0,872.2,100,24140,2.2,180,6.1
2025-11-03T22:00,16.8,92,15.5,0,872.1,85,24140,1.6,153,6.1
2025-11-03T23:00,16.4,93,15.2,0,872,69,24140,3,104,4.3
